order_id,order_date,customer_id,category,product,region,city,channel,quantity,unit_price,discount,gross_sales,revenue,cost,payment_method,order_status,profit,profit_margin,month,year,quarter,is_completed,is_returned,is_cancelled
ORD000001,2024-02-13,CUST00593,Electronics,Wireless Headphones,East,Bhubaneswar,Website,4,17642.78,0.2,70571.12,56456.89,32561.68,Credit Card,Delivered,23895.21,0.4232,2024-02,2024,Q1,1,0,0
ORD000002,2024-11-26,CUST01205,Sports,Football,West,Ahmedabad,Website,1,5868.32,0.1,5868.32,5281.49,3318.99,Debit Card,Delivered,1962.5,0.3716,2024-11,2024,Q4,1,0,0
ORD000003,2025-03-30,CUST00021,Fashion,Running Shoes,West,Pune,Website,3,2198.94,0.0,6596.82,6596.82,4686.1,Debit Card,Delivered,1910.72,0.2896,2025-03,2025,Q1,1,0,0
ORD000004,2024-10-16,CUST00971,Electronics,Laptop Stand,West,Ahmedabad,Website,2,20893.85,0.1,41787.7,37608.93,24764.88,Credit Card,Cancelled,12844.05,0.3415,2024-10,2024,Q4,0,0,1
ORD000005,2024-02-27,CUST01122,Fashion,T-Shirt,South,Bengaluru,Mobile App,3,2864.17,0.1,8592.52,7733.27,4488.78,Credit Card,Delivered,3244.49,0.4195,2024-02,2024,Q1,1,0,0
ORD000006,2025-02-10,CUST00792,Fashion,Running Shoes,South,Chennai,Mobile App,5,3813.32,0.1,19066.62,17159.96,11209.0,Debit Card,Delivered,5950.96,0.3468,2025-02,2025,Q1,1,0,0
ORD000007,2024-06-15,CUST00150,Fashion,Backpack,East,Kolkata,Website,1,5446.63,0.0,5446.63,5446.63,3456.62,Net Banking,Delivered,1990.01,0.3654,2024-06,2024,Q2,1,0,0
ORD000008,2024-10-11,CUST01534,Fashion,Backpack,West,Pune,Website,5,3528.86,0.0,17644.32,17644.32,14522.33,Net Banking,Delivered,3121.99,0.1769,2024-10,2024,Q4,1,0,0
ORD000009,2024-02-17,CUST00149,Home & Kitchen,Air Fryer,East,Patna,Marketplace,2,6241.0,0.1,12482.0,11233.8,8003.43,UPI,Delivered,3230.37,0.2876,2024-02,2024,Q1,1,0,0
ORD000010,2024-05-13,CUST01261,Sports,Yoga Mat,Central,Bhopal,Mobile App,3,4787.45,0.1,14362.34,12926.11,10515.7,Cash on Delivery,Delivered,2410.41,0.1865,2024-05,2024,Q2,1,0,0
ORD000011,2024-03-14,CUST00645,Beauty,Moisturizer,West,Mumbai,Website,1,389.6,0.1,389.6,350.64,278.5,Cash on Delivery,Delivered,72.14,0.2057,2024-03,2024,Q1,1,0,0
ORD000012,2025-03-23,CUST00206,Fashion,Backpack,West,Pune,Mobile App,3,470.14,0.0,1410.41,1410.41,983.8,Credit Card,Delivered,426.61,0.3025,2025-03,2025,Q1,1,0,0
ORD000013,2025-03-01,CUST00510,Fashion,Sunglasses,South,Hyderabad,Mobile App,5,912.82,0.1,4564.09,4107.68,3213.39,Credit Card,Delivered,894.29,0.2177,2025-03,2025,Q1,1,0,0
ORD000014,2024-09-13,CUST01424,Sports,Resistance Bands,West,Ahmedabad,Mobile App,1,4726.08,0.15,4726.08,4017.17,3171.61,Credit Card,Delivered,845.56,0.2105,2024-09,2024,Q3,1,0,0
ORD000015,2024-01-02,CUST00565,Fashion,T-Shirt,North,Jaipur,Website,2,1425.92,0.0,2851.84,2851.84,1818.5,Net Banking,Delivered,1033.34,0.3623,2024-01,2024,Q1,1,0,0
ORD000016,2024-06-01,CUST00382,Sports,Dumbbells,East,Kolkata,Mobile App,4,1329.77,0.15,5319.07,4521.21,2962.94,Cash on Delivery,Delivered,1558.27,0.3447,2024-06,2024,Q2,1,0,0
ORD000017,2024-09-20,CUST01251,Fashion,Denim Jacket,South,Chennai,Mobile App,2,524.07,0.25,1048.14,786.11,416.44,Credit Card,Delivered,369.67,0.4703,2024-09,2024,Q3,1,0,0
ORD000018,2025-01-11,CUST01533,Electronics,Wireless Headphones,East,Bhubaneswar,Website,1,2737.04,0.2,2737.04,2189.63,1256.2,Net Banking,Returned,933.43,0.4263,2025-01,2025,Q1,0,1,0
ORD000019,2024-03-13,CUST01568,Fashion,Running Shoes,Central,Nagpur,Website,4,3567.2,0.15,14268.82,12128.49,6615.87,Credit Card,Delivered,5512.62,0.4545,2024-03,2024,Q1,1,0,0
ORD000020,2025-02-10,CUST00924,Electronics,Laptop Stand,East,Bhubaneswar,Website,3,11572.31,0.2,34716.94,27773.55,16023.46,Cash on Delivery,Delivered,11750.09,0.4231,2025-02,2025,Q1,1,0,0
ORD000021,2025-04-22,CUST01192,Beauty,Sunscreen,North,Jaipur,Marketplace,3,2356.68,0.0,7070.03,7070.03,4156.36,Cash on Delivery,Cancelled,2913.67,0.4121,2025-04,2025,Q2,0,0,1
ORD000022,2025-01-17,CUST00667,Electronics,Smartwatch,South,Chennai,Website,4,7060.61,0.05,28242.45,26830.33,21843.16,UPI,Delivered,4987.17,0.1859,2025-01,2025,Q1,1,0,0
ORD000023,2025-05-20,CUST00852,Home & Kitchen,Mixer Grinder,West,Pune,Marketplace,5,3452.53,0.1,17262.67,15536.4,12930.42,Debit Card,Delivered,2605.98,0.1677,2025-05,2025,Q2,1,0,0
ORD000024,2024-10-28,CUST00912,Electronics,Wireless Headphones,Central,Bhopal,Mobile App,4,8871.13,0.05,35484.52,33710.29,24852.09,Debit Card,Delivered,8858.2,0.2628,2024-10,2024,Q4,1,0,0
ORD000025,2024-05-31,CUST00776,Beauty,Face Serum,Central,Nagpur,Website,3,269.79,0.1,809.36,728.42,396.58,UPI,Delivered,331.84,0.4556,2024-05,2024,Q2,1,0,0
ORD000026,2024-01-05,CUST01466,Sports,Yoga Mat,North,Delhi,Mobile App,2,5309.35,0.05,10618.71,10087.77,8260.13,Cash on Delivery,Pending,1827.64,0.1812,2024-01,2024,Q1,0,0,0
ORD000027,2024-08-26,CUST01257,Sports,Resistance Bands,South,Chennai,Mobile App,2,1803.45,0.1,3606.89,3246.21,1705.13,Cash on Delivery,Cancelled,1541.08,0.4747,2024-08,2024,Q3,0,0,1
ORD000028,2025-02-26,CUST01180,Electronics,Wireless Headphones,Central,Nagpur,Website,1,13501.52,0.0,13501.52,13501.52,7489.34,Debit Card,Delivered,6012.18,0.4453,2025-02,2025,Q1,1,0,0
ORD000029,2025-01-17,CUST01116,Beauty,Lip Balm,North,Delhi,Mobile App,1,2663.07,0.15,2663.07,2263.61,1889.53,Net Banking,Delivered,374.08,0.1653,2025-01,2025,Q1,1,0,0
ORD000030,2024-05-12,CUST00690,Home & Kitchen,Storage Box,Central,Indore,Mobile App,1,5221.71,0.0,5221.71,5221.71,2927.29,Cash on Delivery,Delivered,2294.42,0.4394,2024-05,2024,Q2,1,0,0
ORD000031,2025-02-03,CUST00854,Beauty,Moisturizer,North,Jaipur,Website,3,1096.34,0.1,3289.01,2960.11,1910.42,UPI,Delivered,1049.69,0.3546,2025-02,2025,Q1,1,0,0
ORD000032,2024-09-24,CUST01417,Electronics,Laptop Stand,East,Patna,Website,4,5217.94,0.05,20871.74,19828.15,13646.71,Net Banking,Delivered,6181.44,0.3118,2024-09,2024,Q3,1,0,0
ORD000033,2025-06-08,CUST01131,Beauty,Sunscreen,South,Hyderabad,Marketplace,4,2293.43,0.05,9173.72,8715.03,5853.81,Debit Card,Cancelled,2861.22,0.3283,2025-06,2025,Q2,0,0,1
ORD000034,2024-10-29,CUST01092,Home & Kitchen,Water Bottle,South,Hyderabad,Marketplace,3,4316.01,0.15,12948.02,11005.82,7361.93,Cash on Delivery,Pending,3643.89,0.3311,2024-10,2024,Q4,0,0,0
ORD000035,2024-03-10,CUST01038,Sports,Cricket Bat,North,Chandigarh,Mobile App,2,3936.93,0.1,7873.87,7086.48,4141.75,Cash on Delivery,Delivered,2944.73,0.4155,2024-03,2024,Q1,1,0,0
ORD000036,2024-12-22,CUST00660,Electronics,Power Bank,North,Chandigarh,Mobile App,3,14935.75,0.05,44807.25,42566.89,28505.51,UPI,Delivered,14061.38,0.3303,2024-12,2024,Q4,1,0,0
ORD000037,2025-04-02,CUST01253,Fashion,Denim Jacket,West,Mumbai,Website,2,2279.62,0.2,4559.23,3647.38,2005.98,Net Banking,Pending,1641.4,0.45,2025-04,2025,Q2,0,0,0
ORD000038,2024-07-31,CUST00778,Home & Kitchen,Coffee Maker,West,Mumbai,Mobile App,2,1873.85,0.2,3747.7,2998.16,1904.0,Net Banking,Delivered,1094.16,0.3649,2024-07,2024,Q3,1,0,0
ORD000039,2024-03-11,CUST00078,Electronics,Wireless Headphones,East,Bhubaneswar,Website,1,7542.32,0.05,7542.32,7165.2,5858.94,Debit Card,Delivered,1306.26,0.1823,2024-03,2024,Q1,1,0,0
ORD000040,2025-05-10,CUST00608,Beauty,Face Serum,East,Bhubaneswar,Mobile App,1,2109.42,0.05,2109.42,2003.95,1574.98,Cash on Delivery,Delivered,428.97,0.2141,2025-05,2025,Q2,1,0,0
ORD000041,2025-05-16,CUST00055,Electronics,Power Bank,South,Bengaluru,Mobile App,3,14983.79,0.05,44951.36,42703.79,32048.26,UPI,Delivered,10655.53,0.2495,2025-05,2025,Q2,1,0,0
ORD000042,2024-07-24,CUST01103,Electronics,Smartwatch,Central,Nagpur,Mobile App,3,1733.48,0.15,5200.43,4420.36,3094.7,Credit Card,Delivered,1325.66,0.2999,2024-07,2024,Q3,1,0,0
ORD000043,2024-06-05,CUST01285,Electronics,Wireless Headphones,West,Pune,Marketplace,5,6026.55,0.05,30132.73,28626.1,15427.82,Credit Card,Pending,13198.28,0.4611,2024-06,2024,Q2,0,0,0
ORD000044,2024-01-12,CUST01492,Fashion,Backpack,North,Delhi,Website,3,1057.48,0.15,3172.43,2696.57,1662.41,UPI,Delivered,1034.16,0.3835,2024-01,2024,Q1,1,0,0
ORD000045,2024-02-20,CUST00794,Fashion,T-Shirt,West,Pune,Mobile App,4,1311.8,0.15,5247.2,4460.12,2632.55,Credit Card,Delivered,1827.57,0.4098,2024-02,2024,Q1,1,0,0
ORD000046,2024-06-28,CUST01059,Sports,Dumbbells,North,Delhi,Website,2,1335.79,0.2,2671.58,2137.26,1611.65,Credit Card,Delivered,525.61,0.2459,2024-06,2024,Q2,1,0,0
ORD000047,2024-01-19,CUST00828,Beauty,Moisturizer,Central,Indore,Website,3,573.97,0.05,1721.92,1635.83,1208.69,Credit Card,Delivered,427.14,0.2611,2024-01,2024,Q1,1,0,0
ORD000048,2025-01-01,CUST01402,Home & Kitchen,Storage Box,North,Chandigarh,Marketplace,5,8354.68,0.15,41773.38,35507.37,28518.16,Credit Card,Delivered,6989.21,0.1968,2025-01,2025,Q1,1,0,0
ORD000049,2025-06-23,CUST00775,Electronics,Smartwatch,North,Jaipur,Website,5,21102.32,0.0,105511.59,105511.59,71632.95,UPI,Returned,33878.64,0.3211,2025-06,2025,Q2,0,1,0
ORD000050,2025-05-14,CUST01118,Fashion,T-Shirt,West,Pune,Website,5,4425.08,0.1,22125.38,19912.84,12584.69,Net Banking,Delivered,7328.15,0.368,2025-05,2025,Q2,1,0,0
ORD000051,2025-06-03,CUST00490,Beauty,Sunscreen,Central,Bhopal,Mobile App,2,1011.99,0.05,2023.99,1922.79,1063.64,UPI,Delivered,859.15,0.4468,2025-06,2025,Q2,1,0,0
ORD000052,2024-06-09,CUST00345,Home & Kitchen,Coffee Maker,Central,Indore,Website,4,9883.68,0.1,39534.74,35581.26,25236.16,Debit Card,Delivered,10345.1,0.2907,2024-06,2024,Q2,1,0,0
ORD000053,2024-02-04,CUST00939,Fashion,Sunglasses,Central,Nagpur,Marketplace,2,3812.65,0.2,7625.31,6100.25,5081.53,Credit Card,Delivered,1018.72,0.167,2024-02,2024,Q1,1,0,0
ORD000054,2025-01-02,CUST01562,Beauty,Moisturizer,North,Chandigarh,Mobile App,1,666.25,0.1,666.25,599.62,333.2,Cash on Delivery,Delivered,266.42,0.4443,2025-01,2025,Q1,1,0,0
ORD000055,2024-08-22,CUST00147,Fashion,Denim Jacket,West,Ahmedabad,Marketplace,5,3115.62,0.0,15578.11,15578.11,9831.3,Cash on Delivery,Delivered,5746.81,0.3689,2024-08,2024,Q3,1,0,0
ORD000056,2025-06-19,CUST01350,Sports,Yoga Mat,South,Bengaluru,Mobile App,1,6058.55,0.1,6058.55,5452.7,3224.57,Cash on Delivery,Delivered,2228.13,0.4086,2025-06,2025,Q2,1,0,0
ORD000057,2024-09-23,CUST01199,Sports,Cricket Bat,South,Chennai,Marketplace,5,3648.28,0.25,18241.4,13681.05,10067.7,Debit Card,Delivered,3613.35,0.2641,2024-09,2024,Q3,1,0,0
ORD000058,2024-10-11,CUST00940,Fashion,Denim Jacket,West,Ahmedabad,Mobile App,4,1500.14,0.1,6000.56,5400.5,2910.32,Credit Card,Delivered,2490.18,0.4611,2024-10,2024,Q4,1,0,0
ORD000059,2024-03-06,CUST00989,Fashion,T-Shirt,North,Delhi,Website,1,3362.62,0.0,3362.62,3362.62,2676.63,Debit Card,Delivered,685.99,0.204,2024-03,2024,Q1,1,0,0
ORD000060,2024-02-18,CUST00336,Home & Kitchen,Water Bottle,Central,Indore,Website,5,1880.7,0.15,9403.49,7992.97,5134.57,UPI,Cancelled,2858.4,0.3576,2024-02,2024,Q1,0,0,1
ORD000061,2025-04-08,CUST00651,Fashion,Running Shoes,East,Patna,Mobile App,1,2947.34,0.2,2947.34,2357.87,1406.12,Net Banking,Delivered,951.75,0.4036,2025-04,2025,Q2,1,0,0
ORD000062,2024-07-11,CUST01094,Sports,Resistance Bands,West,Mumbai,Website,5,4457.58,0.1,22287.9,20059.11,15542.29,Net Banking,Delivered,4516.82,0.2252,2024-07,2024,Q3,1,0,0
ORD000063,2024-06-25,CUST00717,Beauty,Sunscreen,West,Ahmedabad,Website,4,2198.2,0.05,8792.8,8353.16,6389.94,Cash on Delivery,Pending,1963.22,0.235,2024-06,2024,Q2,0,0,0
ORD000064,2024-02-13,CUST00974,Electronics,Wireless Headphones,Central,Indore,Website,1,20390.37,0.15,20390.37,17331.81,12933.1,Net Banking,Delivered,4398.71,0.2538,2024-02,2024,Q1,1,0,0
ORD000065,2025-02-20,CUST00101,Beauty,Sunscreen,South,Chennai,Website,3,1815.92,0.2,5447.75,4358.2,2812.29,Credit Card,Returned,1545.91,0.3547,2025-02,2025,Q1,0,1,0
ORD000066,2025-03-27,CUST00728,Beauty,Moisturizer,East,Patna,Marketplace,3,837.89,0.2,2513.68,2010.95,1636.11,Net Banking,Pending,374.84,0.1864,2025-03,2025,Q1,0,0,0
ORD000067,2024-02-14,CUST00483,Fashion,T-Shirt,East,Patna,Website,1,429.85,0.05,429.85,408.36,333.7,Net Banking,Pending,74.66,0.1828,2024-02,2024,Q1,0,0,0
ORD000068,2024-04-06,CUST00915,Sports,Football,West,Ahmedabad,Website,4,560.07,0.05,2240.26,2128.25,1361.93,Credit Card,Delivered,766.32,0.3601,2024-04,2024,Q2,1,0,0
ORD000069,2024-12-20,CUST00943,Electronics,Power Bank,West,Pune,Marketplace,3,17769.22,0.2,53307.66,42646.13,28178.43,Debit Card,Delivered,14467.7,0.3393,2024-12,2024,Q4,1,0,0
ORD000070,2024-12-18,CUST00684,Electronics,Bluetooth Speaker,West,Pune,Mobile App,2,18672.77,0.15,37345.53,31743.7,21959.6,Cash on Delivery,Delivered,9784.1,0.3082,2024-12,2024,Q4,1,0,0
ORD000071,2025-04-04,CUST00749,Home & Kitchen,Water Bottle,Central,Bhopal,Website,4,2880.05,0.05,11520.21,10944.2,7714.8,Credit Card,Delivered,3229.4,0.2951,2025-04,2025,Q2,1,0,0
ORD000072,2025-04-26,CUST01472,Electronics,Laptop Stand,North,Chandigarh,Website,3,11712.88,0.15,35138.64,29867.84,21873.54,UPI,Delivered,7994.3,0.2677,2025-04,2025,Q2,1,0,0
ORD000073,2024-07-14,CUST01593,Beauty,Moisturizer,Central,Indore,Mobile App,1,2454.43,0.25,2454.43,1840.82,1380.95,Cash on Delivery,Delivered,459.87,0.2498,2024-07,2024,Q3,1,0,0
ORD000074,2025-01-10,CUST00003,Fashion,Running Shoes,West,Pune,Website,2,2467.16,0.05,4934.33,4687.61,3449.36,UPI,Pending,1238.25,0.2642,2025-01,2025,Q1,0,0,0
ORD000075,2024-03-20,CUST00142,Beauty,Shampoo,West,Pune,Marketplace,3,1657.6,0.15,4972.81,4226.89,2358.35,Cash on Delivery,Delivered,1868.54,0.4421,2024-03,2024,Q1,1,0,0
ORD000076,2025-06-10,CUST00370,Fashion,Denim Jacket,Central,Bhopal,Mobile App,4,741.39,0.15,2965.55,2520.72,1988.64,UPI,Cancelled,532.08,0.2111,2025-06,2025,Q2,0,0,1
ORD000077,2025-01-11,CUST01012,Sports,Yoga Mat,East,Patna,Mobile App,3,3842.29,0.05,11526.87,10950.52,8983.34,Net Banking,Delivered,1967.18,0.1796,2025-01,2025,Q1,1,0,0
ORD000078,2024-11-13,CUST00779,Sports,Dumbbells,East,Patna,Marketplace,1,4161.68,0.15,4161.68,3537.43,2474.74,Credit Card,Delivered,1062.69,0.3004,2024-11,2024,Q4,1,0,0
ORD000079,2025-05-22,CUST00886,Fashion,Sunglasses,West,Ahmedabad,Mobile App,5,4426.17,0.15,22130.85,18811.22,15680.27,Credit Card,Delivered,3130.95,0.1664,2025-05,2025,Q2,1,0,0
ORD000080,2024-11-03,CUST00352,Electronics,Power Bank,East,Bhubaneswar,Website,4,16650.98,0.05,66603.91,63273.72,48996.47,Net Banking,Delivered,14277.25,0.2256,2024-11,2024,Q4,1,0,0
ORD000081,2025-04-11,CUST00623,Beauty,Face Serum,West,Ahmedabad,Marketplace,2,1416.66,0.15,2833.32,2408.32,1904.56,UPI,Cancelled,503.76,0.2092,2025-04,2025,Q2,0,0,1
ORD000082,2024-06-13,CUST00448,Home & Kitchen,Storage Box,Central,Nagpur,Marketplace,2,1853.58,0.15,3707.15,3151.08,2449.14,UPI,Delivered,701.94,0.2228,2024-06,2024,Q2,1,0,0
ORD000083,2024-12-02,CUST01212,Electronics,Wireless Headphones,North,Chandigarh,Website,2,13475.46,0.05,26950.92,25603.37,18713.82,UPI,Cancelled,6889.55,0.2691,2024-12,2024,Q4,0,0,1
ORD000084,2025-03-06,CUST00328,Sports,Dumbbells,South,Chennai,Mobile App,2,897.06,0.2,1794.12,1435.3,749.71,UPI,Delivered,685.59,0.4777,2025-03,2025,Q1,1,0,0
ORD000085,2025-02-16,CUST00308,Fashion,Backpack,North,Jaipur,Website,1,4933.14,0.1,4933.14,4439.82,2863.38,Cash on Delivery,Returned,1576.44,0.3551,2025-02,2025,Q1,0,1,0
ORD000086,2025-04-15,CUST00483,Fashion,T-Shirt,South,Hyderabad,Website,5,3287.78,0.2,16438.92,13151.14,9907.55,Credit Card,Delivered,3243.59,0.2466,2025-04,2025,Q2,1,0,0
ORD000087,2024-05-23,CUST00924,Fashion,Sunglasses,North,Jaipur,Mobile App,2,961.5,0.15,1922.99,1634.54,927.68,Cash on Delivery,Delivered,706.86,0.4325,2024-05,2024,Q2,1,0,0
ORD000088,2025-02-21,CUST00148,Beauty,Lip Balm,East,Bhubaneswar,Mobile App,1,1641.67,0.0,1641.67,1641.67,1256.05,Debit Card,Delivered,385.62,0.2349,2025-02,2025,Q1,1,0,0
ORD000089,2024-04-21,CUST01249,Home & Kitchen,Air Fryer,Central,Nagpur,Mobile App,5,2673.15,0.1,13365.73,12029.16,7661.78,Credit Card,Delivered,4367.38,0.3631,2024-04,2024,Q2,1,0,0
ORD000090,2024-09-01,CUST01373,Home & Kitchen,Coffee Maker,South,Chennai,Mobile App,5,8062.13,0.25,40310.66,30233.0,22368.63,Cash on Delivery,Delivered,7864.37,0.2601,2024-09,2024,Q3,1,0,0
ORD000091,2024-10-14,CUST00591,Fashion,T-Shirt,South,Hyderabad,Marketplace,1,5202.94,0.0,5202.94,5202.94,4220.95,UPI,Delivered,981.99,0.1887,2024-10,2024,Q4,1,0,0
ORD000092,2024-11-06,CUST00623,Electronics,Power Bank,West,Mumbai,Mobile App,4,5380.8,0.0,21523.18,21523.18,17105.98,Debit Card,Delivered,4417.2,0.2052,2024-11,2024,Q4,1,0,0
ORD000093,2025-06-12,CUST01449,Home & Kitchen,Mixer Grinder,Central,Indore,Mobile App,1,6973.43,0.0,6973.43,6973.43,4393.91,Debit Card,Delivered,2579.52,0.3699,2025-06,2025,Q2,1,0,0
ORD000094,2025-02-10,CUST01457,Home & Kitchen,Mixer Grinder,South,Hyderabad,Website,3,7320.11,0.1,21960.33,19764.3,14913.4,Credit Card,Delivered,4850.9,0.2454,2025-02,2025,Q1,1,0,0
ORD000095,2024-04-17,CUST00026,Fashion,Denim Jacket,West,Ahmedabad,Website,5,1409.2,0.05,7045.99,6693.69,3822.31,UPI,Pending,2871.38,0.429,2024-04,2024,Q2,0,0,0
ORD000096,2024-11-25,CUST00874,Home & Kitchen,Storage Box,South,Bengaluru,Website,4,1344.2,0.15,5376.82,4570.29,3794.57,Debit Card,Delivered,775.72,0.1697,2024-11,2024,Q4,1,0,0
ORD000097,2025-02-19,CUST00078,Beauty,Lip Balm,North,Jaipur,Website,4,2225.36,0.1,8901.46,8011.31,4571.36,Net Banking,Cancelled,3439.95,0.4294,2025-02,2025,Q1,0,0,1
ORD000098,2024-10-04,CUST00031,Home & Kitchen,Mixer Grinder,West,Ahmedabad,Mobile App,1,3834.75,0.25,3834.75,2876.06,1785.04,Debit Card,Delivered,1091.02,0.3793,2024-10,2024,Q4,1,0,0
ORD000099,2025-04-17,CUST00194,Sports,Yoga Mat,East,Bhubaneswar,Mobile App,1,5692.4,0.0,5692.4,5692.4,4672.75,Credit Card,Pending,1019.65,0.1791,2025-04,2025,Q2,0,0,0
ORD000100,2024-07-12,CUST01180,Home & Kitchen,Coffee Maker,West,Ahmedabad,Mobile App,5,6299.41,0.15,31497.07,26772.51,15907.69,UPI,Delivered,10864.82,0.4058,2024-07,2024,Q3,1,0,0
ORD000101,2024-03-17,CUST00923,Beauty,Shampoo,West,Mumbai,Website,3,631.74,0.25,1895.22,1421.41,809.85,Cash on Delivery,Returned,611.56,0.4302,2024-03,2024,Q1,0,1,0
ORD000102,2025-02-23,CUST01408,Fashion,T-Shirt,South,Bengaluru,Marketplace,2,3076.48,0.1,6152.96,5537.66,2900.13,Credit Card,Delivered,2637.53,0.4763,2025-02,2025,Q1,1,0,0
ORD000103,2024-09-17,CUST00874,Home & Kitchen,Air Fryer,South,Hyderabad,Mobile App,3,2474.15,0.1,7422.44,6680.2,3534.76,Credit Card,Pending,3145.44,0.4709,2024-09,2024,Q3,0,0,0
ORD000104,2024-05-09,CUST01064,Electronics,Power Bank,North,Jaipur,Website,5,18002.7,0.0,90013.5,90013.5,51068.03,Net Banking,Delivered,38945.47,0.4327,2024-05,2024,Q2,1,0,0
ORD000105,2025-02-07,CUST01216,Sports,Yoga Mat,East,Bhubaneswar,Marketplace,1,3502.38,0.1,3502.38,3152.14,1717.4,Net Banking,Cancelled,1434.74,0.4552,2025-02,2025,Q1,0,0,1
ORD000106,2024-06-06,CUST00939,Electronics,Power Bank,Central,Indore,Mobile App,2,8546.55,0.1,17093.1,15383.79,11392.7,Credit Card,Delivered,3991.09,0.2594,2024-06,2024,Q2,1,0,0
ORD000107,2025-01-07,CUST01294,Beauty,Moisturizer,West,Ahmedabad,Mobile App,1,2541.78,0.05,2541.78,2414.69,1310.54,Cash on Delivery,Delivered,1104.15,0.4573,2025-01,2025,Q1,1,0,0
ORD000108,2025-03-25,CUST01307,Electronics,Laptop Stand,North,Chandigarh,Website,5,3417.26,0.05,17086.32,16232.01,8487.88,Credit Card,Delivered,7744.13,0.4771,2025-03,2025,Q1,1,0,0
ORD000109,2024-03-31,CUST00090,Sports,Cricket Bat,East,Bhubaneswar,Mobile App,1,4409.42,0.05,4409.42,4188.95,2576.07,UPI,Delivered,1612.88,0.385,2024-03,2024,Q1,1,0,0
ORD000110,2024-04-22,CUST00468,Sports,Dumbbells,South,Chennai,Website,4,2544.16,0.15,10176.63,8650.14,4728.85,UPI,Returned,3921.29,0.4533,2024-04,2024,Q2,0,1,0
ORD000111,2024-06-23,CUST01403,Fashion,Running Shoes,South,Hyderabad,Website,5,3633.71,0.05,18168.56,17260.13,9727.74,Cash on Delivery,Delivered,7532.39,0.4364,2024-06,2024,Q2,1,0,0
ORD000112,2025-06-27,CUST01104,Beauty,Sunscreen,East,Patna,Mobile App,3,1160.75,0.0,3482.25,3482.25,2288.53,Cash on Delivery,Delivered,1193.72,0.3428,2025-06,2025,Q2,1,0,0
ORD000113,2024-10-20,CUST00329,Fashion,Running Shoes,Central,Bhopal,Mobile App,5,763.32,0.1,3816.59,3434.93,2802.2,Credit Card,Delivered,632.73,0.1842,2024-10,2024,Q4,1,0,0
ORD000114,2024-12-17,CUST01269,Beauty,Face Serum,East,Patna,Website,4,282.35,0.1,1129.41,1016.47,752.51,Net Banking,Delivered,263.96,0.2597,2024-12,2024,Q4,1,0,0
ORD000115,2025-06-17,CUST00221,Electronics,Bluetooth Speaker,Central,Nagpur,Mobile App,5,15741.21,0.1,78706.06,70835.45,45844.9,Cash on Delivery,Delivered,24990.55,0.3528,2025-06,2025,Q2,1,0,0
ORD000116,2024-07-16,CUST01570,Home & Kitchen,Mixer Grinder,West,Ahmedabad,Mobile App,5,1249.33,0.05,6246.64,5934.31,4203.8,Cash on Delivery,Delivered,1730.51,0.2916,2024-07,2024,Q3,1,0,0
ORD000117,2024-02-21,CUST00027,Home & Kitchen,Mixer Grinder,North,Delhi,Mobile App,2,9415.25,0.05,18830.49,17888.97,14668.15,UPI,Delivered,3220.82,0.18,2024-02,2024,Q1,1,0,0
ORD000118,2025-02-01,CUST00624,Fashion,T-Shirt,West,Pune,Website,4,1398.78,0.15,5595.11,4755.85,3286.42,Cash on Delivery,Delivered,1469.43,0.309,2025-02,2025,Q1,1,0,0
ORD000119,2024-03-19,CUST00838,Electronics,Bluetooth Speaker,South,Hyderabad,Website,1,8953.84,0.25,8953.84,6715.38,5110.08,Cash on Delivery,Delivered,1605.3,0.239,2024-03,2024,Q1,1,0,0
ORD000120,2024-04-06,CUST00131,Home & Kitchen,Coffee Maker,West,Pune,Website,4,8044.07,0.05,32176.29,30567.48,18823.81,UPI,Delivered,11743.67,0.3842,2024-04,2024,Q2,1,0,0
ORD000121,2025-06-04,CUST01064,Home & Kitchen,Coffee Maker,Central,Indore,Mobile App,5,6990.88,0.0,34954.39,34954.39,26504.48,Credit Card,Delivered,8449.91,0.2417,2025-06,2025,Q2,1,0,0
ORD000122,2025-05-17,CUST00112,Sports,Cricket Bat,East,Patna,Website,2,2263.16,0.0,4526.32,4526.32,2770.63,UPI,Cancelled,1755.69,0.3879,2025-05,2025,Q2,0,0,1
ORD000123,2024-11-29,CUST00517,Home & Kitchen,Storage Box,West,Ahmedabad,Website,2,5821.05,0.15,11642.09,9895.78,5569.97,Debit Card,Delivered,4325.81,0.4371,2024-11,2024,Q4,1,0,0
ORD000124,2024-05-18,CUST01240,Fashion,Backpack,North,Chandigarh,Mobile App,4,1511.66,0.1,6046.65,5441.98,3161.67,Credit Card,Delivered,2280.31,0.419,2024-05,2024,Q2,1,0,0
ORD000125,2024-03-25,CUST00778,Beauty,Face Serum,Central,Nagpur,Mobile App,2,2709.21,0.1,5418.42,4876.58,2706.73,Net Banking,Delivered,2169.85,0.445,2024-03,2024,Q1,1,0,0
ORD000126,2024-09-20,CUST01034,Fashion,T-Shirt,Central,Bhopal,Mobile App,2,4564.56,0.1,9129.13,8216.22,5212.48,UPI,Delivered,3003.74,0.3656,2024-09,2024,Q3,1,0,0
ORD000127,2024-03-21,CUST00668,Sports,Cricket Bat,South,Hyderabad,Website,3,2807.12,0.15,8421.36,7158.16,4648.27,UPI,Returned,2509.89,0.3506,2024-03,2024,Q1,0,1,0
ORD000128,2024-08-23,CUST00655,Fashion,Running Shoes,North,Delhi,Mobile App,2,4002.34,0.05,8004.68,7604.44,4678.32,Net Banking,Delivered,2926.12,0.3848,2024-08,2024,Q3,1,0,0
ORD000129,2025-05-10,CUST00608,Sports,Yoga Mat,West,Pune,Website,4,3682.81,0.15,14731.24,12521.56,7547.71,Cash on Delivery,Delivered,4973.85,0.3972,2025-05,2025,Q2,1,0,0
ORD000130,2024-06-28,CUST00345,Home & Kitchen,Storage Box,South,Bengaluru,Marketplace,3,6633.42,0.05,19900.25,18905.24,14499.37,Cash on Delivery,Delivered,4405.87,0.2331,2024-06,2024,Q2,1,0,0
ORD000131,2025-05-20,CUST01450,Beauty,Moisturizer,Central,Nagpur,Website,4,2875.11,0.05,11500.45,10925.42,6144.37,Net Banking,Pending,4781.05,0.4376,2025-05,2025,Q2,0,0,0
ORD000132,2025-04-04,CUST00459,Beauty,Face Serum,West,Ahmedabad,Marketplace,1,2565.85,0.0,2565.85,2565.85,2054.37,Cash on Delivery,Delivered,511.48,0.1993,2025-04,2025,Q2,1,0,0
ORD000133,2025-04-28,CUST01162,Home & Kitchen,Mixer Grinder,North,Chandigarh,Website,5,5746.37,0.0,28731.86,28731.86,23780.49,Net Banking,Delivered,4951.37,0.1723,2025-04,2025,Q2,1,0,0
ORD000134,2024-10-22,CUST01036,Sports,Cricket Bat,Central,Nagpur,Website,4,4388.88,0.1,17555.54,15799.98,10782.74,Credit Card,Delivered,5017.24,0.3175,2024-10,2024,Q4,1,0,0
ORD000135,2024-11-24,CUST00719,Electronics,Power Bank,South,Bengaluru,Website,2,12008.68,0.1,24017.37,21615.63,12251.44,Cash on Delivery,Delivered,9364.19,0.4332,2024-11,2024,Q4,1,0,0
ORD000136,2024-01-12,CUST00369,Electronics,Wireless Headphones,South,Bengaluru,Mobile App,5,17500.53,0.05,87502.65,83127.52,53398.59,Credit Card,Returned,29728.93,0.3576,2024-01,2024,Q1,0,1,0
ORD000137,2025-02-07,CUST01377,Fashion,Denim Jacket,North,Jaipur,Website,1,5189.75,0.0,5189.75,5189.75,2892.91,Cash on Delivery,Cancelled,2296.84,0.4426,2025-02,2025,Q1,0,0,1
ORD000138,2024-10-10,CUST01003,Sports,Yoga Mat,South,Hyderabad,Website,2,5832.5,0.1,11665.0,10498.5,7909.57,Credit Card,Delivered,2588.93,0.2466,2024-10,2024,Q4,1,0,0
ORD000139,2024-10-01,CUST00493,Home & Kitchen,Water Bottle,Central,Nagpur,Mobile App,4,8875.25,0.05,35501.01,33725.96,24888.57,Debit Card,Cancelled,8837.39,0.262,2024-10,2024,Q4,0,0,1
ORD000140,2024-01-30,CUST00451,Electronics,Power Bank,North,Jaipur,Marketplace,4,16056.99,0.05,64227.98,61016.58,45233.93,Net Banking,Delivered,15782.65,0.2587,2024-01,2024,Q1,1,0,0
ORD000141,2024-06-04,CUST00133,Fashion,Denim Jacket,West,Ahmedabad,Website,5,618.26,0.05,3091.29,2936.73,1791.09,Debit Card,Delivered,1145.64,0.3901,2024-06,2024,Q2,1,0,0
ORD000142,2024-08-16,CUST00741,Electronics,Wireless Headphones,North,Chandigarh,Website,4,5161.51,0.1,20646.02,18581.42,11695.72,Cash on Delivery,Returned,6885.7,0.3706,2024-08,2024,Q3,0,1,0
ORD000143,2024-02-18,CUST01398,Electronics,Smartwatch,West,Pune,Marketplace,1,21267.31,0.15,21267.31,18077.22,14911.36,Debit Card,Returned,3165.86,0.1751,2024-02,2024,Q1,0,1,0
ORD000144,2024-10-21,CUST00229,Electronics,Wireless Headphones,West,Ahmedabad,Website,5,3650.49,0.1,18252.45,16427.2,8898.28,UPI,Delivered,7528.92,0.4583,2024-10,2024,Q4,1,0,0
ORD000145,2024-08-31,CUST01441,Electronics,Bluetooth Speaker,North,Delhi,Mobile App,1,14483.02,0.25,14483.02,10862.27,7590.01,Cash on Delivery,Pending,3272.26,0.3013,2024-08,2024,Q3,0,0,0
ORD000146,2025-03-22,CUST00308,Home & Kitchen,Air Fryer,South,Hyderabad,Website,1,9276.76,0.05,9276.76,8812.92,6945.17,UPI,Delivered,1867.75,0.2119,2025-03,2025,Q1,1,0,0
ORD000147,2025-02-01,CUST00627,Fashion,Sunglasses,West,Mumbai,Website,3,838.55,0.0,2515.65,2515.65,1407.16,Cash on Delivery,Pending,1108.49,0.4406,2025-02,2025,Q1,0,0,0
ORD000148,2024-09-28,CUST00255,Fashion,Denim Jacket,North,Jaipur,Website,4,2712.83,0.25,10851.33,8138.5,6392.25,Debit Card,Returned,1746.25,0.2146,2024-09,2024,Q3,0,1,0
ORD000149,2024-08-13,CUST00410,Home & Kitchen,Storage Box,West,Mumbai,Mobile App,4,2743.15,0.0,10972.6,10972.6,9071.64,Debit Card,Delivered,1900.96,0.1732,2024-08,2024,Q3,1,0,0
ORD000150,2025-06-01,CUST01297,Beauty,Shampoo,West,Pune,Mobile App,2,1570.11,0.0,3140.22,3140.22,2021.76,UPI,Delivered,1118.46,0.3562,2025-06,2025,Q2,1,0,0
ORD000151,2024-08-03,CUST01323,Electronics,Power Bank,East,Bhubaneswar,Website,3,2578.19,0.15,7734.56,6574.38,3732.95,Net Banking,Delivered,2841.43,0.4322,2024-08,2024,Q3,1,0,0
ORD000152,2024-04-23,CUST00731,Electronics,Laptop Stand,Central,Nagpur,Website,1,5866.94,0.05,5866.94,5573.59,3524.57,Credit Card,Delivered,2049.02,0.3676,2024-04,2024,Q2,1,0,0
ORD000153,2024-03-08,CUST01088,Electronics,Bluetooth Speaker,Central,Bhopal,Marketplace,4,15372.28,0.05,61489.13,58414.68,42818.3,Cash on Delivery,Cancelled,15596.38,0.267,2024-03,2024,Q1,0,0,1
ORD000154,2025-06-03,CUST00343,Home & Kitchen,Air Fryer,West,Ahmedabad,Website,1,3176.32,0.05,3176.32,3017.5,2049.45,Debit Card,Delivered,968.05,0.3208,2025-06,2025,Q2,1,0,0
ORD000155,2024-01-06,CUST01148,Home & Kitchen,Mixer Grinder,South,Chennai,Website,3,6108.08,0.15,18324.23,15575.59,12722.88,Credit Card,Delivered,2852.71,0.1832,2024-01,2024,Q1,1,0,0
ORD000156,2024-05-06,CUST01126,Electronics,Laptop Stand,South,Chennai,Website,2,2255.35,0.05,4510.71,4285.17,2570.44,Debit Card,Delivered,1714.73,0.4002,2024-05,2024,Q2,1,0,0
ORD000157,2024-01-01,CUST01125,Electronics,Wireless Headphones,North,Jaipur,Website,5,14352.94,0.05,71764.68,68176.45,37137.87,UPI,Delivered,31038.58,0.4553,2024-01,2024,Q1,1,0,0
ORD000158,2024-08-23,CUST00774,Beauty,Face Serum,North,Chandigarh,Website,4,1042.65,0.1,4170.6,3753.54,1987.67,Cash on Delivery,Delivered,1765.87,0.4705,2024-08,2024,Q3,1,0,0
ORD000159,2025-05-18,CUST01405,Fashion,Backpack,West,Pune,Marketplace,4,840.95,0.1,3363.8,3027.42,1903.62,Net Banking,Delivered,1123.8,0.3712,2025-05,2025,Q2,1,0,0
ORD000160,2024-08-12,CUST01185,Fashion,T-Shirt,North,Jaipur,Mobile App,2,3767.68,0.15,7535.36,6405.06,3555.06,Net Banking,Delivered,2850.0,0.445,2024-08,2024,Q3,1,0,0
ORD000161,2025-06-29,CUST01523,Beauty,Face Serum,North,Delhi,Mobile App,3,2250.97,0.05,6752.9,6415.26,5135.62,UPI,Delivered,1279.64,0.1995,2025-06,2025,Q2,1,0,0
ORD000162,2025-02-01,CUST01548,Sports,Cricket Bat,South,Hyderabad,Mobile App,5,4909.73,0.05,24548.63,23321.2,17748.59,Net Banking,Cancelled,5572.61,0.239,2025-02,2025,Q1,0,0,1
ORD000163,2024-05-16,CUST00515,Home & Kitchen,Water Bottle,North,Chandigarh,Marketplace,4,6382.68,0.0,25530.7,25530.7,17861.53,Net Banking,Pending,7669.17,0.3004,2024-05,2024,Q2,0,0,0
ORD000164,2024-03-22,CUST00350,Home & Kitchen,Storage Box,South,Bengaluru,Marketplace,1,3383.04,0.15,3383.04,2875.58,1980.48,UPI,Delivered,895.1,0.3113,2024-03,2024,Q1,1,0,0
ORD000165,2024-09-16,CUST00086,Home & Kitchen,Water Bottle,West,Mumbai,Marketplace,1,7914.35,0.05,7914.35,7518.63,5401.08,UPI,Delivered,2117.55,0.2816,2024-09,2024,Q3,1,0,0
ORD000166,2024-10-22,CUST01596,Electronics,Laptop Stand,West,Ahmedabad,Website,3,7324.62,0.0,21973.85,21973.85,18385.49,UPI,Delivered,3588.36,0.1633,2024-10,2024,Q4,1,0,0
ORD000167,2024-05-14,CUST00025,Fashion,Backpack,East,Patna,Mobile App,2,3581.58,0.1,7163.16,6446.84,3792.93,Credit Card,Delivered,2653.91,0.4117,2024-05,2024,Q2,1,0,0
ORD000168,2024-08-19,CUST00268,Electronics,Bluetooth Speaker,Central,Indore,Website,5,9466.89,0.05,47334.45,44967.73,31653.47,Cash on Delivery,Delivered,13314.26,0.2961,2024-08,2024,Q3,1,0,0
ORD000169,2024-07-20,CUST00437,Beauty,Sunscreen,Central,Indore,Website,2,1700.35,0.15,3400.7,2890.6,2239.11,Credit Card,Delivered,651.49,0.2254,2024-07,2024,Q3,1,0,0
ORD000170,2025-06-22,CUST00282,Home & Kitchen,Storage Box,North,Jaipur,Mobile App,5,3417.77,0.2,17088.85,13671.08,9444.08,Cash on Delivery,Delivered,4227.0,0.3092,2025-06,2025,Q2,1,0,0
ORD000171,2024-05-25,CUST00070,Electronics,Laptop Stand,South,Chennai,Marketplace,2,7045.05,0.1,14090.1,12681.09,7632.03,Net Banking,Delivered,5049.06,0.3982,2024-05,2024,Q2,1,0,0
ORD000172,2024-08-23,CUST00167,Electronics,Wireless Headphones,East,Bhubaneswar,Website,3,21987.34,0.15,65962.02,56067.71,38458.03,Debit Card,Delivered,17609.68,0.3141,2024-08,2024,Q3,1,0,0
ORD000173,2024-10-04,CUST00749,Beauty,Face Serum,West,Ahmedabad,Mobile App,2,1801.85,0.1,3603.69,3243.32,1732.61,UPI,Delivered,1510.71,0.4658,2024-10,2024,Q4,1,0,0
ORD000174,2025-01-02,CUST01184,Electronics,Bluetooth Speaker,South,Bengaluru,Mobile App,2,14546.05,0.05,29092.1,27637.49,18159.64,Credit Card,Delivered,9477.85,0.3429,2025-01,2025,Q1,1,0,0
ORD000175,2024-07-24,CUST01292,Sports,Dumbbells,West,Ahmedabad,Website,5,5699.05,0.15,28495.23,24220.95,17709.17,UPI,Cancelled,6511.78,0.2688,2024-07,2024,Q3,0,0,1
ORD000176,2024-03-27,CUST01513,Electronics,Laptop Stand,South,Hyderabad,Mobile App,2,10227.16,0.15,20454.33,17386.18,11626.55,Debit Card,Delivered,5759.63,0.3313,2024-03,2024,Q1,1,0,0
ORD000177,2024-12-12,CUST00201,Electronics,Bluetooth Speaker,Central,Nagpur,Marketplace,3,18093.14,0.0,54279.42,54279.42,28280.69,Credit Card,Delivered,25998.73,0.479,2024-12,2024,Q4,1,0,0
ORD000178,2025-02-13,CUST00218,Home & Kitchen,Coffee Maker,North,Delhi,Website,4,2414.18,0.1,9656.73,8691.05,7237.73,Debit Card,Delivered,1453.32,0.1672,2025-02,2025,Q1,1,0,0
ORD000179,2024-01-19,CUST00341,Electronics,Laptop Stand,East,Kolkata,Website,2,17651.68,0.1,35303.36,31773.03,23910.69,UPI,Delivered,7862.34,0.2475,2024-01,2024,Q1,1,0,0
ORD000180,2025-03-06,CUST01363,Fashion,Backpack,South,Chennai,Marketplace,3,4375.79,0.2,13127.37,10501.9,7455.36,Net Banking,Delivered,3046.54,0.2901,2025-03,2025,Q1,1,0,0
ORD000181,2024-10-18,CUST01506,Fashion,Backpack,Central,Bhopal,Website,1,2629.33,0.05,2629.33,2497.87,1701.83,Credit Card,Delivered,796.04,0.3187,2024-10,2024,Q4,1,0,0
ORD000182,2024-08-06,CUST01118,Sports,Yoga Mat,Central,Nagpur,Website,5,5706.65,0.05,28533.27,27106.61,22759.1,Credit Card,Delivered,4347.51,0.1604,2024-08,2024,Q3,1,0,0
ORD000183,2024-03-28,CUST00558,Fashion,Running Shoes,South,Bengaluru,Website,4,3356.3,0.1,13425.18,12082.67,7633.41,UPI,Delivered,4449.26,0.3682,2024-03,2024,Q1,1,0,0
ORD000184,2024-09-29,CUST00297,Home & Kitchen,Mixer Grinder,East,Patna,Website,1,5081.23,0.1,5081.23,4573.11,3051.4,UPI,Delivered,1521.71,0.3328,2024-09,2024,Q3,1,0,0
ORD000185,2024-01-29,CUST00055,Home & Kitchen,Mixer Grinder,West,Mumbai,Mobile App,4,8122.8,0.05,32491.22,30866.66,16344.05,Cash on Delivery,Delivered,14522.61,0.4705,2024-01,2024,Q1,1,0,0
ORD000186,2025-01-01,CUST00617,Beauty,Face Serum,East,Kolkata,Website,1,1977.88,0.1,1977.88,1780.1,1384.08,UPI,Delivered,396.02,0.2225,2025-01,2025,Q1,1,0,0
ORD000187,2024-01-12,CUST00115,Electronics,Power Bank,East,Bhubaneswar,Mobile App,2,18320.65,0.2,36641.31,29313.05,19832.13,Net Banking,Delivered,9480.92,0.3234,2024-01,2024,Q1,1,0,0
ORD000188,2025-01-04,CUST01282,Sports,Dumbbells,North,Chandigarh,Mobile App,5,581.01,0.05,2905.04,2759.79,2234.85,Debit Card,Delivered,524.94,0.1902,2025-01,2025,Q1,1,0,0
ORD000189,2024-04-01,CUST00453,Home & Kitchen,Coffee Maker,East,Kolkata,Marketplace,4,7018.0,0.1,28071.99,25264.8,15136.98,UPI,Delivered,10127.82,0.4009,2024-04,2024,Q2,1,0,0
ORD000190,2025-01-04,CUST00617,Fashion,Sunglasses,West,Mumbai,Marketplace,3,4759.14,0.0,14277.41,14277.41,9623.32,Cash on Delivery,Delivered,4654.09,0.326,2025-01,2025,Q1,1,0,0
ORD000191,2025-01-03,CUST00203,Fashion,Sunglasses,Central,Indore,Website,3,3988.17,0.05,11964.5,11366.28,8044.22,Cash on Delivery,Delivered,3322.06,0.2923,2025-01,2025,Q1,1,0,0
ORD000192,2025-02-21,CUST01429,Home & Kitchen,Coffee Maker,West,Mumbai,Mobile App,5,8950.37,0.05,44751.85,42514.26,22467.47,UPI,Delivered,20046.79,0.4715,2025-02,2025,Q1,1,0,0
ORD000193,2025-01-14,CUST00338,Beauty,Face Serum,North,Jaipur,Website,2,1577.46,0.1,3154.91,2839.42,1606.59,Cash on Delivery,Delivered,1232.83,0.4342,2025-01,2025,Q1,1,0,0
ORD000194,2025-05-29,CUST00926,Electronics,Bluetooth Speaker,East,Bhubaneswar,Mobile App,1,10672.4,0.05,10672.4,10138.78,6800.74,Credit Card,Returned,3338.04,0.3292,2025-05,2025,Q2,0,1,0
ORD000195,2024-08-17,CUST01210,Home & Kitchen,Coffee Maker,South,Bengaluru,Mobile App,5,7133.16,0.0,35665.8,35665.8,20160.13,Credit Card,Returned,15505.67,0.4347,2024-08,2024,Q3,0,1,0
ORD000196,2024-04-10,CUST00885,Electronics,Bluetooth Speaker,Central,Nagpur,Mobile App,1,5824.59,0.05,5824.59,5533.36,4110.08,Credit Card,Delivered,1423.28,0.2572,2024-04,2024,Q2,1,0,0
ORD000197,2025-06-12,CUST00406,Sports,Cricket Bat,North,Chandigarh,Mobile App,1,4310.87,0.05,4310.87,4095.33,2526.16,UPI,Delivered,1569.17,0.3832,2025-06,2025,Q2,1,0,0
ORD000198,2025-03-20,CUST01122,Fashion,Backpack,North,Jaipur,Website,1,5006.58,0.25,5006.58,3754.94,3001.79,Net Banking,Delivered,753.15,0.2006,2025-03,2025,Q1,1,0,0
ORD000199,2025-01-16,CUST01504,Sports,Yoga Mat,South,Bengaluru,Website,2,2515.32,0.2,5030.63,4024.5,2301.67,Net Banking,Delivered,1722.83,0.4281,2025-01,2025,Q1,1,0,0
ORD000200,2025-03-06,CUST00702,Fashion,Sunglasses,East,Kolkata,Marketplace,4,4087.51,0.1,16350.03,14715.02,9322.61,Credit Card,Delivered,5392.41,0.3665,2025-03,2025,Q1,1,0,0
ORD000201,2024-04-19,CUST01544,Fashion,Sunglasses,North,Chandigarh,Marketplace,5,5074.49,0.1,25372.45,22835.21,17602.96,Net Banking,Delivered,5232.25,0.2291,2024-04,2024,Q2,1,0,0
ORD000202,2025-02-19,CUST00469,Electronics,Wireless Headphones,North,Chandigarh,Marketplace,4,4316.04,0.05,17264.16,16400.95,12281.93,Debit Card,Delivered,4119.02,0.2511,2025-02,2025,Q1,1,0,0
ORD000203,2024-12-15,CUST00250,Sports,Yoga Mat,West,Mumbai,Website,1,619.8,0.0,619.8,619.8,488.15,Cash on Delivery,Delivered,131.65,0.2124,2024-12,2024,Q4,1,0,0
ORD000204,2024-07-03,CUST01239,Beauty,Lip Balm,East,Kolkata,Mobile App,3,1217.0,0.05,3651.01,3468.46,2550.39,UPI,Delivered,918.07,0.2647,2024-07,2024,Q3,1,0,0
ORD000205,2024-07-20,CUST00071,Beauty,Moisturizer,South,Bengaluru,Marketplace,3,1612.55,0.15,4837.66,4112.01,2850.83,Debit Card,Returned,1261.18,0.3067,2024-07,2024,Q3,0,1,0
ORD000206,2024-12-12,CUST00741,Electronics,Wireless Headphones,West,Pune,Marketplace,1,4328.42,0.15,4328.42,3679.16,1932.89,Credit Card,Delivered,1746.27,0.4746,2024-12,2024,Q4,1,0,0
ORD000207,2024-05-18,CUST01051,Fashion,Backpack,West,Mumbai,Website,3,1690.62,0.2,5071.86,4057.49,2990.74,Cash on Delivery,Delivered,1066.75,0.2629,2024-05,2024,Q2,1,0,0
ORD000208,2025-02-14,CUST00245,Electronics,Bluetooth Speaker,North,Delhi,Website,1,13872.01,0.1,13872.01,12484.81,8567.9,Net Banking,Pending,3916.91,0.3137,2025-02,2025,Q1,0,0,0
ORD000209,2025-03-07,CUST00038,Home & Kitchen,Air Fryer,North,Delhi,Mobile App,4,5906.57,0.1,23626.3,21263.67,16083.8,Debit Card,Delivered,5179.87,0.2436,2025-03,2025,Q1,1,0,0
ORD000210,2024-11-27,CUST00812,Sports,Yoga Mat,West,Pune,Website,3,6902.79,0.05,20708.38,19672.96,11323.21,UPI,Delivered,8349.75,0.4244,2024-11,2024,Q4,1,0,0
ORD000211,2024-03-30,CUST01420,Home & Kitchen,Mixer Grinder,North,Jaipur,Mobile App,4,5948.17,0.15,23792.67,20223.77,13148.84,Credit Card,Cancelled,7074.93,0.3498,2024-03,2024,Q1,0,0,1
ORD000212,2024-09-10,CUST00148,Fashion,T-Shirt,West,Pune,Marketplace,1,1995.09,0.0,1995.09,1995.09,1270.78,Net Banking,Delivered,724.31,0.363,2024-09,2024,Q3,1,0,0
ORD000213,2025-04-21,CUST01297,Home & Kitchen,Coffee Maker,West,Pune,Website,5,8786.36,0.0,43931.82,43931.82,33029.99,Debit Card,Delivered,10901.83,0.2482,2025-04,2025,Q2,1,0,0
ORD000214,2025-01-03,CUST00718,Sports,Resistance Bands,West,Ahmedabad,Website,3,3193.02,0.1,9579.06,8621.15,4786.17,Net Banking,Delivered,3834.98,0.4448,2025-01,2025,Q1,1,0,0
ORD000215,2024-01-09,CUST01040,Home & Kitchen,Storage Box,West,Mumbai,Website,2,8951.39,0.0,17902.79,17902.79,14980.41,Net Banking,Returned,2922.38,0.1632,2024-01,2024,Q1,0,1,0
ORD000216,2024-03-01,CUST00507,Fashion,Backpack,North,Delhi,Marketplace,1,765.79,0.25,765.79,574.34,464.91,Debit Card,Delivered,109.43,0.1905,2024-03,2024,Q1,1,0,0
ORD000217,2024-03-16,CUST00216,Fashion,Denim Jacket,East,Kolkata,Website,5,4677.3,0.0,23386.49,23386.49,12789.15,Cash on Delivery,Delivered,10597.34,0.4531,2024-03,2024,Q1,1,0,0
ORD000218,2024-06-21,CUST01200,Electronics,Smartwatch,South,Hyderabad,Website,5,10447.39,0.15,52236.93,44401.39,36053.65,Credit Card,Delivered,8347.74,0.188,2024-06,2024,Q2,1,0,0
ORD000219,2025-05-05,CUST00238,Fashion,Backpack,South,Bengaluru,Mobile App,5,3212.77,0.1,16063.86,14457.47,11832.35,Credit Card,Delivered,2625.12,0.1816,2025-05,2025,Q2,1,0,0
ORD000220,2025-06-06,CUST00754,Fashion,Denim Jacket,Central,Nagpur,Marketplace,2,4659.54,0.0,9319.08,9319.08,7042.69,Debit Card,Returned,2276.39,0.2443,2025-06,2025,Q2,0,1,0
ORD000221,2024-05-15,CUST00111,Electronics,Laptop Stand,South,Chennai,Marketplace,1,9745.84,0.1,9745.84,8771.26,5585.63,Cash on Delivery,Delivered,3185.63,0.3632,2024-05,2024,Q2,1,0,0
ORD000222,2025-01-31,CUST00226,Beauty,Shampoo,East,Kolkata,Website,5,552.93,0.15,2764.65,2349.95,1812.08,UPI,Delivered,537.87,0.2289,2025-01,2025,Q1,1,0,0
ORD000223,2024-04-24,CUST00524,Electronics,Wireless Headphones,Central,Bhopal,Website,4,20486.38,0.2,81945.52,65556.42,43192.92,UPI,Delivered,22363.5,0.3411,2024-04,2024,Q2,1,0,0
ORD000224,2024-11-26,CUST01487,Fashion,Sunglasses,South,Bengaluru,Marketplace,5,1282.67,0.0,6413.34,6413.34,3411.01,UPI,Delivered,3002.33,0.4681,2024-11,2024,Q4,1,0,0
ORD000225,2024-11-26,CUST01560,Sports,Dumbbells,South,Hyderabad,Mobile App,5,2603.41,0.1,13017.05,11715.35,8468.34,Net Banking,Delivered,3247.01,0.2772,2024-11,2024,Q4,1,0,0
ORD000226,2024-12-01,CUST00724,Fashion,Running Shoes,West,Mumbai,Website,5,2486.44,0.0,12432.21,12432.21,8094.47,UPI,Delivered,4337.74,0.3489,2024-12,2024,Q4,1,0,0
ORD000227,2025-01-24,CUST01394,Electronics,Power Bank,West,Mumbai,Mobile App,2,9814.19,0.2,19628.38,15702.7,9868.67,Credit Card,Delivered,5834.03,0.3715,2025-01,2025,Q1,1,0,0
ORD000228,2024-07-06,CUST00173,Fashion,Sunglasses,North,Chandigarh,Marketplace,5,3241.6,0.05,16207.98,15397.58,12646.72,Net Banking,Cancelled,2750.86,0.1787,2024-07,2024,Q3,0,0,1
ORD000229,2024-05-04,CUST00676,Electronics,Smartwatch,West,Pune,Marketplace,4,18311.47,0.15,73245.88,62259.0,37970.93,Cash on Delivery,Delivered,24288.07,0.3901,2024-05,2024,Q2,1,0,0
ORD000230,2024-10-18,CUST00390,Home & Kitchen,Coffee Maker,West,Mumbai,Website,2,4044.33,0.2,8088.66,6470.93,4907.95,Credit Card,Returned,1562.98,0.2415,2024-10,2024,Q4,0,1,0
ORD000231,2024-07-29,CUST01515,Electronics,Bluetooth Speaker,East,Patna,Website,3,5421.02,0.1,16263.06,14636.76,8579.73,Credit Card,Delivered,6057.03,0.4138,2024-07,2024,Q3,1,0,0
ORD000232,2024-11-17,CUST00779,Beauty,Moisturizer,East,Bhubaneswar,Mobile App,2,2991.75,0.1,5983.49,5385.14,3729.55,Net Banking,Delivered,1655.59,0.3074,2024-11,2024,Q4,1,0,0
ORD000233,2024-07-28,CUST00092,Fashion,Sunglasses,North,Delhi,Website,5,3251.9,0.0,16259.52,16259.52,13398.47,Debit Card,Delivered,2861.05,0.176,2024-07,2024,Q3,1,0,0
ORD000234,2025-01-09,CUST01452,Beauty,Face Serum,West,Pune,Website,1,1902.77,0.1,1902.77,1712.5,898.69,Net Banking,Delivered,813.81,0.4752,2025-01,2025,Q1,1,0,0
ORD000235,2024-09-13,CUST01009,Electronics,Laptop Stand,North,Jaipur,Website,5,9869.89,0.1,49349.47,44414.52,23228.67,Net Banking,Delivered,21185.85,0.477,2024-09,2024,Q3,1,0,0
ORD000236,2024-01-11,CUST01244,Electronics,Wireless Headphones,East,Kolkata,Mobile App,2,21666.65,0.2,43333.3,34666.64,25868.53,Cash on Delivery,Delivered,8798.11,0.2538,2024-01,2024,Q1,1,0,0
ORD000237,2024-12-05,CUST01494,Electronics,Laptop Stand,West,Ahmedabad,Website,3,20583.59,0.0,61750.78,61750.78,33381.07,UPI,Delivered,28369.71,0.4594,2024-12,2024,Q4,1,0,0
ORD000238,2024-05-13,CUST01372,Fashion,Running Shoes,North,Jaipur,Mobile App,3,1788.81,0.05,5366.44,5098.12,3900.21,Net Banking,Delivered,1197.91,0.235,2024-05,2024,Q2,1,0,0
ORD000239,2024-05-02,CUST01261,Sports,Football,East,Patna,Website,4,5979.47,0.05,23917.89,22721.99,14890.86,UPI,Delivered,7831.13,0.3446,2024-05,2024,Q2,1,0,0
ORD000240,2024-10-14,CUST00447,Beauty,Face Serum,Central,Indore,Mobile App,5,631.34,0.0,3156.71,3156.71,2162.34,Cash on Delivery,Cancelled,994.37,0.315,2024-10,2024,Q4,0,0,1
ORD000241,2025-06-12,CUST01347,Fashion,Denim Jacket,North,Chandigarh,Website,4,3766.48,0.05,15065.93,14312.63,11409.1,Cash on Delivery,Pending,2903.53,0.2029,2025-06,2025,Q2,0,0,0
ORD000242,2025-04-09,CUST00331,Home & Kitchen,Storage Box,East,Patna,Website,2,6918.56,0.1,13837.12,12453.41,8117.74,Net Banking,Delivered,4335.67,0.3482,2025-04,2025,Q2,1,0,0
ORD000243,2024-06-30,CUST01293,Fashion,Running Shoes,South,Bengaluru,Marketplace,4,3943.09,0.15,15772.35,13406.49,10150.89,UPI,Delivered,3255.6,0.2428,2024-06,2024,Q2,1,0,0
ORD000244,2025-04-23,CUST00955,Electronics,Power Bank,North,Delhi,Website,2,14465.05,0.2,28930.1,23144.08,14895.29,Cash on Delivery,Delivered,8248.79,0.3564,2025-04,2025,Q2,1,0,0
ORD000245,2024-11-27,CUST00769,Electronics,Bluetooth Speaker,West,Ahmedabad,Website,5,10684.45,0.1,53422.23,48080.01,27616.85,Credit Card,Delivered,20463.16,0.4256,2024-11,2024,Q4,1,0,0
ORD000246,2024-03-31,CUST00825,Beauty,Moisturizer,East,Bhubaneswar,Website,2,2592.2,0.0,5184.41,5184.41,3139.95,Credit Card,Delivered,2044.46,0.3943,2024-03,2024,Q1,1,0,0
ORD000247,2024-09-04,CUST01186,Fashion,Sunglasses,West,Mumbai,Mobile App,3,1728.54,0.1,5185.62,4667.06,2932.63,Credit Card,Delivered,1734.43,0.3716,2024-09,2024,Q3,1,0,0
ORD000248,2024-03-10,CUST01349,Electronics,Laptop Stand,South,Hyderabad,Website,1,16554.53,0.05,16554.53,15726.8,11208.46,Net Banking,Delivered,4518.34,0.2873,2024-03,2024,Q1,1,0,0
ORD000249,2025-03-22,CUST00659,Fashion,Denim Jacket,East,Kolkata,Website,3,1481.56,0.0,4444.67,4444.67,2437.65,Credit Card,Delivered,2007.02,0.4516,2025-03,2025,Q1,1,0,0
ORD000250,2024-08-09,CUST01586,Sports,Cricket Bat,South,Bengaluru,Mobile App,2,6131.98,0.05,12263.96,11650.76,9627.51,Debit Card,Delivered,2023.25,0.1737,2024-08,2024,Q3,1,0,0
ORD000251,2025-03-22,CUST00380,Home & Kitchen,Air Fryer,North,Delhi,Mobile App,5,5852.21,0.15,29261.06,24871.9,16115.25,Debit Card,Delivered,8756.65,0.3521,2025-03,2025,Q1,1,0,0
ORD000252,2025-06-17,CUST00917,Electronics,Smartwatch,West,Ahmedabad,Mobile App,1,10989.54,0.0,10989.54,10989.54,9160.45,UPI,Delivered,1829.09,0.1664,2025-06,2025,Q2,1,0,0
ORD000253,2024-02-24,CUST00923,Electronics,Smartwatch,North,Jaipur,Website,5,10276.33,0.15,51381.63,43674.38,23951.25,Net Banking,Delivered,19723.13,0.4516,2024-02,2024,Q1,1,0,0
ORD000254,2024-08-16,CUST00741,Electronics,Power Bank,West,Mumbai,Marketplace,4,13930.03,0.05,55720.11,52934.11,41962.59,Debit Card,Delivered,10971.52,0.2073,2024-08,2024,Q3,1,0,0
ORD000255,2025-05-19,CUST01334,Beauty,Face Serum,East,Patna,Website,1,2289.59,0.0,2289.59,2289.59,1481.84,Cash on Delivery,Delivered,807.75,0.3528,2025-05,2025,Q2,1,0,0
ORD000256,2024-11-21,CUST00468,Fashion,T-Shirt,South,Chennai,Mobile App,1,722.27,0.0,722.27,722.27,590.86,Cash on Delivery,Delivered,131.41,0.1819,2024-11,2024,Q4,1,0,0
ORD000257,2024-04-21,CUST00954,Beauty,Shampoo,West,Mumbai,Marketplace,5,1015.01,0.1,5075.04,4567.54,2503.45,Credit Card,Delivered,2064.09,0.4519,2024-04,2024,Q2,1,0,0
ORD000258,2024-07-15,CUST00014,Sports,Yoga Mat,North,Jaipur,Mobile App,3,2109.85,0.05,6329.56,6013.08,4406.6,Debit Card,Delivered,1606.48,0.2672,2024-07,2024,Q3,1,0,0
ORD000259,2024-02-06,CUST01155,Beauty,Lip Balm,East,Kolkata,Website,2,1044.14,0.0,2088.29,2088.29,1724.36,Debit Card,Delivered,363.93,0.1743,2024-02,2024,Q1,1,0,0
ORD000260,2024-11-03,CUST00297,Electronics,Smartwatch,West,Mumbai,Website,1,20265.28,0.05,20265.28,19252.02,13277.25,Cash on Delivery,Delivered,5974.77,0.3103,2024-11,2024,Q4,1,0,0
ORD000261,2025-03-05,CUST01360,Home & Kitchen,Storage Box,East,Patna,Mobile App,4,5894.92,0.1,23579.68,21221.71,14831.63,Cash on Delivery,Delivered,6390.08,0.3011,2025-03,2025,Q1,1,0,0
ORD000262,2024-12-20,CUST00076,Home & Kitchen,Coffee Maker,Central,Bhopal,Mobile App,1,1538.69,0.05,1538.69,1461.76,998.48,UPI,Delivered,463.28,0.3169,2024-12,2024,Q4,1,0,0
ORD000263,2024-03-08,CUST00712,Home & Kitchen,Mixer Grinder,South,Bengaluru,Website,4,3329.46,0.05,13317.84,12651.95,7987.04,Debit Card,Delivered,4664.91,0.3687,2024-03,2024,Q1,1,0,0
ORD000264,2024-05-23,CUST00780,Fashion,T-Shirt,East,Patna,Marketplace,3,2383.09,0.2,7149.27,5719.42,3338.68,Credit Card,Delivered,2380.74,0.4163,2024-05,2024,Q2,1,0,0
ORD000265,2024-04-04,CUST00026,Fashion,Denim Jacket,East,Bhubaneswar,Mobile App,1,2126.1,0.0,2126.1,2126.1,1382.19,Debit Card,Delivered,743.91,0.3499,2024-04,2024,Q2,1,0,0
ORD000266,2024-05-21,CUST00785,Fashion,Backpack,East,Kolkata,Mobile App,2,3511.26,0.1,7022.52,6320.27,4618.64,Debit Card,Cancelled,1701.63,0.2692,2024-05,2024,Q2,0,0,1
ORD000267,2024-08-06,CUST00196,Fashion,Running Shoes,South,Bengaluru,Website,2,1846.19,0.05,3692.39,3507.77,2889.91,Cash on Delivery,Delivered,617.86,0.1761,2024-08,2024,Q3,1,0,0
ORD000268,2024-08-06,CUST00913,Electronics,Bluetooth Speaker,East,Bhubaneswar,Marketplace,2,20971.63,0.05,41943.26,39846.1,21692.16,Credit Card,Delivered,18153.94,0.4556,2024-08,2024,Q3,1,0,0
ORD000269,2025-03-26,CUST01429,Electronics,Laptop Stand,North,Delhi,Website,2,16937.32,0.25,33874.64,25405.98,19627.33,Debit Card,Delivered,5778.65,0.2275,2025-03,2025,Q1,1,0,0
ORD000270,2024-10-29,CUST01357,Electronics,Bluetooth Speaker,North,Delhi,Website,5,15243.23,0.1,76216.17,68594.55,49334.84,Cash on Delivery,Delivered,19259.71,0.2808,2024-10,2024,Q4,1,0,0
ORD000271,2025-06-07,CUST00825,Sports,Resistance Bands,North,Delhi,Mobile App,5,2957.31,0.2,14786.54,11829.23,7736.33,UPI,Delivered,4092.9,0.346,2025-06,2025,Q2,1,0,0
ORD000272,2024-02-21,CUST00361,Electronics,Bluetooth Speaker,Central,Indore,Website,3,20369.08,0.25,61107.24,45830.43,23840.56,Net Banking,Delivered,21989.87,0.4798,2024-02,2024,Q1,1,0,0
ORD000273,2025-03-19,CUST00103,Fashion,Backpack,West,Pune,Website,5,4404.82,0.1,22024.08,19821.67,12477.08,Debit Card,Delivered,7344.59,0.3705,2025-03,2025,Q1,1,0,0
ORD000274,2024-07-24,CUST00093,Electronics,Laptop Stand,West,Mumbai,Mobile App,3,4068.08,0.0,12204.23,12204.23,6710.72,Net Banking,Delivered,5493.51,0.4501,2024-07,2024,Q3,1,0,0
ORD000275,2025-05-11,CUST00567,Home & Kitchen,Coffee Maker,West,Ahmedabad,Website,3,2586.53,0.15,7759.58,6595.65,4542.18,Debit Card,Delivered,2053.47,0.3113,2025-05,2025,Q2,1,0,0
ORD000276,2024-10-09,CUST00135,Beauty,Moisturizer,West,Ahmedabad,Mobile App,3,968.54,0.1,2905.63,2615.07,1445.27,Credit Card,Delivered,1169.8,0.4473,2024-10,2024,Q4,1,0,0
ORD000277,2024-03-07,CUST00036,Beauty,Moisturizer,West,Ahmedabad,Mobile App,2,2807.0,0.05,5614.01,5333.31,2832.36,Debit Card,Delivered,2500.95,0.4689,2024-03,2024,Q1,1,0,0
ORD000278,2024-06-05,CUST01000,Sports,Yoga Mat,North,Chandigarh,Website,5,5067.9,0.2,25339.52,20271.61,15430.19,Credit Card,Delivered,4841.42,0.2388,2024-06,2024,Q2,1,0,0
ORD000279,2024-01-13,CUST01418,Sports,Cricket Bat,West,Ahmedabad,Website,4,2769.62,0.25,11078.48,8308.86,5214.13,Credit Card,Delivered,3094.73,0.3725,2024-01,2024,Q1,1,0,0
ORD000280,2024-12-06,CUST01182,Electronics,Wireless Headphones,West,Pune,Marketplace,3,8009.9,0.15,24029.71,20425.25,16055.71,UPI,Delivered,4369.54,0.2139,2024-12,2024,Q4,1,0,0
ORD000281,2024-09-01,CUST00277,Fashion,Denim Jacket,East,Bhubaneswar,Marketplace,4,1453.58,0.1,5814.32,5232.88,4023.79,UPI,Cancelled,1209.09,0.2311,2024-09,2024,Q3,0,0,1
ORD000282,2025-01-20,CUST00133,Electronics,Smartwatch,North,Chandigarh,Mobile App,3,7264.97,0.2,21794.9,17435.92,11203.64,Credit Card,Delivered,6232.28,0.3574,2025-01,2025,Q1,1,0,0
ORD000283,2024-10-27,CUST01166,Sports,Football,West,Mumbai,Mobile App,5,5341.96,0.1,26709.81,24038.83,17898.32,Debit Card,Delivered,6140.51,0.2554,2024-10,2024,Q4,1,0,0
ORD000284,2024-03-10,CUST00956,Electronics,Bluetooth Speaker,Central,Bhopal,Marketplace,1,7983.36,0.1,7983.36,7185.03,4327.58,Cash on Delivery,Delivered,2857.45,0.3977,2024-03,2024,Q1,1,0,0
ORD000285,2024-01-27,CUST00497,Beauty,Lip Balm,East,Bhubaneswar,Website,4,1017.54,0.2,4070.17,3256.14,2679.27,Cash on Delivery,Delivered,576.87,0.1772,2024-01,2024,Q1,1,0,0
ORD000286,2024-04-24,CUST00260,Home & Kitchen,Air Fryer,South,Bengaluru,Marketplace,3,3582.51,0.0,10747.53,10747.53,8818.5,Cash on Delivery,Delivered,1929.03,0.1795,2024-04,2024,Q2,1,0,0
ORD000287,2024-12-14,CUST01187,Electronics,Wireless Headphones,East,Bhubaneswar,Website,4,9219.69,0.15,36878.78,31346.96,16549.09,Net Banking,Delivered,14797.87,0.4721,2024-12,2024,Q4,1,0,0
ORD000288,2024-06-15,CUST00994,Home & Kitchen,Air Fryer,South,Chennai,Website,4,4110.48,0.05,16441.91,15619.81,13083.67,Credit Card,Delivered,2536.14,0.1624,2024-06,2024,Q2,1,0,0
ORD000289,2025-04-02,CUST00944,Electronics,Wireless Headphones,North,Chandigarh,Website,3,6955.86,0.15,20867.59,17737.46,14611.02,Cash on Delivery,Delivered,3126.44,0.1763,2025-04,2025,Q2,1,0,0
ORD000290,2024-01-06,CUST01583,Fashion,Running Shoes,Central,Indore,Website,5,3882.35,0.0,19411.74,19411.74,14364.88,Debit Card,Delivered,5046.86,0.26,2024-01,2024,Q1,1,0,0
ORD000291,2024-10-24,CUST00106,Sports,Resistance Bands,West,Mumbai,Website,5,1096.09,0.0,5480.44,5480.44,3014.29,Net Banking,Delivered,2466.15,0.45,2024-10,2024,Q4,1,0,0
ORD000292,2025-06-26,CUST00147,Electronics,Laptop Stand,West,Ahmedabad,Mobile App,4,10971.15,0.2,43884.61,35107.69,28055.14,Debit Card,Delivered,7052.55,0.2009,2025-06,2025,Q2,1,0,0
ORD000293,2024-09-05,CUST01087,Home & Kitchen,Mixer Grinder,West,Mumbai,Website,2,8232.1,0.2,16464.2,13171.36,8581.88,UPI,Delivered,4589.48,0.3484,2024-09,2024,Q3,1,0,0
ORD000294,2025-04-14,CUST00540,Beauty,Shampoo,Central,Bhopal,Mobile App,2,2990.41,0.2,5980.82,4784.66,3026.63,UPI,Delivered,1758.03,0.3674,2025-04,2025,Q2,1,0,0
ORD000295,2024-01-16,CUST00652,Fashion,Backpack,West,Ahmedabad,Marketplace,2,1890.94,0.05,3781.88,3592.79,2268.32,Debit Card,Delivered,1324.47,0.3686,2024-01,2024,Q1,1,0,0
ORD000296,2025-06-29,CUST00206,Beauty,Shampoo,West,Mumbai,Marketplace,1,951.83,0.1,951.83,856.65,486.17,Net Banking,Delivered,370.48,0.4325,2025-06,2025,Q2,1,0,0
ORD000297,2025-05-02,CUST00979,Beauty,Moisturizer,North,Jaipur,Website,3,2736.47,0.15,8209.42,6978.01,5616.62,Cash on Delivery,Delivered,1361.39,0.1951,2025-05,2025,Q2,1,0,0
ORD000298,2024-12-05,CUST00999,Sports,Cricket Bat,East,Kolkata,Mobile App,5,4951.36,0.1,24756.82,22281.14,12497.61,Cash on Delivery,Returned,9783.53,0.4391,2024-12,2024,Q4,0,1,0
ORD000299,2024-03-09,CUST00825,Electronics,Smartwatch,South,Chennai,Website,4,4977.37,0.05,19909.47,18914.0,11644.83,Debit Card,Delivered,7269.17,0.3843,2024-03,2024,Q1,1,0,0
ORD000300,2024-02-18,CUST01469,Home & Kitchen,Storage Box,West,Mumbai,Marketplace,4,9307.52,0.1,37230.07,33507.06,26273.34,Debit Card,Delivered,7233.72,0.2159,2024-02,2024,Q1,1,0,0
ORD000301,2024-02-11,CUST00417,Electronics,Wireless Headphones,South,Chennai,Website,4,3667.89,0.2,14671.57,11737.25,7322.14,Debit Card,Delivered,4415.11,0.3762,2024-02,2024,Q1,1,0,0
ORD000302,2024-01-27,CUST00301,Home & Kitchen,Water Bottle,North,Jaipur,Mobile App,3,3049.9,0.05,9149.69,8692.2,6397.39,Debit Card,Delivered,2294.81,0.264,2024-01,2024,Q1,1,0,0
ORD000303,2024-08-15,CUST01586,Home & Kitchen,Mixer Grinder,South,Chennai,Mobile App,2,8100.61,0.05,16201.21,15391.15,12249.58,UPI,Pending,3141.57,0.2041,2024-08,2024,Q3,0,0,0
ORD000304,2024-12-11,CUST00148,Beauty,Face Serum,South,Hyderabad,Mobile App,1,2266.49,0.2,2266.49,1813.19,947.64,Net Banking,Delivered,865.55,0.4774,2024-12,2024,Q4,1,0,0
ORD000305,2024-10-04,CUST01424,Beauty,Sunscreen,Central,Nagpur,Website,3,689.48,0.1,2068.44,1861.59,976.63,Credit Card,Delivered,884.96,0.4754,2024-10,2024,Q4,1,0,0
ORD000306,2025-05-10,CUST01379,Electronics,Laptop Stand,South,Hyderabad,Marketplace,3,9144.22,0.05,27432.66,26061.02,19541.81,Debit Card,Delivered,6519.21,0.2502,2025-05,2025,Q2,1,0,0
ORD000307,2025-06-02,CUST00370,Beauty,Moisturizer,West,Pune,Mobile App,1,2283.05,0.05,2283.05,2168.89,1401.71,Debit Card,Pending,767.18,0.3537,2025-06,2025,Q2,0,0,0
ORD000308,2024-02-14,CUST00003,Electronics,Bluetooth Speaker,North,Jaipur,Website,5,9771.49,0.1,48857.44,43971.69,23390.1,Net Banking,Delivered,20581.59,0.4681,2024-02,2024,Q1,1,0,0
ORD000309,2024-08-21,CUST00405,Electronics,Wireless Headphones,Central,Indore,Mobile App,4,10019.76,0.1,40079.04,36071.13,29374.7,Debit Card,Delivered,6696.43,0.1856,2024-08,2024,Q3,1,0,0
ORD000310,2024-06-04,CUST00106,Beauty,Moisturizer,South,Chennai,Website,4,1648.56,0.05,6594.24,6264.53,3941.26,Debit Card,Delivered,2323.27,0.3709,2024-06,2024,Q2,1,0,0
ORD000311,2024-05-23,CUST00536,Fashion,Running Shoes,West,Ahmedabad,Website,5,2530.4,0.05,12652.01,12019.41,8075.42,Net Banking,Delivered,3943.99,0.3281,2024-05,2024,Q2,1,0,0
ORD000312,2024-01-04,CUST01052,Beauty,Moisturizer,Central,Indore,Website,3,1677.98,0.1,5033.95,4530.56,3791.39,Net Banking,Returned,739.17,0.1632,2024-01,2024,Q1,0,1,0
ORD000313,2025-01-21,CUST00064,Home & Kitchen,Water Bottle,East,Patna,Website,1,5386.81,0.05,5386.81,5117.47,3794.42,Net Banking,Returned,1323.05,0.2585,2025-01,2025,Q1,0,1,0
ORD000314,2025-01-06,CUST00753,Fashion,Sunglasses,West,Mumbai,Mobile App,2,369.9,0.05,739.8,702.81,382.92,Credit Card,Delivered,319.89,0.4552,2025-01,2025,Q1,1,0,0
ORD000315,2024-12-07,CUST00786,Fashion,T-Shirt,East,Bhubaneswar,Marketplace,2,3356.26,0.1,6712.52,6041.27,4375.83,Cash on Delivery,Delivered,1665.44,0.2757,2024-12,2024,Q4,1,0,0
ORD000316,2025-04-18,CUST00210,Sports,Yoga Mat,West,Mumbai,Marketplace,4,6979.32,0.1,27917.26,25125.54,17294.44,Cash on Delivery,Delivered,7831.1,0.3117,2025-04,2025,Q2,1,0,0
ORD000317,2024-04-08,CUST01216,Home & Kitchen,Water Bottle,East,Bhubaneswar,Mobile App,5,3054.55,0.1,15272.73,13745.46,7972.99,UPI,Delivered,5772.47,0.42,2024-04,2024,Q2,1,0,0
ORD000318,2024-08-13,CUST00690,Electronics,Laptop Stand,West,Mumbai,Mobile App,1,20521.65,0.1,20521.65,18469.49,10912.41,Credit Card,Delivered,7557.08,0.4092,2024-08,2024,Q3,1,0,0
ORD000319,2025-05-18,CUST00468,Fashion,Backpack,North,Delhi,Marketplace,2,4416.88,0.2,8833.76,7067.01,5173.59,Net Banking,Returned,1893.42,0.2679,2025-05,2025,Q2,0,1,0
ORD000320,2024-01-22,CUST01265,Beauty,Shampoo,North,Delhi,Website,4,1096.11,0.1,4384.45,3946.01,2330.8,Net Banking,Delivered,1615.21,0.4093,2024-01,2024,Q1,1,0,0
ORD000321,2025-03-13,CUST01151,Electronics,Smartwatch,West,Ahmedabad,Website,4,19218.44,0.05,76873.76,73030.07,41183.91,Credit Card,Delivered,31846.16,0.4361,2025-03,2025,Q1,1,0,0
ORD000322,2024-04-18,CUST00429,Fashion,Denim Jacket,East,Patna,Mobile App,5,4377.66,0.0,21888.28,21888.28,16286.86,UPI,Delivered,5601.42,0.2559,2024-04,2024,Q2,1,0,0
ORD000323,2024-07-02,CUST00943,Fashion,T-Shirt,South,Chennai,Mobile App,5,485.91,0.05,2429.54,2308.07,1759.36,Cash on Delivery,Delivered,548.71,0.2377,2024-07,2024,Q3,1,0,0
ORD000324,2024-04-11,CUST00268,Home & Kitchen,Mixer Grinder,Central,Nagpur,Mobile App,1,8953.69,0.1,8953.69,8058.32,4307.19,Net Banking,Returned,3751.13,0.4655,2024-04,2024,Q2,0,1,0
ORD000325,2024-02-01,CUST00118,Home & Kitchen,Air Fryer,South,Bengaluru,Mobile App,4,1117.49,0.1,4469.95,4022.95,2894.39,Debit Card,Delivered,1128.56,0.2805,2024-02,2024,Q1,1,0,0
ORD000326,2025-03-17,CUST00290,Electronics,Wireless Headphones,South,Bengaluru,Marketplace,2,12992.0,0.1,25983.99,23385.59,16193.06,Debit Card,Returned,7192.53,0.3076,2025-03,2025,Q1,0,1,0
ORD000327,2025-02-20,CUST00835,Electronics,Wireless Headphones,North,Jaipur,Mobile App,4,1378.88,0.2,5515.53,4412.43,2847.42,Debit Card,Delivered,1565.01,0.3547,2025-02,2025,Q1,1,0,0
ORD000328,2025-05-20,CUST00046,Fashion,T-Shirt,North,Chandigarh,Mobile App,1,3563.73,0.1,3563.73,3207.35,1855.5,UPI,Delivered,1351.85,0.4215,2025-05,2025,Q2,1,0,0
ORD000329,2024-06-16,CUST01338,Sports,Cricket Bat,South,Bengaluru,Website,3,4512.39,0.15,13537.17,11506.59,7575.0,Net Banking,Delivered,3931.59,0.3417,2024-06,2024,Q2,1,0,0
ORD000330,2024-04-08,CUST01455,Electronics,Laptop Stand,West,Pune,Website,4,12512.99,0.25,50051.94,37538.96,30357.47,Debit Card,Delivered,7181.49,0.1913,2024-04,2024,Q2,1,0,0
ORD000331,2025-06-22,CUST00226,Electronics,Power Bank,North,Jaipur,Marketplace,3,10257.89,0.05,30773.66,29234.98,19734.18,Debit Card,Delivered,9500.8,0.325,2025-06,2025,Q2,1,0,0
ORD000332,2025-03-10,CUST00660,Electronics,Laptop Stand,West,Mumbai,Website,1,18385.84,0.2,18385.84,14708.67,8204.53,Credit Card,Pending,6504.14,0.4422,2025-03,2025,Q1,0,0,0
ORD000333,2025-06-12,CUST00793,Beauty,Moisturizer,South,Hyderabad,Website,2,1570.76,0.05,3141.53,2984.45,1833.32,Credit Card,Delivered,1151.13,0.3857,2025-06,2025,Q2,1,0,0
ORD000334,2024-06-07,CUST00129,Beauty,Shampoo,South,Chennai,Mobile App,4,2127.97,0.05,8511.89,8086.3,5152.0,Debit Card,Delivered,2934.3,0.3629,2024-06,2024,Q2,1,0,0
ORD000335,2024-10-30,CUST00650,Electronics,Laptop Stand,East,Bhubaneswar,Website,4,14081.31,0.1,56325.22,50692.7,35463.86,Cash on Delivery,Cancelled,15228.84,0.3004,2024-10,2024,Q4,0,0,1
ORD000336,2024-07-29,CUST01191,Beauty,Moisturizer,South,Chennai,Mobile App,5,1869.88,0.2,9349.41,7479.53,4484.68,Net Banking,Delivered,2994.85,0.4004,2024-07,2024,Q3,1,0,0
ORD000337,2025-03-29,CUST01400,Home & Kitchen,Water Bottle,West,Mumbai,Mobile App,2,3532.92,0.0,7065.84,7065.84,5628.37,Debit Card,Pending,1437.47,0.2034,2025-03,2025,Q1,0,0,0
ORD000338,2025-03-02,CUST00236,Home & Kitchen,Water Bottle,South,Bengaluru,Mobile App,4,1145.59,0.0,4582.37,4582.37,2415.62,Net Banking,Delivered,2166.75,0.4728,2025-03,2025,Q1,1,0,0
ORD000339,2024-07-20,CUST00801,Home & Kitchen,Mixer Grinder,North,Delhi,Website,1,9301.33,0.2,9301.33,7441.06,4737.78,UPI,Delivered,2703.28,0.3633,2024-07,2024,Q3,1,0,0
ORD000340,2024-09-09,CUST00117,Electronics,Bluetooth Speaker,East,Kolkata,Marketplace,4,17493.7,0.25,69974.78,52481.09,43138.28,Net Banking,Delivered,9342.81,0.178,2024-09,2024,Q3,1,0,0
ORD000341,2025-02-11,CUST00418,Fashion,Backpack,East,Kolkata,Website,4,4247.33,0.1,16989.3,15290.37,9648.19,UPI,Delivered,5642.18,0.369,2025-02,2025,Q1,1,0,0
ORD000342,2024-05-01,CUST01357,Fashion,Backpack,North,Jaipur,Mobile App,5,2243.87,0.05,11219.34,10658.38,5842.56,Net Banking,Delivered,4815.82,0.4518,2024-05,2024,Q2,1,0,0
ORD000343,2024-08-16,CUST01488,Electronics,Bluetooth Speaker,West,Ahmedabad,Mobile App,1,14935.46,0.05,14935.46,14188.69,10301.18,Net Banking,Delivered,3887.51,0.274,2024-08,2024,Q3,1,0,0
ORD000344,2024-11-07,CUST00113,Home & Kitchen,Air Fryer,South,Bengaluru,Marketplace,2,3079.48,0.0,6158.96,6158.96,4030.35,Net Banking,Delivered,2128.61,0.3456,2024-11,2024,Q4,1,0,0
ORD000345,2024-02-14,CUST01588,Home & Kitchen,Coffee Maker,North,Jaipur,Marketplace,1,852.34,0.0,852.34,852.34,629.94,UPI,Delivered,222.4,0.2609,2024-02,2024,Q1,1,0,0
ORD000346,2024-06-30,CUST01093,Beauty,Sunscreen,North,Chandigarh,Website,2,2547.0,0.05,5094.0,4839.3,2606.75,Net Banking,Delivered,2232.55,0.4613,2024-06,2024,Q2,1,0,0
ORD000347,2024-02-09,CUST01070,Electronics,Bluetooth Speaker,South,Bengaluru,Website,5,5726.78,0.0,28633.91,28633.91,22184.98,UPI,Delivered,6448.93,0.2252,2024-02,2024,Q1,1,0,0
ORD000348,2024-02-11,CUST00472,Beauty,Lip Balm,North,Chandigarh,Website,3,763.78,0.15,2291.33,1947.63,1320.5,Net Banking,Delivered,627.13,0.322,2024-02,2024,Q1,1,0,0
ORD000349,2024-12-21,CUST01537,Home & Kitchen,Air Fryer,West,Mumbai,Website,1,4124.73,0.15,4124.73,3506.02,2574.37,Credit Card,Delivered,931.65,0.2657,2024-12,2024,Q4,1,0,0
ORD000350,2025-06-20,CUST00058,Beauty,Moisturizer,West,Ahmedabad,Mobile App,5,1505.6,0.2,7528.0,6022.4,4191.61,Debit Card,Delivered,1830.79,0.304,2025-06,2025,Q2,1,0,0
ORD000351,2024-11-24,CUST01132,Electronics,Smartwatch,West,Ahmedabad,Mobile App,2,4724.28,0.15,9448.56,8031.28,4702.64,Cash on Delivery,Delivered,3328.64,0.4145,2024-11,2024,Q4,1,0,0
ORD000352,2024-01-28,CUST00559,Fashion,Sunglasses,Central,Indore,Website,1,1929.35,0.15,1929.35,1639.95,1187.98,Cash on Delivery,Delivered,451.97,0.2756,2024-01,2024,Q1,1,0,0
ORD000353,2025-05-04,CUST00356,Home & Kitchen,Storage Box,West,Pune,Mobile App,2,7449.83,0.05,14899.67,14154.68,10257.78,Credit Card,Pending,3896.9,0.2753,2025-05,2025,Q2,0,0,0
ORD000354,2024-02-20,CUST01043,Beauty,Face Serum,West,Mumbai,Mobile App,5,428.23,0.05,2141.14,2034.08,1446.1,Debit Card,Delivered,587.98,0.2891,2024-02,2024,Q1,1,0,0
ORD000355,2024-08-16,CUST00932,Fashion,Denim Jacket,Central,Nagpur,Website,1,3498.2,0.1,3498.2,3148.38,2027.51,Net Banking,Delivered,1120.87,0.356,2024-08,2024,Q3,1,0,0
ORD000356,2025-06-15,CUST00136,Electronics,Bluetooth Speaker,West,Pune,Mobile App,5,17700.99,0.05,88504.93,84079.68,64263.33,Net Banking,Delivered,19816.35,0.2357,2025-06,2025,Q2,1,0,0
ORD000357,2024-12-06,CUST00934,Home & Kitchen,Water Bottle,South,Bengaluru,Mobile App,3,3841.78,0.15,11525.34,9796.54,6589.99,Debit Card,Delivered,3206.55,0.3273,2024-12,2024,Q4,1,0,0
ORD000358,2024-03-22,CUST01540,Fashion,T-Shirt,North,Chandigarh,Mobile App,3,935.18,0.1,2805.54,2524.98,1508.63,Credit Card,Delivered,1016.35,0.4025,2024-03,2024,Q1,1,0,0
ORD000359,2025-02-09,CUST01075,Sports,Football,East,Patna,Website,1,3897.22,0.15,3897.22,3312.64,2257.64,UPI,Delivered,1055.0,0.3185,2025-02,2025,Q1,1,0,0
ORD000360,2024-09-22,CUST00215,Home & Kitchen,Mixer Grinder,West,Ahmedabad,Website,1,4261.94,0.05,4261.94,4048.84,3352.07,Credit Card,Returned,696.77,0.1721,2024-09,2024,Q3,0,1,0
ORD000361,2025-01-13,CUST00946,Fashion,Running Shoes,South,Bengaluru,Mobile App,4,2866.05,0.1,11464.21,10317.79,5796.03,Debit Card,Delivered,4521.76,0.4382,2025-01,2025,Q1,1,0,0
ORD000362,2024-02-09,CUST01475,Fashion,Running Shoes,North,Chandigarh,Website,4,4111.52,0.1,16446.09,14801.48,12402.96,UPI,Delivered,2398.52,0.162,2024-02,2024,Q1,1,0,0
ORD000363,2025-06-14,CUST01456,Fashion,T-Shirt,West,Ahmedabad,Mobile App,3,5472.72,0.0,16418.17,16418.17,10400.61,Cash on Delivery,Delivered,6017.56,0.3665,2025-06,2025,Q2,1,0,0
ORD000364,2024-05-03,CUST01408,Home & Kitchen,Coffee Maker,South,Chennai,Mobile App,2,573.26,0.0,1146.51,1146.51,817.43,Debit Card,Delivered,329.08,0.287,2024-05,2024,Q2,1,0,0
ORD000365,2025-06-07,CUST00125,Electronics,Laptop Stand,South,Bengaluru,Marketplace,3,18736.96,0.1,56210.88,50589.79,27166.86,Cash on Delivery,Pending,23422.93,0.463,2025-06,2025,Q2,0,0,0
ORD000366,2024-06-21,CUST01259,Home & Kitchen,Air Fryer,North,Chandigarh,Marketplace,2,7240.49,0.05,14480.98,13756.94,9379.12,UPI,Delivered,4377.82,0.3182,2024-06,2024,Q2,1,0,0
ORD000367,2025-06-26,CUST00578,Home & Kitchen,Mixer Grinder,North,Jaipur,Mobile App,4,4541.13,0.1,18164.52,16348.06,13655.6,Debit Card,Delivered,2692.46,0.1647,2025-06,2025,Q2,1,0,0
ORD000368,2024-07-03,CUST01511,Electronics,Smartwatch,South,Bengaluru,Website,1,1231.26,0.15,1231.26,1046.57,578.7,Net Banking,Delivered,467.87,0.4471,2024-07,2024,Q3,1,0,0
ORD000369,2024-09-18,CUST01156,Beauty,Shampoo,West,Pune,Website,5,2093.75,0.1,10468.76,9421.88,6005.05,Net Banking,Delivered,3416.83,0.3626,2024-09,2024,Q3,1,0,0
ORD000370,2025-03-26,CUST00676,Beauty,Sunscreen,North,Delhi,Marketplace,4,2940.6,0.1,11762.38,10586.14,7000.26,Debit Card,Pending,3585.88,0.3387,2025-03,2025,Q1,0,0,0
ORD000371,2024-04-23,CUST01478,Fashion,Denim Jacket,South,Bengaluru,Mobile App,5,1750.13,0.1,8750.67,7875.61,5858.39,Cash on Delivery,Delivered,2017.22,0.2561,2024-04,2024,Q2,1,0,0
ORD000372,2025-01-25,CUST01396,Sports,Yoga Mat,West,Mumbai,Mobile App,1,3703.75,0.05,3703.75,3518.56,2422.48,Debit Card,Delivered,1096.08,0.3115,2025-01,2025,Q1,1,0,0
ORD000373,2025-03-04,CUST00143,Fashion,Sunglasses,West,Pune,Website,1,5410.31,0.05,5410.31,5139.79,3952.7,Debit Card,Delivered,1187.09,0.231,2025-03,2025,Q1,1,0,0
ORD000374,2024-04-01,CUST01200,Home & Kitchen,Air Fryer,West,Ahmedabad,Mobile App,5,3361.65,0.0,16808.24,16808.24,13989.63,Credit Card,Delivered,2818.61,0.1677,2024-04,2024,Q2,1,0,0
ORD000375,2024-11-30,CUST00333,Home & Kitchen,Water Bottle,Central,Indore,Website,4,2820.54,0.25,11282.17,8461.63,6893.34,Debit Card,Delivered,1568.29,0.1853,2024-11,2024,Q4,1,0,0
ORD000376,2024-09-20,CUST01343,Fashion,T-Shirt,West,Ahmedabad,Website,2,1106.93,0.1,2213.86,1992.47,1194.4,Net Banking,Delivered,798.07,0.4005,2024-09,2024,Q3,1,0,0
ORD000377,2024-04-07,CUST00262,Sports,Football,Central,Nagpur,Mobile App,2,2243.96,0.1,4487.92,4039.13,3174.87,Credit Card,Delivered,864.26,0.214,2024-04,2024,Q2,1,0,0
ORD000378,2025-05-17,CUST01586,Beauty,Sunscreen,Central,Indore,Website,2,2040.68,0.15,4081.36,3469.16,2030.13,Debit Card,Delivered,1439.03,0.4148,2025-05,2025,Q2,1,0,0
ORD000379,2025-02-11,CUST00117,Sports,Resistance Bands,East,Bhubaneswar,Mobile App,1,2859.29,0.05,2859.29,2716.33,1778.56,Net Banking,Delivered,937.77,0.3452,2025-02,2025,Q1,1,0,0
ORD000380,2025-06-22,CUST00220,Fashion,Sunglasses,North,Delhi,Website,2,4071.03,0.0,8142.05,8142.05,5697.16,Debit Card,Delivered,2444.89,0.3003,2025-06,2025,Q2,1,0,0
ORD000381,2025-04-12,CUST00971,Beauty,Lip Balm,West,Mumbai,Marketplace,5,520.44,0.2,2602.19,2081.75,1346.83,Cash on Delivery,Delivered,734.92,0.353,2025-04,2025,Q2,1,0,0
ORD000382,2024-01-18,CUST01484,Electronics,Bluetooth Speaker,North,Chandigarh,Website,1,19108.83,0.0,19108.83,19108.83,13020.47,Credit Card,Delivered,6088.36,0.3186,2024-01,2024,Q1,1,0,0
ORD000383,2024-08-22,CUST00080,Electronics,Laptop Stand,East,Bhubaneswar,Mobile App,4,13380.93,0.1,53523.71,48171.33,36041.22,UPI,Delivered,12130.11,0.2518,2024-08,2024,Q3,1,0,0
ORD000384,2024-05-25,CUST00112,Fashion,Running Shoes,West,Pune,Website,5,1282.55,0.05,6412.75,6092.11,4070.93,Cash on Delivery,Delivered,2021.18,0.3318,2024-05,2024,Q2,1,0,0
ORD000385,2024-03-09,CUST00496,Electronics,Laptop Stand,West,Mumbai,Website,5,19787.97,0.0,98939.85,98939.85,61276.48,Debit Card,Delivered,37663.37,0.3807,2024-03,2024,Q1,1,0,0
ORD000386,2024-07-27,CUST01505,Fashion,Backpack,Central,Bhopal,Marketplace,4,2565.34,0.1,10261.35,9235.21,6430.37,Credit Card,Pending,2804.84,0.3037,2024-07,2024,Q3,0,0,0
ORD000387,2025-05-07,CUST00274,Beauty,Lip Balm,East,Bhubaneswar,Mobile App,4,1373.9,0.15,5495.61,4671.27,2856.32,Net Banking,Returned,1814.95,0.3885,2025-05,2025,Q2,0,1,0
ORD000388,2024-08-05,CUST01021,Fashion,Backpack,North,Jaipur,Mobile App,4,3395.19,0.15,13580.75,11543.63,7401.42,Credit Card,Delivered,4142.21,0.3588,2024-08,2024,Q3,1,0,0
ORD000389,2024-02-11,CUST01398,Home & Kitchen,Storage Box,West,Mumbai,Mobile App,2,8028.87,0.1,16057.74,14451.97,11392.73,Cash on Delivery,Pending,3059.24,0.2117,2024-02,2024,Q1,0,0,0
ORD000390,2024-05-20,CUST01154,Fashion,T-Shirt,West,Mumbai,Mobile App,5,5499.39,0.2,27496.95,21997.56,12339.47,Cash on Delivery,Delivered,9658.09,0.4391,2024-05,2024,Q2,1,0,0
ORD000391,2024-11-17,CUST00458,Electronics,Bluetooth Speaker,Central,Nagpur,Marketplace,2,20922.14,0.05,41844.27,39752.06,24439.73,UPI,Delivered,15312.33,0.3852,2024-11,2024,Q4,1,0,0
ORD000392,2025-04-27,CUST00465,Electronics,Wireless Headphones,North,Jaipur,Mobile App,3,17754.37,0.05,53263.11,50599.95,30407.29,Cash on Delivery,Delivered,20192.66,0.3991,2025-04,2025,Q2,1,0,0
ORD000393,2024-09-16,CUST01005,Fashion,Backpack,North,Chandigarh,Website,1,1570.34,0.0,1570.34,1570.34,834.7,UPI,Delivered,735.64,0.4685,2024-09,2024,Q3,1,0,0
ORD000394,2024-12-27,CUST01049,Electronics,Power Bank,Central,Nagpur,Website,5,8828.1,0.1,44140.51,39726.46,21064.51,UPI,Delivered,18661.95,0.4698,2024-12,2024,Q4,1,0,0
ORD000395,2024-06-28,CUST00618,Electronics,Bluetooth Speaker,Central,Indore,Mobile App,1,15627.77,0.1,15627.77,14065.0,9238.53,Cash on Delivery,Delivered,4826.47,0.3432,2024-06,2024,Q2,1,0,0
ORD000396,2025-04-19,CUST01588,Home & Kitchen,Water Bottle,West,Mumbai,Website,1,4771.67,0.2,4771.67,3817.34,3040.15,Cash on Delivery,Delivered,777.19,0.2036,2025-04,2025,Q2,1,0,0
ORD000397,2025-04-07,CUST00415,Electronics,Laptop Stand,North,Chandigarh,Mobile App,5,14098.1,0.25,70490.48,52867.86,29160.45,Cash on Delivery,Delivered,23707.41,0.4484,2025-04,2025,Q2,1,0,0
ORD000398,2024-11-03,CUST01528,Fashion,Denim Jacket,West,Pune,Website,4,1955.25,0.05,7821.01,7429.96,4035.39,Debit Card,Returned,3394.57,0.4569,2024-11,2024,Q4,0,1,0
ORD000399,2025-01-22,CUST00914,Fashion,Running Shoes,South,Chennai,Website,4,1427.14,0.05,5708.57,5423.14,4271.3,Debit Card,Delivered,1151.84,0.2124,2025-01,2025,Q1,1,0,0
ORD000400,2024-09-11,CUST01025,Electronics,Smartwatch,South,Bengaluru,Website,4,15326.56,0.0,61306.24,61306.24,43462.7,UPI,Delivered,17843.54,0.2911,2024-09,2024,Q3,1,0,0
ORD000401,2024-12-04,CUST00036,Beauty,Moisturizer,Central,Bhopal,Website,4,2963.31,0.1,11853.26,10667.93,7523.47,Cash on Delivery,Delivered,3144.46,0.2948,2024-12,2024,Q4,1,0,0
ORD000402,2024-08-20,CUST01103,Beauty,Moisturizer,Central,Nagpur,Mobile App,2,497.74,0.05,995.48,945.71,690.62,UPI,Delivered,255.09,0.2697,2024-08,2024,Q3,1,0,0
ORD000403,2024-03-27,CUST01366,Fashion,Backpack,East,Bhubaneswar,Website,3,724.46,0.2,2173.39,1738.71,1448.97,Net Banking,Delivered,289.74,0.1666,2024-03,2024,Q1,1,0,0
ORD000404,2024-08-01,CUST00850,Electronics,Power Bank,West,Pune,Website,3,2853.38,0.0,8560.15,8560.15,6386.21,Credit Card,Delivered,2173.94,0.254,2024-08,2024,Q3,1,0,0
ORD000405,2024-04-16,CUST00583,Fashion,Sunglasses,West,Mumbai,Mobile App,2,1978.02,0.15,3956.05,3362.64,2729.97,Debit Card,Delivered,632.67,0.1881,2024-04,2024,Q2,1,0,0
ORD000406,2024-04-01,CUST01073,Home & Kitchen,Storage Box,North,Delhi,Marketplace,3,3460.51,0.1,10381.52,9343.37,6312.99,Net Banking,Delivered,3030.38,0.3243,2024-04,2024,Q2,1,0,0
ORD000407,2024-04-07,CUST00947,Fashion,Running Shoes,East,Patna,Mobile App,4,5310.27,0.15,21241.06,18054.9,13248.98,Cash on Delivery,Returned,4805.92,0.2662,2024-04,2024,Q2,0,1,0
ORD000408,2025-06-10,CUST01462,Sports,Yoga Mat,East,Kolkata,Mobile App,4,1875.27,0.1,7501.09,6750.98,5471.4,UPI,Delivered,1279.58,0.1895,2025-06,2025,Q2,1,0,0
ORD000409,2024-06-09,CUST00991,Electronics,Smartwatch,West,Ahmedabad,Website,2,14464.83,0.15,28929.65,24590.21,16305.53,Cash on Delivery,Cancelled,8284.68,0.3369,2024-06,2024,Q2,0,0,1
ORD000410,2025-06-06,CUST00477,Electronics,Wireless Headphones,South,Hyderabad,Marketplace,4,18386.36,0.2,73545.43,58836.34,43425.95,UPI,Returned,15410.39,0.2619,2025-06,2025,Q2,0,1,0
ORD000411,2024-03-24,CUST01368,Electronics,Bluetooth Speaker,West,Pune,Website,4,9297.29,0.15,37189.16,31610.79,23623.97,Cash on Delivery,Delivered,7986.82,0.2527,2024-03,2024,Q1,1,0,0
ORD000412,2024-01-02,CUST00729,Home & Kitchen,Mixer Grinder,South,Hyderabad,Website,3,7029.1,0.05,21087.29,20032.93,10889.58,Cash on Delivery,Cancelled,9143.35,0.4564,2024-01,2024,Q1,0,0,1
ORD000413,2024-02-04,CUST00570,Sports,Football,South,Bengaluru,Mobile App,1,5213.72,0.1,5213.72,4692.35,2684.25,UPI,Delivered,2008.1,0.428,2024-02,2024,Q1,1,0,0
ORD000414,2025-04-07,CUST00849,Sports,Dumbbells,West,Pune,Mobile App,2,624.16,0.15,1248.31,1061.07,837.34,UPI,Delivered,223.73,0.2109,2025-04,2025,Q2,1,0,0
ORD000415,2024-12-26,CUST00609,Home & Kitchen,Mixer Grinder,West,Mumbai,Mobile App,4,4085.91,0.1,16343.63,14709.26,7798.3,UPI,Pending,6910.96,0.4698,2024-12,2024,Q4,0,0,0
ORD000416,2024-01-21,CUST00771,Home & Kitchen,Mixer Grinder,North,Jaipur,Marketplace,4,3602.81,0.1,14411.24,12970.11,9359.78,Credit Card,Delivered,3610.33,0.2784,2024-01,2024,Q1,1,0,0
ORD000417,2024-02-12,CUST00725,Fashion,Denim Jacket,East,Patna,Mobile App,1,3136.73,0.2,3136.73,2509.38,1890.68,Cash on Delivery,Cancelled,618.7,0.2466,2024-02,2024,Q1,0,0,1
ORD000418,2024-07-24,CUST01432,Fashion,Backpack,West,Pune,Website,5,892.49,0.0,4462.44,4462.44,2555.23,Credit Card,Delivered,1907.21,0.4274,2024-07,2024,Q3,1,0,0
ORD000419,2025-01-11,CUST00844,Home & Kitchen,Water Bottle,North,Jaipur,Mobile App,4,2060.98,0.0,8243.93,8243.93,6073.48,Net Banking,Delivered,2170.45,0.2633,2025-01,2025,Q1,1,0,0
ORD000420,2024-05-07,CUST01166,Fashion,Denim Jacket,West,Mumbai,Website,2,5484.62,0.0,10969.25,10969.25,8567.42,Debit Card,Delivered,2401.83,0.219,2024-05,2024,Q2,1,0,0
ORD000421,2024-03-08,CUST01501,Beauty,Lip Balm,South,Chennai,Marketplace,1,1326.14,0.15,1326.14,1127.22,784.6,Cash on Delivery,Delivered,342.62,0.304,2024-03,2024,Q1,1,0,0
ORD000422,2024-10-02,CUST00619,Sports,Cricket Bat,East,Kolkata,Website,4,785.81,0.0,3143.24,3143.24,2468.2,Debit Card,Delivered,675.04,0.2148,2024-10,2024,Q4,1,0,0
ORD000423,2024-08-01,CUST00627,Fashion,T-Shirt,Central,Indore,Website,3,436.45,0.05,1309.36,1243.89,650.16,Credit Card,Delivered,593.73,0.4773,2024-08,2024,Q3,1,0,0
ORD000424,2024-09-06,CUST01035,Home & Kitchen,Storage Box,East,Kolkata,Mobile App,4,2935.18,0.15,11740.73,9979.62,7774.43,Credit Card,Delivered,2205.19,0.221,2024-09,2024,Q3,1,0,0
ORD000425,2024-04-05,CUST01579,Sports,Football,West,Pune,Mobile App,3,6840.52,0.0,20521.56,20521.56,14340.63,Debit Card,Delivered,6180.93,0.3012,2024-04,2024,Q2,1,0,0
ORD000426,2024-03-26,CUST00178,Electronics,Smartwatch,North,Chandigarh,Marketplace,2,18653.19,0.05,37306.37,35441.06,25113.13,Cash on Delivery,Returned,10327.93,0.2914,2024-03,2024,Q1,0,1,0
ORD000427,2024-03-02,CUST01480,Electronics,Power Bank,East,Patna,Website,4,2613.97,0.25,10455.87,7841.9,6447.09,Debit Card,Delivered,1394.81,0.1779,2024-03,2024,Q1,1,0,0
ORD000428,2025-03-04,CUST01366,Electronics,Power Bank,North,Jaipur,Mobile App,5,14904.24,0.1,74521.2,67069.08,55157.4,Credit Card,Returned,11911.68,0.1776,2025-03,2025,Q1,0,1,0
ORD000429,2025-04-24,CUST00702,Electronics,Wireless Headphones,West,Pune,Website,3,5310.61,0.1,15931.84,14338.65,7550.62,UPI,Delivered,6788.03,0.4734,2025-04,2025,Q2,1,0,0
ORD000430,2024-02-16,CUST01459,Electronics,Smartwatch,West,Ahmedabad,Mobile App,4,18867.62,0.15,75470.5,64149.92,39547.6,Cash on Delivery,Delivered,24602.32,0.3835,2024-02,2024,Q1,1,0,0
ORD000431,2024-02-05,CUST01575,Fashion,Denim Jacket,West,Mumbai,Website,2,3926.23,0.0,7852.45,7852.45,4780.18,Debit Card,Returned,3072.27,0.3912,2024-02,2024,Q1,0,1,0
ORD000432,2024-01-05,CUST00845,Home & Kitchen,Water Bottle,East,Kolkata,Mobile App,1,3527.17,0.1,3527.17,3174.46,1765.86,Cash on Delivery,Cancelled,1408.6,0.4437,2024-01,2024,Q1,0,0,1
ORD000433,2025-04-07,CUST00841,Electronics,Bluetooth Speaker,West,Pune,Mobile App,5,3664.68,0.2,18323.41,14658.73,8239.74,Net Banking,Delivered,6418.99,0.4379,2025-04,2025,Q2,1,0,0
ORD000434,2024-11-14,CUST00205,Fashion,Backpack,Central,Indore,Website,2,1207.29,0.0,2414.58,2414.58,1384.04,Cash on Delivery,Delivered,1030.54,0.4268,2024-11,2024,Q4,1,0,0
ORD000435,2024-11-28,CUST00474,Fashion,Backpack,East,Bhubaneswar,Website,3,2334.79,0.25,7004.36,5253.27,3166.71,UPI,Delivered,2086.56,0.3972,2024-11,2024,Q4,1,0,0
ORD000436,2024-04-23,CUST00456,Electronics,Laptop Stand,West,Pune,Website,4,20329.03,0.0,81316.12,81316.12,63462.74,Net Banking,Delivered,17853.38,0.2196,2024-04,2024,Q2,1,0,0
ORD000437,2024-09-08,CUST00960,Fashion,Sunglasses,West,Pune,Mobile App,2,886.65,0.2,1773.31,1418.64,1111.2,Net Banking,Delivered,307.44,0.2167,2024-09,2024,Q3,1,0,0
ORD000438,2025-01-14,CUST00775,Fashion,T-Shirt,North,Delhi,Mobile App,3,2059.07,0.0,6177.2,6177.2,4291.5,Credit Card,Delivered,1885.7,0.3053,2025-01,2025,Q1,1,0,0
ORD000439,2024-12-03,CUST01440,Electronics,Bluetooth Speaker,North,Delhi,Website,1,19427.29,0.0,19427.29,19427.29,11941.08,Cash on Delivery,Delivered,7486.21,0.3853,2024-12,2024,Q4,1,0,0
ORD000440,2024-12-19,CUST00224,Home & Kitchen,Mixer Grinder,East,Bhubaneswar,Marketplace,2,6258.82,0.2,12517.63,10014.11,7139.2,Net Banking,Delivered,2874.91,0.2871,2024-12,2024,Q4,1,0,0
ORD000441,2025-02-17,CUST00036,Beauty,Face Serum,West,Ahmedabad,Mobile App,2,357.19,0.0,714.38,714.38,453.85,Net Banking,Delivered,260.53,0.3647,2025-02,2025,Q1,1,0,0
ORD000442,2025-02-22,CUST01258,Fashion,Sunglasses,Central,Nagpur,Website,4,5253.99,0.1,21015.94,18914.35,11602.4,Net Banking,Delivered,7311.95,0.3866,2025-02,2025,Q1,1,0,0
ORD000443,2024-03-28,CUST00928,Fashion,Sunglasses,West,Ahmedabad,Marketplace,4,3787.42,0.1,15149.7,13634.73,10691.04,Net Banking,Delivered,2943.69,0.2159,2024-03,2024,Q1,1,0,0
ORD000444,2025-01-08,CUST00801,Beauty,Sunscreen,Central,Bhopal,Mobile App,1,2190.16,0.1,2190.16,1971.15,1339.47,UPI,Returned,631.68,0.3205,2025-01,2025,Q1,0,1,0
ORD000445,2025-06-21,CUST00960,Home & Kitchen,Water Bottle,West,Mumbai,Mobile App,5,3712.84,0.15,18564.18,15779.55,12799.83,UPI,Delivered,2979.72,0.1888,2025-06,2025,Q2,1,0,0
ORD000446,2024-11-22,CUST00561,Home & Kitchen,Mixer Grinder,South,Bengaluru,Website,2,5267.22,0.15,10534.44,8954.27,6848.5,Cash on Delivery,Delivered,2105.77,0.2352,2024-11,2024,Q4,1,0,0
ORD000447,2024-03-11,CUST00667,Beauty,Lip Balm,South,Hyderabad,Mobile App,4,360.72,0.05,1442.89,1370.75,1090.44,Debit Card,Delivered,280.31,0.2045,2024-03,2024,Q1,1,0,0
ORD000448,2024-02-28,CUST00960,Electronics,Wireless Headphones,Central,Nagpur,Mobile App,4,20375.64,0.1,81502.57,73352.31,56394.17,Net Banking,Cancelled,16958.14,0.2312,2024-02,2024,Q1,0,0,1
ORD000449,2024-04-09,CUST00734,Beauty,Lip Balm,West,Pune,Mobile App,3,1530.86,0.05,4592.58,4362.96,2316.6,Debit Card,Delivered,2046.36,0.469,2024-04,2024,Q2,1,0,0
ORD000450,2025-01-07,CUST00944,Beauty,Shampoo,South,Hyderabad,Website,1,753.09,0.1,753.09,677.78,540.81,Credit Card,Delivered,136.97,0.2021,2025-01,2025,Q1,1,0,0
ORD000451,2024-12-30,CUST01272,Sports,Resistance Bands,South,Chennai,Mobile App,5,1186.98,0.1,5934.91,5341.42,3933.91,Cash on Delivery,Cancelled,1407.51,0.2635,2024-12,2024,Q4,0,0,1
ORD000452,2024-04-29,CUST00140,Home & Kitchen,Air Fryer,South,Chennai,Website,5,2928.74,0.15,14643.69,12447.13,9909.5,Credit Card,Cancelled,2537.63,0.2039,2024-04,2024,Q2,0,0,1
ORD000453,2024-12-09,CUST01098,Home & Kitchen,Storage Box,Central,Bhopal,Marketplace,4,9302.36,0.1,37209.44,33488.5,23159.06,Net Banking,Delivered,10329.44,0.3084,2024-12,2024,Q4,1,0,0
ORD000454,2024-10-09,CUST00158,Fashion,Backpack,West,Mumbai,Marketplace,1,4754.42,0.1,4754.42,4278.98,3435.46,Credit Card,Delivered,843.52,0.1971,2024-10,2024,Q4,1,0,0
ORD000455,2024-09-11,CUST00165,Home & Kitchen,Mixer Grinder,Central,Bhopal,Mobile App,5,2649.53,0.15,13247.65,11260.51,8165.31,UPI,Cancelled,3095.2,0.2749,2024-09,2024,Q3,0,0,1
ORD000456,2024-10-14,CUST01286,Sports,Football,East,Patna,Mobile App,5,1324.04,0.15,6620.2,5627.17,3778.48,Net Banking,Delivered,1848.69,0.3285,2024-10,2024,Q4,1,0,0
ORD000457,2024-09-17,CUST01295,Electronics,Smartwatch,North,Jaipur,Website,1,6221.16,0.2,6221.16,4976.93,3280.02,UPI,Delivered,1696.91,0.341,2024-09,2024,Q3,1,0,0
ORD000458,2025-06-24,CUST01438,Fashion,T-Shirt,North,Chandigarh,Website,2,3012.37,0.0,6024.75,6024.75,4571.89,UPI,Returned,1452.86,0.2411,2025-06,2025,Q2,0,1,0
ORD000459,2025-01-30,CUST00936,Fashion,Denim Jacket,Central,Indore,Mobile App,1,1228.74,0.0,1228.74,1228.74,703.56,Debit Card,Delivered,525.18,0.4274,2025-01,2025,Q1,1,0,0
ORD000460,2024-02-15,CUST00767,Beauty,Lip Balm,South,Hyderabad,Mobile App,3,657.94,0.1,1973.81,1776.43,1158.35,Net Banking,Pending,618.08,0.3479,2024-02,2024,Q1,0,0,0
ORD000461,2025-04-24,CUST00135,Beauty,Moisturizer,South,Hyderabad,Marketplace,4,1907.49,0.1,7629.94,6866.95,4358.14,Net Banking,Returned,2508.81,0.3653,2025-04,2025,Q2,0,1,0
ORD000462,2024-09-16,CUST01350,Fashion,Sunglasses,South,Chennai,Mobile App,1,2972.36,0.1,2972.36,2675.12,1416.05,UPI,Delivered,1259.07,0.4707,2024-09,2024,Q3,1,0,0
ORD000463,2024-07-04,CUST00282,Beauty,Moisturizer,West,Pune,Marketplace,3,759.55,0.0,2278.65,2278.65,1478.57,UPI,Delivered,800.08,0.3511,2024-07,2024,Q3,1,0,0
ORD000464,2024-04-22,CUST00273,Electronics,Laptop Stand,Central,Bhopal,Mobile App,5,1504.82,0.15,7524.12,6395.5,4001.26,UPI,Delivered,2394.24,0.3744,2024-04,2024,Q2,1,0,0
ORD000465,2025-03-20,CUST00504,Fashion,Running Shoes,North,Jaipur,Mobile App,5,3891.4,0.1,19457.01,17511.31,10450.87,Cash on Delivery,Delivered,7060.44,0.4032,2025-03,2025,Q1,1,0,0
ORD000466,2024-01-30,CUST01401,Beauty,Moisturizer,East,Patna,Mobile App,4,2918.2,0.0,11672.81,11672.81,7261.45,Net Banking,Delivered,4411.36,0.3779,2024-01,2024,Q1,1,0,0
ORD000467,2025-04-08,CUST00637,Home & Kitchen,Water Bottle,Central,Bhopal,Website,4,1417.31,0.1,5669.25,5102.32,3115.35,UPI,Delivered,1986.97,0.3894,2025-04,2025,Q2,1,0,0
ORD000468,2025-01-18,CUST00646,Electronics,Power Bank,South,Chennai,Mobile App,3,15079.15,0.05,45237.45,42975.58,26039.79,Debit Card,Pending,16935.79,0.3941,2025-01,2025,Q1,0,0,0
ORD000469,2024-10-20,CUST01273,Electronics,Wireless Headphones,South,Chennai,Mobile App,1,18532.23,0.05,18532.23,17605.62,10715.73,UPI,Delivered,6889.89,0.3913,2024-10,2024,Q4,1,0,0
ORD000470,2025-03-03,CUST01143,Fashion,Running Shoes,West,Pune,Marketplace,5,4184.56,0.15,20922.8,17784.38,12976.59,Debit Card,Delivered,4807.79,0.2703,2025-03,2025,Q1,1,0,0
ORD000471,2025-05-31,CUST01089,Fashion,Backpack,West,Mumbai,Mobile App,2,1320.62,0.0,2641.23,2641.23,1960.56,Cash on Delivery,Delivered,680.67,0.2577,2025-05,2025,Q2,1,0,0
ORD000472,2025-06-23,CUST00342,Sports,Yoga Mat,North,Jaipur,Mobile App,3,682.9,0.2,2048.7,1638.96,1003.8,Net Banking,Returned,635.16,0.3875,2025-06,2025,Q2,0,1,0
ORD000473,2024-07-26,CUST01129,Fashion,Backpack,West,Mumbai,Mobile App,1,1370.41,0.15,1370.41,1164.85,691.01,Credit Card,Delivered,473.84,0.4068,2024-07,2024,Q3,1,0,0
ORD000474,2025-01-02,CUST00364,Fashion,Backpack,South,Bengaluru,Mobile App,3,2927.82,0.0,8783.46,8783.46,5413.99,UPI,Delivered,3369.47,0.3836,2025-01,2025,Q1,1,0,0
ORD000475,2024-10-12,CUST00745,Electronics,Laptop Stand,South,Hyderabad,Marketplace,5,2710.13,0.05,13550.63,12873.1,7719.73,Cash on Delivery,Delivered,5153.37,0.4003,2024-10,2024,Q4,1,0,0
ORD000476,2024-05-30,CUST01241,Beauty,Moisturizer,East,Kolkata,Website,4,2167.32,0.0,8669.28,8669.28,6226.81,Debit Card,Delivered,2442.47,0.2817,2024-05,2024,Q2,1,0,0
ORD000477,2024-06-12,CUST01529,Home & Kitchen,Water Bottle,West,Mumbai,Mobile App,5,4087.55,0.05,20437.77,19415.88,13961.81,Net Banking,Delivered,5454.07,0.2809,2024-06,2024,Q2,1,0,0
ORD000478,2025-01-20,CUST00119,Home & Kitchen,Coffee Maker,Central,Indore,Website,1,2937.37,0.1,2937.37,2643.63,2152.84,Net Banking,Cancelled,490.79,0.1857,2025-01,2025,Q1,0,0,1
ORD000479,2025-03-07,CUST00320,Sports,Cricket Bat,North,Jaipur,Marketplace,4,1399.27,0.0,5597.09,5597.09,4456.52,Debit Card,Delivered,1140.57,0.2038,2025-03,2025,Q1,1,0,0
ORD000480,2025-05-29,CUST00314,Fashion,T-Shirt,West,Mumbai,Mobile App,3,5318.98,0.1,15956.95,14361.25,11030.83,UPI,Delivered,3330.42,0.2319,2025-05,2025,Q2,1,0,0
ORD000481,2024-12-04,CUST00942,Home & Kitchen,Water Bottle,East,Kolkata,Website,2,6574.65,0.1,13149.31,11834.38,9782.3,Cash on Delivery,Delivered,2052.08,0.1734,2024-12,2024,Q4,1,0,0
ORD000482,2024-03-27,CUST00172,Sports,Dumbbells,West,Ahmedabad,Website,2,4320.86,0.1,8641.71,7777.54,5439.26,Cash on Delivery,Delivered,2338.28,0.3006,2024-03,2024,Q1,1,0,0
ORD000483,2024-06-12,CUST01221,Fashion,Backpack,West,Mumbai,Mobile App,2,1228.23,0.2,2456.47,1965.17,1047.51,UPI,Returned,917.66,0.467,2024-06,2024,Q2,0,1,0
ORD000484,2024-12-02,CUST00763,Sports,Football,North,Jaipur,Website,2,1562.99,0.05,3125.97,2969.68,1831.65,Cash on Delivery,Cancelled,1138.03,0.3832,2024-12,2024,Q4,0,0,1
ORD000485,2024-12-20,CUST01177,Electronics,Bluetooth Speaker,Central,Nagpur,Website,1,13636.72,0.2,13636.72,10909.38,8391.96,UPI,Returned,2517.42,0.2308,2024-12,2024,Q4,0,1,0
ORD000486,2024-09-17,CUST01463,Sports,Cricket Bat,East,Kolkata,Website,3,3748.82,0.1,11246.47,10121.83,7087.65,Net Banking,Delivered,3034.18,0.2998,2024-09,2024,Q3,1,0,0
ORD000487,2024-10-31,CUST00322,Fashion,Denim Jacket,West,Ahmedabad,Mobile App,3,2854.09,0.15,8562.27,7277.93,4595.15,Debit Card,Cancelled,2682.78,0.3686,2024-10,2024,Q4,0,0,1
ORD000488,2024-11-21,CUST00680,Fashion,Sunglasses,West,Mumbai,Website,3,1330.21,0.15,3990.64,3392.04,2367.21,UPI,Cancelled,1024.83,0.3021,2024-11,2024,Q4,0,0,1
ORD000489,2025-04-24,CUST00146,Sports,Dumbbells,West,Mumbai,Marketplace,3,4004.74,0.05,12014.22,11413.5,9182.62,Cash on Delivery,Delivered,2230.88,0.1955,2025-04,2025,Q2,1,0,0
ORD000490,2024-03-20,CUST00506,Electronics,Power Bank,West,Mumbai,Marketplace,1,5146.4,0.15,5146.4,4374.44,2916.03,Debit Card,Delivered,1458.41,0.3334,2024-03,2024,Q1,1,0,0
ORD000491,2024-08-27,CUST01401,Sports,Resistance Bands,South,Bengaluru,Mobile App,2,4986.54,0.1,9973.09,8975.78,5561.15,Debit Card,Delivered,3414.63,0.3804,2024-08,2024,Q3,1,0,0
ORD000492,2025-04-10,CUST01018,Fashion,Denim Jacket,South,Chennai,Mobile App,1,4978.35,0.0,4978.35,4978.35,3747.58,Cash on Delivery,Delivered,1230.77,0.2472,2025-04,2025,Q2,1,0,0
ORD000493,2024-05-06,CUST00436,Home & Kitchen,Coffee Maker,South,Hyderabad,Marketplace,3,3180.73,0.1,9542.18,8587.96,6981.75,Credit Card,Delivered,1606.21,0.187,2024-05,2024,Q2,1,0,0
ORD000494,2025-06-16,CUST01271,Electronics,Bluetooth Speaker,South,Chennai,Website,4,5538.36,0.1,22153.43,19938.09,15509.47,Credit Card,Delivered,4428.62,0.2221,2025-06,2025,Q2,1,0,0
ORD000495,2025-02-14,CUST00604,Home & Kitchen,Air Fryer,South,Bengaluru,Mobile App,4,8229.74,0.1,32918.97,29627.08,23986.1,Net Banking,Delivered,5640.98,0.1904,2025-02,2025,Q1,1,0,0
ORD000496,2024-03-03,CUST00298,Beauty,Face Serum,East,Patna,Website,5,384.98,0.25,1924.9,1443.68,938.39,Debit Card,Delivered,505.29,0.35,2024-03,2024,Q1,1,0,0
ORD000497,2025-03-07,CUST00993,Fashion,Denim Jacket,Central,Nagpur,Website,1,2741.83,0.15,2741.83,2330.56,1625.3,Net Banking,Delivered,705.26,0.3026,2025-03,2025,Q1,1,0,0
ORD000498,2024-06-02,CUST00251,Electronics,Laptop Stand,South,Bengaluru,Mobile App,5,19820.37,0.05,99101.87,94146.78,72568.36,Cash on Delivery,Returned,21578.42,0.2292,2024-06,2024,Q2,0,1,0
ORD000499,2025-05-12,CUST00911,Sports,Yoga Mat,North,Chandigarh,Website,2,5339.78,0.05,10679.56,10145.59,7344.51,Net Banking,Delivered,2801.08,0.2761,2025-05,2025,Q2,1,0,0
ORD000500,2024-11-11,CUST00676,Beauty,Sunscreen,West,Mumbai,Marketplace,5,840.43,0.1,4202.15,3781.93,3165.01,Debit Card,Delivered,616.92,0.1631,2024-11,2024,Q4,1,0,0
ORD000501,2024-05-31,CUST01188,Beauty,Shampoo,North,Chandigarh,Website,3,2426.08,0.1,7278.23,6550.4,3629.62,Debit Card,Delivered,2920.78,0.4459,2024-05,2024,Q2,1,0,0
ORD000502,2025-05-15,CUST00239,Beauty,Sunscreen,Central,Indore,Website,2,654.83,0.0,1309.67,1309.67,765.77,Credit Card,Delivered,543.9,0.4153,2025-05,2025,Q2,1,0,0
ORD000503,2024-03-28,CUST00276,Fashion,Sunglasses,North,Jaipur,Mobile App,4,3961.0,0.05,15844.0,15051.8,11832.54,UPI,Delivered,3219.26,0.2139,2024-03,2024,Q1,1,0,0
ORD000504,2025-01-19,CUST00560,Fashion,Denim Jacket,East,Patna,Marketplace,3,551.09,0.1,1653.26,1487.93,1178.78,UPI,Delivered,309.15,0.2078,2025-01,2025,Q1,1,0,0
ORD000505,2025-05-04,CUST00150,Home & Kitchen,Mixer Grinder,West,Ahmedabad,Mobile App,5,9114.65,0.05,45573.26,43294.6,29674.01,Cash on Delivery,Returned,13620.59,0.3146,2025-05,2025,Q2,0,1,0
ORD000506,2024-06-04,CUST00199,Beauty,Moisturizer,Central,Bhopal,Website,4,2129.36,0.05,8517.43,8091.56,6601.89,Credit Card,Delivered,1489.67,0.1841,2024-06,2024,Q2,1,0,0
ORD000507,2024-06-26,CUST00100,Beauty,Moisturizer,South,Hyderabad,Marketplace,2,1178.93,0.2,2357.86,1886.29,1527.35,Debit Card,Delivered,358.94,0.1903,2024-06,2024,Q2,1,0,0
ORD000508,2024-03-07,CUST00081,Home & Kitchen,Storage Box,South,Chennai,Marketplace,1,637.0,0.0,637.0,637.0,534.25,UPI,Delivered,102.75,0.1613,2024-03,2024,Q1,1,0,0
ORD000509,2024-04-14,CUST01114,Sports,Resistance Bands,East,Bhubaneswar,Website,5,2366.08,0.0,11830.39,11830.39,6800.97,Credit Card,Delivered,5029.42,0.4251,2024-04,2024,Q2,1,0,0
ORD000510,2025-02-18,CUST01144,Beauty,Shampoo,South,Hyderabad,Mobile App,5,2386.23,0.2,11931.14,9544.91,5607.17,Net Banking,Delivered,3937.74,0.4125,2025-02,2025,Q1,1,0,0
ORD000511,2024-03-04,CUST00296,Electronics,Laptop Stand,North,Chandigarh,Mobile App,4,20579.76,0.15,82319.04,69971.18,56162.01,Cash on Delivery,Delivered,13809.17,0.1974,2024-03,2024,Q1,1,0,0
ORD000512,2025-05-31,CUST00358,Home & Kitchen,Coffee Maker,North,Delhi,Website,3,522.35,0.1,1567.04,1410.33,1171.92,Net Banking,Cancelled,238.41,0.169,2025-05,2025,Q2,0,0,1
ORD000513,2024-11-01,CUST00403,Beauty,Moisturizer,North,Chandigarh,Marketplace,3,2321.47,0.2,6964.4,5571.52,3606.6,Cash on Delivery,Delivered,1964.92,0.3527,2024-11,2024,Q4,1,0,0
ORD000514,2024-10-20,CUST00866,Electronics,Power Bank,Central,Nagpur,Website,3,6198.85,0.0,18596.56,18596.56,10328.08,Debit Card,Delivered,8268.48,0.4446,2024-10,2024,Q4,1,0,0
ORD000515,2024-06-22,CUST00865,Fashion,Running Shoes,Central,Indore,Website,4,4518.31,0.05,18073.24,17169.58,12706.23,Cash on Delivery,Delivered,4463.35,0.26,2024-06,2024,Q2,1,0,0
ORD000516,2025-01-30,CUST00245,Sports,Resistance Bands,East,Kolkata,Marketplace,5,6362.35,0.2,31811.75,25449.4,18314.67,Credit Card,Delivered,7134.73,0.2803,2025-01,2025,Q1,1,0,0
ORD000517,2024-05-04,CUST00662,Beauty,Moisturizer,West,Mumbai,Mobile App,3,892.09,0.1,2676.27,2408.64,1694.76,UPI,Pending,713.88,0.2964,2024-05,2024,Q2,0,0,0
ORD000518,2025-04-09,CUST00873,Home & Kitchen,Coffee Maker,East,Patna,Mobile App,4,7950.25,0.15,31800.99,27030.84,18875.55,UPI,Delivered,8155.29,0.3017,2025-04,2025,Q2,1,0,0
ORD000519,2024-03-11,CUST00695,Beauty,Moisturizer,Central,Nagpur,Website,5,1800.04,0.1,9000.22,8100.2,5493.23,Cash on Delivery,Delivered,2606.97,0.3218,2024-03,2024,Q1,1,0,0
ORD000520,2024-07-17,CUST00525,Fashion,Running Shoes,Central,Bhopal,Mobile App,3,4583.49,0.15,13750.48,11687.91,8385.52,Net Banking,Returned,3302.39,0.2825,2024-07,2024,Q3,0,1,0
ORD000521,2024-05-26,CUST00533,Fashion,Backpack,East,Kolkata,Marketplace,3,2153.91,0.1,6461.72,5815.55,3515.18,Net Banking,Pending,2300.37,0.3956,2024-05,2024,Q2,0,0,0
ORD000522,2025-02-13,CUST00037,Fashion,Sunglasses,South,Hyderabad,Mobile App,2,1647.77,0.1,3295.54,2965.99,2419.15,Net Banking,Delivered,546.84,0.1844,2025-02,2025,Q1,1,0,0
ORD000523,2025-01-23,CUST00683,Fashion,Denim Jacket,West,Pune,Website,1,3841.49,0.2,3841.49,3073.19,2501.5,Debit Card,Delivered,571.69,0.186,2025-01,2025,Q1,1,0,0
ORD000524,2025-03-29,CUST00215,Fashion,Backpack,West,Ahmedabad,Mobile App,5,2536.62,0.05,12683.08,12048.92,8601.75,Net Banking,Delivered,3447.17,0.2861,2025-03,2025,Q1,1,0,0
ORD000525,2024-09-03,CUST01595,Beauty,Moisturizer,West,Ahmedabad,Mobile App,1,1754.22,0.1,1754.22,1578.8,1231.64,Credit Card,Delivered,347.16,0.2199,2024-09,2024,Q3,1,0,0
ORD000526,2024-12-19,CUST00727,Fashion,T-Shirt,Central,Indore,Mobile App,4,2864.61,0.1,11458.44,10312.6,6951.2,Credit Card,Delivered,3361.4,0.326,2024-12,2024,Q4,1,0,0
ORD000527,2024-05-25,CUST01544,Fashion,Sunglasses,West,Mumbai,Marketplace,3,4827.39,0.05,14482.16,13758.06,11168.68,Cash on Delivery,Delivered,2589.38,0.1882,2024-05,2024,Q2,1,0,0
ORD000528,2024-03-01,CUST00058,Sports,Cricket Bat,South,Hyderabad,Website,4,1362.99,0.15,5451.95,4634.16,2968.16,Cash on Delivery,Delivered,1666.0,0.3595,2024-03,2024,Q1,1,0,0
ORD000529,2025-03-16,CUST00409,Electronics,Smartwatch,South,Chennai,Mobile App,5,17042.74,0.15,85213.7,72431.64,50463.01,UPI,Delivered,21968.63,0.3033,2025-03,2025,Q1,1,0,0
ORD000530,2024-07-18,CUST01512,Sports,Yoga Mat,East,Patna,Mobile App,2,2850.46,0.15,5700.91,4845.78,3600.41,Cash on Delivery,Pending,1245.37,0.257,2024-07,2024,Q3,0,0,0
ORD000531,2024-08-08,CUST00439,Home & Kitchen,Air Fryer,East,Kolkata,Mobile App,5,9099.62,0.2,45498.1,36398.48,19969.48,Cash on Delivery,Delivered,16429.0,0.4514,2024-08,2024,Q3,1,0,0
ORD000532,2024-10-23,CUST00425,Electronics,Smartwatch,East,Bhubaneswar,Marketplace,4,18744.8,0.0,74979.19,74979.19,62946.64,Debit Card,Delivered,12032.55,0.1605,2024-10,2024,Q4,1,0,0
ORD000533,2024-08-12,CUST00480,Fashion,T-Shirt,West,Ahmedabad,Mobile App,1,893.4,0.15,893.4,759.39,516.85,Net Banking,Pending,242.54,0.3194,2024-08,2024,Q3,0,0,0
ORD000534,2024-03-16,CUST01130,Beauty,Moisturizer,South,Chennai,Website,3,1020.73,0.1,3062.18,2755.96,2113.95,Credit Card,Delivered,642.01,0.233,2024-03,2024,Q1,1,0,0
ORD000535,2025-02-01,CUST01188,Sports,Yoga Mat,North,Jaipur,Mobile App,3,794.49,0.15,2383.48,2025.95,1343.43,Cash on Delivery,Delivered,682.52,0.3369,2025-02,2025,Q1,1,0,0
ORD000536,2025-06-23,CUST00290,Fashion,T-Shirt,Central,Nagpur,Mobile App,4,4177.21,0.15,16708.85,14202.53,7959.8,Credit Card,Delivered,6242.73,0.4396,2025-06,2025,Q2,1,0,0
ORD000537,2024-06-08,CUST00734,Sports,Cricket Bat,Central,Nagpur,Mobile App,5,6379.53,0.1,31897.67,28707.91,23445.8,Net Banking,Delivered,5262.11,0.1833,2024-06,2024,Q2,1,0,0
ORD000538,2024-12-21,CUST01307,Electronics,Wireless Headphones,East,Kolkata,Marketplace,4,19508.3,0.0,78033.2,78033.2,61346.62,Net Banking,Delivered,16686.58,0.2138,2024-12,2024,Q4,1,0,0
ORD000539,2024-12-18,CUST00171,Electronics,Power Bank,South,Chennai,Website,4,14808.19,0.2,59232.75,47386.2,39487.91,Cash on Delivery,Delivered,7898.29,0.1667,2024-12,2024,Q4,1,0,0
ORD000540,2024-03-07,CUST00459,Fashion,T-Shirt,Central,Nagpur,Website,1,2924.02,0.2,2924.02,2339.22,1813.01,Credit Card,Delivered,526.21,0.225,2024-03,2024,Q1,1,0,0
ORD000541,2025-03-28,CUST00576,Home & Kitchen,Coffee Maker,North,Chandigarh,Mobile App,1,6684.03,0.0,6684.03,6684.03,3545.16,Net Banking,Cancelled,3138.87,0.4696,2025-03,2025,Q1,0,0,1
ORD000542,2024-08-15,CUST00575,Sports,Football,North,Chandigarh,Marketplace,3,2462.32,0.05,7386.97,7017.62,5796.04,Cash on Delivery,Delivered,1221.58,0.1741,2024-08,2024,Q3,1,0,0
ORD000543,2025-06-13,CUST01037,Home & Kitchen,Water Bottle,South,Hyderabad,Website,4,2577.42,0.1,10309.7,9278.73,7641.76,Cash on Delivery,Delivered,1636.97,0.1764,2025-06,2025,Q2,1,0,0
ORD000544,2024-02-05,CUST00192,Electronics,Bluetooth Speaker,Central,Bhopal,Website,1,6436.02,0.0,6436.02,6436.02,3918.02,UPI,Delivered,2518.0,0.3912,2024-02,2024,Q1,1,0,0
ORD000545,2024-12-15,CUST00299,Beauty,Lip Balm,West,Ahmedabad,Marketplace,3,1778.22,0.0,5334.65,5334.65,3914.53,Net Banking,Pending,1420.12,0.2662,2024-12,2024,Q4,0,0,0
ORD000546,2024-07-16,CUST00811,Home & Kitchen,Mixer Grinder,Central,Bhopal,Marketplace,2,7692.35,0.15,15384.71,13077.0,10635.0,Net Banking,Cancelled,2442.0,0.1867,2024-07,2024,Q3,0,0,1
ORD000547,2024-04-17,CUST01447,Electronics,Bluetooth Speaker,North,Chandigarh,Marketplace,1,14261.56,0.0,14261.56,14261.56,9069.65,Cash on Delivery,Delivered,5191.91,0.364,2024-04,2024,Q2,1,0,0
ORD000548,2024-08-21,CUST00112,Fashion,Sunglasses,South,Bengaluru,Mobile App,1,3946.74,0.0,3946.74,3946.74,2547.07,Cash on Delivery,Delivered,1399.67,0.3546,2024-08,2024,Q3,1,0,0
ORD000549,2025-04-14,CUST01270,Home & Kitchen,Storage Box,North,Delhi,Marketplace,2,2668.3,0.2,5336.6,4269.28,2926.9,Net Banking,Delivered,1342.38,0.3144,2025-04,2025,Q2,1,0,0
ORD000550,2024-11-14,CUST01290,Electronics,Smartwatch,South,Bengaluru,Mobile App,2,17713.14,0.1,35426.27,31883.64,22747.8,UPI,Delivered,9135.84,0.2865,2024-11,2024,Q4,1,0,0
ORD000551,2024-01-10,CUST01032,Fashion,T-Shirt,South,Hyderabad,Marketplace,5,2787.96,0.05,13939.78,13242.79,10888.53,UPI,Returned,2354.26,0.1778,2024-01,2024,Q1,0,1,0
ORD000552,2025-03-07,CUST01019,Home & Kitchen,Storage Box,West,Mumbai,Marketplace,4,5800.16,0.0,23200.65,23200.65,19013.34,Credit Card,Delivered,4187.31,0.1805,2025-03,2025,Q1,1,0,0
ORD000553,2025-01-21,CUST00223,Fashion,Running Shoes,East,Patna,Mobile App,4,3523.33,0.05,14093.33,13388.66,10252.25,Cash on Delivery,Pending,3136.41,0.2343,2025-01,2025,Q1,0,0,0
ORD000554,2025-03-14,CUST01461,Beauty,Lip Balm,South,Bengaluru,Website,4,1874.79,0.0,7499.17,7499.17,6062.58,Credit Card,Delivered,1436.59,0.1916,2025-03,2025,Q1,1,0,0
ORD000555,2024-08-11,CUST00393,Fashion,T-Shirt,South,Hyderabad,Marketplace,2,1814.42,0.15,3628.83,3084.51,2368.03,UPI,Delivered,716.48,0.2323,2024-08,2024,Q3,1,0,0
ORD000556,2024-07-21,CUST00587,Home & Kitchen,Mixer Grinder,Central,Nagpur,Marketplace,3,1702.81,0.2,5108.43,4086.75,3276.52,Debit Card,Delivered,810.23,0.1983,2024-07,2024,Q3,1,0,0
ORD000557,2024-05-13,CUST00386,Home & Kitchen,Coffee Maker,West,Ahmedabad,Website,4,8219.46,0.2,32877.82,26302.26,20510.72,Debit Card,Pending,5791.54,0.2202,2024-05,2024,Q2,0,0,0
ORD000558,2025-03-02,CUST00665,Home & Kitchen,Storage Box,West,Ahmedabad,Mobile App,1,1774.97,0.15,1774.97,1508.73,862.0,Debit Card,Delivered,646.73,0.4287,2025-03,2025,Q1,1,0,0
ORD000559,2024-03-02,CUST01319,Fashion,Backpack,South,Chennai,Website,4,2582.6,0.1,10330.39,9297.35,6825.77,Cash on Delivery,Delivered,2471.58,0.2658,2024-03,2024,Q1,1,0,0
ORD000560,2025-05-27,CUST00721,Electronics,Bluetooth Speaker,West,Ahmedabad,Mobile App,3,18182.72,0.15,54548.17,46365.94,34054.9,UPI,Delivered,12311.04,0.2655,2025-05,2025,Q2,1,0,0
ORD000561,2024-07-05,CUST01451,Electronics,Laptop Stand,South,Chennai,Mobile App,3,14316.43,0.0,42949.29,42949.29,26839.24,Credit Card,Delivered,16110.05,0.3751,2024-07,2024,Q3,1,0,0
ORD000562,2024-11-11,CUST01486,Sports,Cricket Bat,West,Mumbai,Website,5,2919.31,0.15,14596.57,12407.08,9280.84,Cash on Delivery,Delivered,3126.24,0.252,2024-11,2024,Q4,1,0,0
ORD000563,2024-01-16,CUST01416,Fashion,Denim Jacket,South,Hyderabad,Marketplace,5,2495.57,0.1,12477.83,11230.05,7570.51,Debit Card,Delivered,3659.54,0.3259,2024-01,2024,Q1,1,0,0
ORD000564,2024-11-16,CUST00073,Electronics,Bluetooth Speaker,Central,Indore,Website,3,20866.67,0.0,62600.01,62600.01,42640.04,Credit Card,Pending,19959.97,0.3188,2024-11,2024,Q4,0,0,0
ORD000565,2024-05-09,CUST00005,Electronics,Smartwatch,North,Delhi,Mobile App,1,11141.7,0.25,11141.7,8356.27,6803.0,Debit Card,Delivered,1553.27,0.1859,2024-05,2024,Q2,1,0,0
ORD000566,2024-11-15,CUST00849,Electronics,Wireless Headphones,South,Chennai,Marketplace,4,20833.92,0.1,83335.69,75002.12,43466.26,UPI,Delivered,31535.86,0.4205,2024-11,2024,Q4,1,0,0
ORD000567,2025-02-15,CUST00253,Home & Kitchen,Mixer Grinder,Central,Indore,Marketplace,2,9621.95,0.05,19243.91,18281.71,11300.86,Net Banking,Delivered,6980.85,0.3818,2025-02,2025,Q1,1,0,0
ORD000568,2025-06-18,CUST01551,Electronics,Wireless Headphones,Central,Indore,Marketplace,1,10495.06,0.05,10495.06,9970.3,8225.23,Cash on Delivery,Delivered,1745.07,0.175,2025-06,2025,Q2,1,0,0
ORD000569,2025-03-08,CUST00683,Beauty,Sunscreen,North,Jaipur,Marketplace,4,2948.95,0.1,11795.82,10616.24,8451.87,Cash on Delivery,Delivered,2164.37,0.2039,2025-03,2025,Q1,1,0,0
ORD000570,2024-02-03,CUST01373,Home & Kitchen,Storage Box,West,Pune,Website,5,5577.91,0.1,27889.54,25100.59,20115.95,Credit Card,Delivered,4984.64,0.1986,2024-02,2024,Q1,1,0,0
ORD000571,2024-10-10,CUST01390,Electronics,Smartwatch,North,Jaipur,Website,2,12362.48,0.05,24724.96,23488.71,18456.55,Debit Card,Delivered,5032.16,0.2142,2024-10,2024,Q4,1,0,0
ORD000572,2024-01-11,CUST00161,Sports,Cricket Bat,North,Jaipur,Marketplace,2,2109.28,0.15,4218.55,3585.77,2720.39,Cash on Delivery,Delivered,865.38,0.2413,2024-01,2024,Q1,1,0,0
ORD000573,2025-06-27,CUST00806,Beauty,Face Serum,West,Pune,Website,1,671.59,0.1,671.59,604.43,348.81,Debit Card,Returned,255.62,0.4229,2025-06,2025,Q2,0,1,0
ORD000574,2025-03-24,CUST01002,Fashion,T-Shirt,Central,Nagpur,Marketplace,5,2812.74,0.2,14063.71,11250.96,8860.78,Debit Card,Delivered,2390.18,0.2124,2025-03,2025,Q1,1,0,0
ORD000575,2025-02-23,CUST01372,Home & Kitchen,Storage Box,Central,Bhopal,Website,2,867.4,0.15,1734.8,1474.58,1075.96,Debit Card,Delivered,398.62,0.2703,2025-02,2025,Q1,1,0,0
ORD000576,2024-02-08,CUST00129,Home & Kitchen,Mixer Grinder,North,Chandigarh,Website,2,4859.69,0.05,9719.37,9233.4,5884.7,Credit Card,Delivered,3348.7,0.3627,2024-02,2024,Q1,1,0,0
ORD000577,2024-06-29,CUST00294,Fashion,Backpack,South,Chennai,Marketplace,4,1819.05,0.2,7276.19,5820.95,4857.24,UPI,Delivered,963.71,0.1656,2024-06,2024,Q2,1,0,0
ORD000578,2024-08-05,CUST00311,Home & Kitchen,Mixer Grinder,North,Delhi,Mobile App,3,3332.8,0.25,9998.4,7498.8,6079.44,UPI,Returned,1419.36,0.1893,2024-08,2024,Q3,0,1,0
ORD000579,2025-05-14,CUST00982,Home & Kitchen,Coffee Maker,South,Bengaluru,Mobile App,3,5631.92,0.05,16895.75,16050.96,9140.06,Debit Card,Delivered,6910.9,0.4306,2025-05,2025,Q2,1,0,0
ORD000580,2024-08-16,CUST00877,Sports,Football,West,Ahmedabad,Marketplace,3,4447.92,0.0,13343.75,13343.75,8398.36,UPI,Delivered,4945.39,0.3706,2024-08,2024,Q3,1,0,0
ORD000581,2024-06-06,CUST00635,Beauty,Shampoo,West,Mumbai,Marketplace,2,2002.52,0.05,4005.05,3804.8,2051.64,Credit Card,Delivered,1753.16,0.4608,2024-06,2024,Q2,1,0,0
ORD000582,2025-03-13,CUST01573,Electronics,Power Bank,North,Jaipur,Website,2,16764.42,0.05,33528.83,31852.39,17414.47,UPI,Cancelled,14437.92,0.4533,2025-03,2025,Q1,0,0,1
ORD000583,2024-09-09,CUST01126,Electronics,Smartwatch,North,Jaipur,Mobile App,1,4857.04,0.15,4857.04,4128.49,2813.48,Net Banking,Delivered,1315.01,0.3185,2024-09,2024,Q3,1,0,0
ORD000584,2024-04-13,CUST00917,Fashion,Running Shoes,North,Delhi,Marketplace,2,2164.53,0.0,4329.06,4329.06,3101.17,Net Banking,Pending,1227.89,0.2836,2024-04,2024,Q2,0,0,0
ORD000585,2024-04-15,CUST00818,Beauty,Shampoo,East,Kolkata,Mobile App,5,413.48,0.1,2067.39,1860.65,1006.9,UPI,Cancelled,853.75,0.4588,2024-04,2024,Q2,0,0,1
ORD000586,2024-01-04,CUST00370,Electronics,Power Bank,West,Pune,Mobile App,5,8550.0,0.0,42749.99,42749.99,22567.91,Credit Card,Pending,20182.08,0.4721,2024-01,2024,Q1,0,0,0
ORD000587,2024-12-14,CUST01039,Beauty,Moisturizer,South,Chennai,Marketplace,2,865.41,0.05,1730.81,1644.27,1057.04,Debit Card,Pending,587.23,0.3571,2024-12,2024,Q4,0,0,0
ORD000588,2024-05-15,CUST00030,Electronics,Smartwatch,East,Kolkata,Marketplace,1,21837.24,0.1,21837.24,19653.51,11039.15,Net Banking,Delivered,8614.36,0.4383,2024-05,2024,Q2,1,0,0
ORD000589,2024-01-01,CUST00192,Fashion,T-Shirt,West,Ahmedabad,Website,4,2062.82,0.25,8251.28,6188.46,4721.39,Debit Card,Delivered,1467.07,0.2371,2024-01,2024,Q1,1,0,0
ORD000590,2025-05-25,CUST01332,Home & Kitchen,Coffee Maker,West,Ahmedabad,Website,3,5922.11,0.15,17766.33,15101.38,9289.55,UPI,Pending,5811.83,0.3849,2025-05,2025,Q2,0,0,0
ORD000591,2024-01-14,CUST01304,Beauty,Lip Balm,Central,Nagpur,Website,2,1953.81,0.0,3907.62,3907.62,2145.5,Cash on Delivery,Delivered,1762.12,0.4509,2024-01,2024,Q1,1,0,0
ORD000592,2025-06-11,CUST00285,Home & Kitchen,Storage Box,South,Chennai,Marketplace,1,2982.04,0.1,2982.04,2683.84,2095.0,Cash on Delivery,Delivered,588.84,0.2194,2025-06,2025,Q2,1,0,0
ORD000593,2024-05-14,CUST00498,Sports,Yoga Mat,East,Bhubaneswar,Mobile App,5,4620.33,0.0,23101.66,23101.66,19238.02,UPI,Delivered,3863.64,0.1672,2024-05,2024,Q2,1,0,0
ORD000594,2024-08-04,CUST00669,Electronics,Wireless Headphones,North,Chandigarh,Mobile App,1,11035.39,0.15,11035.39,9380.09,5769.75,UPI,Delivered,3610.34,0.3849,2024-08,2024,Q3,1,0,0
ORD000595,2024-07-08,CUST01235,Beauty,Sunscreen,West,Ahmedabad,Website,5,1698.04,0.1,8490.19,7641.17,5656.94,Net Banking,Delivered,1984.23,0.2597,2024-07,2024,Q3,1,0,0
ORD000596,2024-05-19,CUST00816,Home & Kitchen,Storage Box,Central,Bhopal,Website,2,9050.11,0.1,18100.21,16290.19,13533.43,UPI,Delivered,2756.76,0.1692,2024-05,2024,Q2,1,0,0
ORD000597,2024-01-25,CUST00259,Electronics,Power Bank,North,Jaipur,Mobile App,1,3104.66,0.05,3104.66,2949.43,1950.62,Cash on Delivery,Pending,998.81,0.3386,2024-01,2024,Q1,0,0,0
ORD000598,2024-03-05,CUST01244,Home & Kitchen,Coffee Maker,West,Mumbai,Marketplace,4,6727.59,0.1,26910.35,24219.31,20298.2,Debit Card,Pending,3921.11,0.1619,2024-03,2024,Q1,0,0,0
ORD000599,2024-08-01,CUST01122,Fashion,Backpack,West,Mumbai,Mobile App,1,3843.66,0.0,3843.66,3843.66,2465.22,Credit Card,Delivered,1378.44,0.3586,2024-08,2024,Q3,1,0,0
ORD000600,2025-01-17,CUST01304,Electronics,Laptop Stand,West,Mumbai,Marketplace,3,13867.79,0.05,41603.37,39523.2,20897.65,Net Banking,Delivered,18625.55,0.4713,2025-01,2025,Q1,1,0,0
ORD000601,2025-05-07,CUST01327,Home & Kitchen,Storage Box,East,Patna,Mobile App,3,7093.8,0.1,21281.4,19153.26,10138.76,Cash on Delivery,Delivered,9014.5,0.4707,2025-05,2025,Q2,1,0,0
ORD000602,2024-09-05,CUST00922,Sports,Resistance Bands,East,Patna,Mobile App,5,5506.87,0.15,27534.34,23404.19,16598.38,Debit Card,Delivered,6805.81,0.2908,2024-09,2024,Q3,1,0,0
ORD000603,2024-01-06,CUST00125,Fashion,Sunglasses,South,Bengaluru,Website,4,4929.88,0.15,19719.53,16761.6,9938.55,UPI,Delivered,6823.05,0.4071,2024-01,2024,Q1,1,0,0
ORD000604,2025-03-11,CUST00271,Electronics,Smartwatch,North,Chandigarh,Mobile App,1,18656.07,0.2,18656.07,14924.85,12375.64,Cash on Delivery,Delivered,2549.21,0.1708,2025-03,2025,Q1,1,0,0
ORD000605,2025-01-23,CUST01182,Sports,Dumbbells,North,Chandigarh,Website,4,6039.82,0.05,24159.28,22951.32,17398.66,Cash on Delivery,Cancelled,5552.66,0.2419,2025-01,2025,Q1,0,0,1
ORD000606,2024-08-30,CUST01442,Electronics,Smartwatch,Central,Indore,Website,2,21069.76,0.2,42139.52,33711.62,20849.67,Credit Card,Pending,12861.95,0.3815,2024-08,2024,Q3,0,0,0
ORD000607,2024-02-29,CUST00729,Home & Kitchen,Coffee Maker,North,Jaipur,Mobile App,4,1592.06,0.15,6368.25,5413.01,4344.41,Cash on Delivery,Cancelled,1068.6,0.1974,2024-02,2024,Q1,0,0,1
ORD000608,2025-02-27,CUST00899,Fashion,T-Shirt,North,Chandigarh,Mobile App,1,5275.03,0.1,5275.03,4747.53,3401.43,Net Banking,Delivered,1346.1,0.2835,2025-02,2025,Q1,1,0,0
ORD000609,2025-03-01,CUST00344,Home & Kitchen,Water Bottle,East,Kolkata,Website,1,1331.99,0.1,1331.99,1198.79,851.53,Credit Card,Delivered,347.26,0.2897,2025-03,2025,Q1,1,0,0
ORD000610,2024-07-22,CUST00319,Beauty,Lip Balm,West,Ahmedabad,Mobile App,5,2175.08,0.1,10875.41,9787.87,7245.83,Cash on Delivery,Delivered,2542.04,0.2597,2024-07,2024,Q3,1,0,0
ORD000611,2024-12-01,CUST00645,Home & Kitchen,Mixer Grinder,East,Bhubaneswar,Mobile App,1,4701.22,0.15,4701.22,3996.04,2861.98,Credit Card,Delivered,1134.06,0.2838,2024-12,2024,Q4,1,0,0
ORD000612,2025-01-17,CUST00681,Sports,Dumbbells,West,Mumbai,Marketplace,1,3069.23,0.1,3069.23,2762.3,2299.96,UPI,Returned,462.34,0.1674,2025-01,2025,Q1,0,1,0
ORD000613,2025-03-23,CUST00380,Sports,Football,North,Jaipur,Website,3,2863.02,0.15,8589.05,7300.69,4627.07,Net Banking,Delivered,2673.62,0.3662,2025-03,2025,Q1,1,0,0
ORD000614,2025-04-14,CUST01564,Electronics,Wireless Headphones,East,Kolkata,Website,1,17043.45,0.15,17043.45,14486.93,10524.42,Net Banking,Delivered,3962.51,0.2735,2025-04,2025,Q2,1,0,0
ORD000615,2025-01-20,CUST00700,Beauty,Moisturizer,West,Ahmedabad,Website,3,2636.34,0.2,7909.02,6327.22,5077.09,Debit Card,Delivered,1250.13,0.1976,2025-01,2025,Q1,1,0,0
ORD000616,2025-01-09,CUST01508,Fashion,Backpack,Central,Bhopal,Marketplace,1,3708.09,0.0,3708.09,3708.09,2212.37,Debit Card,Cancelled,1495.72,0.4034,2025-01,2025,Q1,0,0,1
ORD000617,2025-04-02,CUST01087,Beauty,Lip Balm,North,Delhi,Website,4,1269.03,0.05,5076.11,4822.31,3416.29,Cash on Delivery,Delivered,1406.02,0.2916,2025-04,2025,Q2,1,0,0
ORD000618,2025-02-03,CUST00862,Fashion,Backpack,North,Delhi,Website,5,2493.35,0.0,12466.74,12466.74,8913.51,Credit Card,Delivered,3553.23,0.285,2025-02,2025,Q1,1,0,0
ORD000619,2024-07-31,CUST00737,Sports,Yoga Mat,Central,Bhopal,Marketplace,3,6143.1,0.1,18429.31,16586.38,11738.59,Cash on Delivery,Delivered,4847.79,0.2923,2024-07,2024,Q3,1,0,0
ORD000620,2024-12-13,CUST01262,Electronics,Smartwatch,East,Patna,Website,1,15789.11,0.15,15789.11,13420.75,7943.32,Cash on Delivery,Delivered,5477.43,0.4081,2024-12,2024,Q4,1,0,0
ORD000621,2025-02-17,CUST01563,Electronics,Laptop Stand,South,Bengaluru,Website,4,1852.85,0.2,7411.41,5929.12,4021.64,Credit Card,Delivered,1907.48,0.3217,2025-02,2025,Q1,1,0,0
ORD000622,2025-03-23,CUST01439,Sports,Yoga Mat,South,Bengaluru,Marketplace,4,6866.17,0.0,27464.7,27464.7,14578.05,Net Banking,Returned,12886.65,0.4692,2025-03,2025,Q1,0,1,0
ORD000623,2025-03-23,CUST01005,Electronics,Smartwatch,North,Delhi,Website,5,19839.68,0.05,99198.39,94238.47,65404.85,Debit Card,Delivered,28833.62,0.306,2025-03,2025,Q1,1,0,0
ORD000624,2024-10-05,CUST01576,Home & Kitchen,Coffee Maker,Central,Indore,Marketplace,2,6760.92,0.15,13521.84,11493.56,6233.59,Credit Card,Delivered,5259.97,0.4576,2024-10,2024,Q4,1,0,0
ORD000625,2024-12-22,CUST00588,Fashion,Sunglasses,East,Bhubaneswar,Marketplace,2,3673.03,0.1,7346.06,6611.45,5057.63,Credit Card,Delivered,1553.82,0.235,2024-12,2024,Q4,1,0,0
ORD000626,2024-04-18,CUST01011,Electronics,Laptop Stand,East,Kolkata,Website,1,3969.66,0.1,3969.66,3572.7,2830.2,Debit Card,Delivered,742.5,0.2078,2024-04,2024,Q2,1,0,0
ORD000627,2024-03-02,CUST00810,Home & Kitchen,Coffee Maker,West,Mumbai,Mobile App,3,5098.65,0.1,15295.94,13766.35,9883.67,Debit Card,Delivered,3882.68,0.282,2024-03,2024,Q1,1,0,0
ORD000628,2025-06-20,CUST00123,Beauty,Sunscreen,North,Delhi,Mobile App,5,822.35,0.05,4111.75,3906.17,2480.2,UPI,Delivered,1425.97,0.3651,2025-06,2025,Q2,1,0,0
ORD000629,2024-08-03,CUST00666,Home & Kitchen,Water Bottle,South,Chennai,Website,4,4761.26,0.1,19045.05,17140.54,10596.84,UPI,Delivered,6543.7,0.3818,2024-08,2024,Q3,1,0,0
ORD000630,2024-11-11,CUST00466,Fashion,Running Shoes,East,Kolkata,Website,5,901.45,0.15,4507.27,3831.18,2136.07,Debit Card,Delivered,1695.11,0.4425,2024-11,2024,Q4,1,0,0
ORD000631,2025-06-29,CUST01150,Electronics,Smartwatch,South,Bengaluru,Website,3,7929.21,0.15,23787.64,20219.49,11625.12,Debit Card,Cancelled,8594.37,0.4251,2025-06,2025,Q2,0,0,1
ORD000632,2024-12-06,CUST01154,Fashion,T-Shirt,South,Chennai,Website,3,4523.54,0.1,13570.63,12213.57,8467.73,Debit Card,Delivered,3745.84,0.3067,2024-12,2024,Q4,1,0,0
ORD000633,2024-04-27,CUST01346,Electronics,Laptop Stand,West,Mumbai,Mobile App,4,16149.75,0.05,64599.0,61369.05,42888.64,Credit Card,Returned,18480.41,0.3011,2024-04,2024,Q2,0,1,0
ORD000634,2025-05-29,CUST01404,Beauty,Sunscreen,South,Bengaluru,Mobile App,1,2597.34,0.05,2597.34,2467.48,1703.43,Credit Card,Delivered,764.05,0.3096,2025-05,2025,Q2,1,0,0
ORD000635,2024-04-17,CUST01156,Fashion,Running Shoes,North,Delhi,Mobile App,3,2730.3,0.1,8190.9,7371.81,5946.53,UPI,Delivered,1425.28,0.1933,2024-04,2024,Q2,1,0,0
ORD000636,2024-06-30,CUST00417,Sports,Yoga Mat,Central,Bhopal,Website,4,4170.61,0.15,16682.42,14180.06,10551.82,Debit Card,Delivered,3628.24,0.2559,2024-06,2024,Q2,1,0,0
ORD000637,2024-10-07,CUST00538,Fashion,Sunglasses,North,Delhi,Marketplace,3,1743.78,0.05,5231.34,4969.78,3580.34,Net Banking,Cancelled,1389.44,0.2796,2024-10,2024,Q4,0,0,1
ORD000638,2025-05-24,CUST00458,Fashion,T-Shirt,North,Chandigarh,Website,5,1072.34,0.1,5361.7,4825.53,3996.32,Debit Card,Delivered,829.21,0.1718,2025-05,2025,Q2,1,0,0
ORD000639,2025-06-25,CUST01157,Fashion,Denim Jacket,East,Bhubaneswar,Marketplace,3,1158.98,0.15,3476.93,2955.39,1868.46,UPI,Delivered,1086.93,0.3678,2025-06,2025,Q2,1,0,0
ORD000640,2024-02-04,CUST01260,Electronics,Laptop Stand,West,Ahmedabad,Website,4,5706.25,0.05,22825.01,21683.76,17862.49,UPI,Delivered,3821.27,0.1762,2024-02,2024,Q1,1,0,0
ORD000641,2025-02-01,CUST01038,Electronics,Wireless Headphones,South,Bengaluru,Website,5,9466.04,0.05,47330.21,44963.7,26433.37,Debit Card,Delivered,18530.33,0.4121,2025-02,2025,Q1,1,0,0
ORD000642,2024-06-21,CUST01187,Electronics,Smartwatch,East,Bhubaneswar,Mobile App,3,14950.71,0.15,44852.14,38124.32,21058.83,Debit Card,Delivered,17065.49,0.4476,2024-06,2024,Q2,1,0,0
ORD000643,2024-07-10,CUST01157,Electronics,Bluetooth Speaker,North,Delhi,Mobile App,5,1215.8,0.1,6079.02,5471.12,3286.94,Credit Card,Delivered,2184.18,0.3992,2024-07,2024,Q3,1,0,0
ORD000644,2025-04-05,CUST00598,Home & Kitchen,Water Bottle,South,Bengaluru,Website,1,1563.31,0.1,1563.31,1406.98,742.88,Cash on Delivery,Cancelled,664.1,0.472,2025-04,2025,Q2,0,0,1
ORD000645,2024-04-21,CUST00602,Beauty,Lip Balm,Central,Nagpur,Website,2,2538.05,0.05,5076.1,4822.29,2735.22,Debit Card,Delivered,2087.07,0.4328,2024-04,2024,Q2,1,0,0
ORD000646,2025-03-27,CUST01173,Home & Kitchen,Air Fryer,East,Bhubaneswar,Mobile App,5,8441.73,0.05,42208.67,40098.24,29918.3,Net Banking,Delivered,10179.94,0.2539,2025-03,2025,Q1,1,0,0
ORD000647,2024-01-20,CUST00543,Electronics,Wireless Headphones,South,Hyderabad,Mobile App,4,12978.8,0.15,51915.19,44127.91,35133.43,Net Banking,Delivered,8994.48,0.2038,2024-01,2024,Q1,1,0,0
ORD000648,2024-01-21,CUST00326,Sports,Dumbbells,East,Kolkata,Website,5,2725.37,0.05,13626.83,12945.49,8055.74,Debit Card,Delivered,4889.75,0.3777,2024-01,2024,Q1,1,0,0
ORD000649,2024-11-22,CUST01120,Electronics,Smartwatch,North,Delhi,Marketplace,2,15486.48,0.15,30972.95,26327.01,15082.44,Net Banking,Delivered,11244.57,0.4271,2024-11,2024,Q4,1,0,0
ORD000650,2024-07-02,CUST00572,Sports,Dumbbells,North,Delhi,Marketplace,5,6843.32,0.0,34216.61,34216.61,23015.98,UPI,Pending,11200.63,0.3273,2024-07,2024,Q3,0,0,0
ORD000651,2024-08-03,CUST00362,Fashion,Sunglasses,East,Kolkata,Website,4,3897.25,0.0,15588.99,15588.99,9168.03,UPI,Pending,6420.96,0.4119,2024-08,2024,Q3,0,0,0
ORD000652,2025-03-24,CUST00389,Beauty,Sunscreen,East,Kolkata,Mobile App,5,1712.28,0.2,8561.39,6849.11,3797.72,Debit Card,Delivered,3051.39,0.4455,2025-03,2025,Q1,1,0,0
ORD000653,2025-04-11,CUST00842,Fashion,Backpack,West,Ahmedabad,Mobile App,1,2785.98,0.25,2785.98,2089.48,1625.32,UPI,Delivered,464.16,0.2221,2025-04,2025,Q2,1,0,0
ORD000654,2024-12-14,CUST00260,Beauty,Lip Balm,North,Chandigarh,Mobile App,3,2829.63,0.0,8488.9,8488.9,5885.53,Cash on Delivery,Pending,2603.37,0.3067,2024-12,2024,Q4,0,0,0
ORD000655,2024-12-29,CUST01337,Electronics,Wireless Headphones,North,Jaipur,Mobile App,2,15182.0,0.05,30364.0,28845.8,21849.81,Debit Card,Delivered,6995.99,0.2425,2024-12,2024,Q4,1,0,0
ORD000656,2024-04-10,CUST00144,Home & Kitchen,Water Bottle,West,Ahmedabad,Website,5,3281.96,0.05,16409.8,15589.31,10966.24,Cash on Delivery,Delivered,4623.07,0.2966,2024-04,2024,Q2,1,0,0
ORD000657,2024-11-08,CUST00102,Electronics,Smartwatch,North,Chandigarh,Website,1,2923.36,0.15,2923.36,2484.86,1610.83,Debit Card,Delivered,874.03,0.3517,2024-11,2024,Q4,1,0,0
ORD000658,2024-07-13,CUST01470,Sports,Dumbbells,North,Chandigarh,Mobile App,4,1514.58,0.2,6058.33,4846.66,3550.72,Net Banking,Delivered,1295.94,0.2674,2024-07,2024,Q3,1,0,0
ORD000659,2025-06-17,CUST00817,Fashion,T-Shirt,South,Bengaluru,Website,1,4546.13,0.0,4546.13,4546.13,2486.83,UPI,Returned,2059.3,0.453,2025-06,2025,Q2,0,1,0
ORD000660,2024-10-16,CUST00785,Beauty,Moisturizer,East,Bhubaneswar,Marketplace,5,2707.41,0.1,13537.05,12183.35,9578.95,Net Banking,Pending,2604.4,0.2138,2024-10,2024,Q4,0,0,0
ORD000661,2024-11-11,CUST00581,Fashion,T-Shirt,South,Bengaluru,Mobile App,1,2955.77,0.05,2955.77,2807.98,1835.49,UPI,Delivered,972.49,0.3463,2024-11,2024,Q4,1,0,0
ORD000662,2024-01-14,CUST01523,Home & Kitchen,Mixer Grinder,North,Jaipur,Website,3,1308.12,0.05,3924.37,3728.16,2101.23,Debit Card,Delivered,1626.93,0.4364,2024-01,2024,Q1,1,0,0
ORD000663,2025-05-22,CUST00543,Sports,Dumbbells,East,Kolkata,Mobile App,4,6436.09,0.0,25744.35,25744.35,20714.0,Credit Card,Delivered,5030.35,0.1954,2025-05,2025,Q2,1,0,0
ORD000664,2025-05-24,CUST00419,Electronics,Smartwatch,West,Ahmedabad,Mobile App,4,16608.38,0.15,66433.51,56468.48,30246.15,Net Banking,Delivered,26222.33,0.4644,2025-05,2025,Q2,1,0,0
ORD000665,2025-02-16,CUST01468,Home & Kitchen,Storage Box,South,Bengaluru,Website,1,1061.62,0.0,1061.62,1061.62,683.72,UPI,Delivered,377.9,0.356,2025-02,2025,Q1,1,0,0
ORD000666,2024-07-17,CUST01521,Electronics,Laptop Stand,Central,Indore,Marketplace,2,12388.86,0.15,24777.73,21061.07,11223.11,UPI,Cancelled,9837.96,0.4671,2024-07,2024,Q3,0,0,1
ORD000667,2024-11-19,CUST00520,Home & Kitchen,Coffee Maker,East,Patna,Mobile App,3,7500.24,0.1,22500.72,20250.65,12261.58,UPI,Delivered,7989.07,0.3945,2024-11,2024,Q4,1,0,0
ORD000668,2025-02-06,CUST00208,Beauty,Lip Balm,South,Chennai,Website,4,2244.61,0.0,8978.44,8978.44,4812.04,Net Banking,Delivered,4166.4,0.464,2025-02,2025,Q1,1,0,0
ORD000669,2024-11-14,CUST00510,Home & Kitchen,Coffee Maker,South,Chennai,Mobile App,5,7772.45,0.1,38862.23,34976.0,26532.51,Debit Card,Pending,8443.49,0.2414,2024-11,2024,Q4,0,0,0
ORD000670,2025-02-03,CUST01159,Electronics,Wireless Headphones,West,Ahmedabad,Mobile App,3,20344.36,0.05,61033.09,57981.44,32757.65,Net Banking,Delivered,25223.79,0.435,2025-02,2025,Q1,1,0,0
ORD000671,2024-05-06,CUST00754,Electronics,Laptop Stand,North,Delhi,Marketplace,1,4053.14,0.2,4053.14,3242.52,2317.92,Net Banking,Delivered,924.6,0.2851,2024-05,2024,Q2,1,0,0
ORD000672,2025-06-05,CUST00485,Sports,Yoga Mat,West,Ahmedabad,Marketplace,2,5099.77,0.25,10199.55,7649.66,4359.08,Net Banking,Delivered,3290.58,0.4302,2025-06,2025,Q2,1,0,0
ORD000673,2025-01-20,CUST00386,Electronics,Wireless Headphones,North,Jaipur,Mobile App,3,14247.07,0.1,42741.22,38467.1,27634.78,Credit Card,Delivered,10832.32,0.2816,2025-01,2025,Q1,1,0,0
ORD000674,2024-04-22,CUST00685,Electronics,Smartwatch,Central,Indore,Mobile App,4,17205.56,0.2,68822.26,55057.8,39966.31,Net Banking,Returned,15091.49,0.2741,2024-04,2024,Q2,0,1,0
ORD000675,2024-01-17,CUST00409,Home & Kitchen,Storage Box,Central,Bhopal,Mobile App,2,8440.92,0.15,16881.85,14349.57,8484.89,Net Banking,Pending,5864.68,0.4087,2024-01,2024,Q1,0,0,0
ORD000676,2024-10-23,CUST00781,Fashion,Sunglasses,North,Chandigarh,Website,1,1052.58,0.15,1052.58,894.69,583.13,Debit Card,Delivered,311.56,0.3482,2024-10,2024,Q4,1,0,0
ORD000677,2024-10-25,CUST00190,Sports,Dumbbells,East,Kolkata,Mobile App,3,5814.6,0.15,17443.81,14827.24,10760.55,UPI,Pending,4066.69,0.2743,2024-10,2024,Q4,0,0,0
ORD000678,2024-10-08,CUST00699,Electronics,Wireless Headphones,West,Pune,Mobile App,1,20902.9,0.1,20902.9,18812.61,11760.55,Net Banking,Delivered,7052.06,0.3749,2024-10,2024,Q4,1,0,0
ORD000679,2025-03-05,CUST01058,Electronics,Wireless Headphones,West,Pune,Mobile App,5,5643.49,0.2,28217.47,22573.98,13604.13,Cash on Delivery,Delivered,8969.85,0.3974,2025-03,2025,Q1,1,0,0
ORD000680,2024-12-31,CUST01151,Beauty,Lip Balm,West,Mumbai,Website,3,650.99,0.0,1952.97,1952.97,1296.95,Credit Card,Delivered,656.02,0.3359,2024-12,2024,Q4,1,0,0
ORD000681,2024-06-16,CUST01336,Fashion,T-Shirt,West,Mumbai,Mobile App,1,462.49,0.0,462.49,462.49,312.39,Cash on Delivery,Delivered,150.1,0.3245,2024-06,2024,Q2,1,0,0
ORD000682,2024-04-05,CUST00300,Fashion,Backpack,South,Chennai,Website,3,913.47,0.15,2740.42,2329.35,1296.59,Debit Card,Delivered,1032.76,0.4434,2024-04,2024,Q2,1,0,0
ORD000683,2024-07-23,CUST00734,Electronics,Wireless Headphones,West,Mumbai,Marketplace,4,18278.54,0.1,73114.16,65802.74,34513.58,Credit Card,Delivered,31289.16,0.4755,2024-07,2024,Q3,1,0,0
ORD000684,2025-02-08,CUST00948,Fashion,Running Shoes,West,Mumbai,Marketplace,3,3540.71,0.15,10622.13,9028.81,7087.15,UPI,Delivered,1941.66,0.2151,2025-02,2025,Q1,1,0,0
ORD000685,2024-07-03,CUST01527,Home & Kitchen,Coffee Maker,Central,Nagpur,Mobile App,3,9212.43,0.0,27637.3,27637.3,16966.03,Cash on Delivery,Delivered,10671.27,0.3861,2024-07,2024,Q3,1,0,0
ORD000686,2024-03-18,CUST01025,Home & Kitchen,Air Fryer,North,Chandigarh,Marketplace,2,5125.91,0.25,10251.83,7688.87,4628.43,UPI,Delivered,3060.44,0.398,2024-03,2024,Q1,1,0,0
ORD000687,2024-10-04,CUST01436,Fashion,Backpack,South,Bengaluru,Website,3,1158.46,0.2,3475.37,2780.3,2273.8,UPI,Delivered,506.5,0.1822,2024-10,2024,Q4,1,0,0
ORD000688,2024-06-27,CUST00161,Electronics,Laptop Stand,South,Hyderabad,Mobile App,5,7321.37,0.25,36606.85,27455.14,21551.21,Credit Card,Delivered,5903.93,0.215,2024-06,2024,Q2,1,0,0
ORD000689,2025-03-23,CUST00365,Sports,Football,East,Bhubaneswar,Mobile App,5,898.57,0.1,4492.83,4043.55,3073.32,UPI,Delivered,970.23,0.2399,2025-03,2025,Q1,1,0,0
ORD000690,2024-09-08,CUST00890,Beauty,Lip Balm,Central,Nagpur,Website,1,506.24,0.15,506.24,430.3,360.39,Debit Card,Delivered,69.91,0.1625,2024-09,2024,Q3,1,0,0
ORD000691,2024-06-13,CUST01348,Home & Kitchen,Storage Box,Central,Nagpur,Website,3,4939.83,0.05,14819.48,14078.51,11480.83,UPI,Delivered,2597.68,0.1845,2024-06,2024,Q2,1,0,0
ORD000692,2025-03-06,CUST01212,Beauty,Lip Balm,West,Pune,Mobile App,3,1763.85,0.05,5291.56,5026.98,2902.45,UPI,Delivered,2124.53,0.4226,2025-03,2025,Q1,1,0,0
ORD000693,2025-03-07,CUST01037,Sports,Resistance Bands,West,Ahmedabad,Website,4,3844.17,0.1,15376.68,13839.02,10364.38,UPI,Delivered,3474.64,0.2511,2025-03,2025,Q1,1,0,0
ORD000694,2024-06-09,CUST00449,Fashion,Denim Jacket,North,Delhi,Mobile App,2,514.49,0.25,1028.98,771.74,609.8,Net Banking,Pending,161.94,0.2098,2024-06,2024,Q2,0,0,0
ORD000695,2024-12-19,CUST01230,Home & Kitchen,Water Bottle,Central,Nagpur,Mobile App,1,4664.83,0.2,4664.83,3731.86,2341.03,UPI,Delivered,1390.83,0.3727,2024-12,2024,Q4,1,0,0
ORD000696,2025-05-29,CUST00937,Electronics,Bluetooth Speaker,South,Chennai,Website,4,12609.66,0.15,50438.63,42872.84,23406.52,Credit Card,Delivered,19466.32,0.454,2025-05,2025,Q2,1,0,0
ORD000697,2024-08-01,CUST00024,Sports,Cricket Bat,Central,Bhopal,Website,3,5028.7,0.0,15086.1,15086.1,8674.08,Debit Card,Delivered,6412.02,0.425,2024-08,2024,Q3,1,0,0
ORD000698,2025-04-07,CUST00641,Electronics,Wireless Headphones,North,Chandigarh,Website,4,10810.36,0.2,43241.44,34593.15,21277.09,UPI,Delivered,13316.06,0.3849,2025-04,2025,Q2,1,0,0
ORD000699,2024-06-27,CUST01235,Home & Kitchen,Mixer Grinder,Central,Indore,Marketplace,1,7123.16,0.05,7123.16,6767.01,5393.61,Net Banking,Delivered,1373.4,0.203,2024-06,2024,Q2,1,0,0
ORD000700,2024-04-17,CUST01293,Electronics,Laptop Stand,North,Chandigarh,Mobile App,3,13171.55,0.15,39514.65,33587.45,17870.63,Net Banking,Delivered,15716.82,0.4679,2024-04,2024,Q2,1,0,0
ORD000701,2024-01-08,CUST00886,Sports,Dumbbells,North,Jaipur,Mobile App,1,6332.67,0.05,6332.67,6016.03,4672.89,UPI,Delivered,1343.14,0.2233,2024-01,2024,Q1,1,0,0
ORD000702,2024-09-21,CUST00308,Sports,Cricket Bat,North,Delhi,Website,1,1779.4,0.0,1779.4,1779.4,976.17,Net Banking,Cancelled,803.23,0.4514,2024-09,2024,Q3,0,0,1
ORD000703,2024-01-13,CUST01015,Electronics,Laptop Stand,West,Mumbai,Website,5,5380.81,0.0,26904.05,26904.05,16982.72,Debit Card,Pending,9921.33,0.3688,2024-01,2024,Q1,0,0,0
ORD000704,2024-02-24,CUST00514,Home & Kitchen,Coffee Maker,East,Bhubaneswar,Website,2,8008.68,0.15,16017.35,13614.75,10069.45,Debit Card,Cancelled,3545.3,0.2604,2024-02,2024,Q1,0,0,1
ORD000705,2024-12-27,CUST01190,Electronics,Smartwatch,North,Delhi,Website,3,9197.54,0.2,27592.62,22074.09,16930.46,Net Banking,Delivered,5143.63,0.233,2024-12,2024,Q4,1,0,0
ORD000706,2024-07-19,CUST00674,Electronics,Smartwatch,South,Hyderabad,Mobile App,1,9487.69,0.05,9487.69,9013.3,5119.07,Credit Card,Delivered,3894.23,0.4321,2024-07,2024,Q3,1,0,0
ORD000707,2024-03-07,CUST00439,Sports,Yoga Mat,South,Bengaluru,Marketplace,5,1987.55,0.05,9937.73,9440.84,6481.06,Net Banking,Delivered,2959.78,0.3135,2024-03,2024,Q1,1,0,0
ORD000708,2025-04-19,CUST00113,Home & Kitchen,Water Bottle,South,Chennai,Mobile App,4,6679.32,0.15,26717.29,22709.7,14397.82,Cash on Delivery,Delivered,8311.88,0.366,2025-04,2025,Q2,1,0,0
ORD000709,2025-03-11,CUST01063,Fashion,Sunglasses,North,Chandigarh,Mobile App,4,3097.4,0.0,12389.62,12389.62,7863.93,UPI,Delivered,4525.69,0.3653,2025-03,2025,Q1,1,0,0
ORD000710,2025-02-27,CUST00126,Electronics,Wireless Headphones,West,Pune,Mobile App,3,8532.13,0.0,25596.39,25596.39,17460.57,Cash on Delivery,Delivered,8135.82,0.3179,2025-02,2025,Q1,1,0,0
ORD000711,2024-08-06,CUST01101,Electronics,Bluetooth Speaker,South,Chennai,Mobile App,1,20891.63,0.0,20891.63,20891.63,15107.34,UPI,Delivered,5784.29,0.2769,2024-08,2024,Q3,1,0,0
ORD000712,2024-10-13,CUST01535,Beauty,Moisturizer,North,Delhi,Marketplace,4,2192.2,0.1,8768.8,7891.92,5983.68,UPI,Delivered,1908.24,0.2418,2024-10,2024,Q4,1,0,0
ORD000713,2025-06-05,CUST00201,Beauty,Lip Balm,North,Jaipur,Website,4,734.03,0.2,2936.12,2348.9,1736.33,UPI,Delivered,612.57,0.2608,2025-06,2025,Q2,1,0,0
ORD000714,2024-11-07,CUST00669,Electronics,Smartwatch,South,Hyderabad,Website,5,16696.66,0.05,83483.32,79309.16,48966.39,Credit Card,Delivered,30342.77,0.3826,2024-11,2024,Q4,1,0,0
ORD000715,2024-04-18,CUST00166,Sports,Cricket Bat,West,Ahmedabad,Marketplace,3,589.33,0.0,1767.98,1767.98,969.42,Debit Card,Delivered,798.56,0.4517,2024-04,2024,Q2,1,0,0
ORD000716,2025-05-02,CUST01455,Fashion,Running Shoes,East,Bhubaneswar,Website,4,2001.43,0.2,8005.72,6404.58,4011.25,UPI,Delivered,2393.33,0.3737,2025-05,2025,Q2,1,0,0
ORD000717,2024-01-19,CUST00069,Fashion,T-Shirt,North,Chandigarh,Website,5,4248.76,0.0,21243.8,21243.8,17398.58,Net Banking,Delivered,3845.22,0.181,2024-01,2024,Q1,1,0,0
ORD000718,2024-04-08,CUST01152,Fashion,Running Shoes,East,Patna,Website,3,2746.14,0.2,8238.43,6590.74,3916.08,Debit Card,Pending,2674.66,0.4058,2024-04,2024,Q2,0,0,0
ORD000719,2024-03-10,CUST00098,Beauty,Sunscreen,West,Ahmedabad,Marketplace,2,1849.56,0.0,3699.11,3699.11,2068.4,Net Banking,Cancelled,1630.71,0.4408,2024-03,2024,Q1,0,0,1
ORD000720,2024-07-21,CUST01475,Electronics,Power Bank,North,Chandigarh,Website,4,18049.34,0.0,72197.35,72197.35,58493.66,Credit Card,Delivered,13703.69,0.1898,2024-07,2024,Q3,1,0,0
ORD000721,2025-05-18,CUST01369,Fashion,Running Shoes,South,Hyderabad,Marketplace,1,379.79,0.1,379.79,341.81,258.34,Cash on Delivery,Delivered,83.47,0.2442,2025-05,2025,Q2,1,0,0
ORD000722,2024-03-08,CUST00355,Home & Kitchen,Water Bottle,Central,Nagpur,Mobile App,3,5894.79,0.2,17684.38,14147.5,8320.64,UPI,Pending,5826.86,0.4119,2024-03,2024,Q1,0,0,0
ORD000723,2025-02-20,CUST00303,Fashion,Backpack,Central,Nagpur,Website,3,3435.94,0.25,10307.83,7730.87,4205.57,Net Banking,Returned,3525.3,0.456,2025-02,2025,Q1,0,1,0
ORD000724,2024-05-06,CUST00906,Electronics,Smartwatch,North,Chandigarh,Mobile App,2,7340.08,0.05,14680.16,13946.15,8886.17,Cash on Delivery,Delivered,5059.98,0.3628,2024-05,2024,Q2,1,0,0
ORD000725,2024-12-25,CUST01299,Electronics,Bluetooth Speaker,South,Chennai,Marketplace,3,18089.43,0.1,54268.29,48841.46,38215.0,Net Banking,Delivered,10626.46,0.2176,2024-12,2024,Q4,1,0,0
ORD000726,2024-12-12,CUST00344,Home & Kitchen,Coffee Maker,North,Jaipur,Mobile App,3,6072.55,0.1,18217.64,16395.88,12558.24,Cash on Delivery,Pending,3837.64,0.2341,2024-12,2024,Q4,0,0,0
ORD000727,2025-01-31,CUST01265,Electronics,Laptop Stand,South,Chennai,Website,1,11498.7,0.1,11498.7,10348.83,7134.21,UPI,Delivered,3214.62,0.3106,2025-01,2025,Q1,1,0,0
ORD000728,2025-04-03,CUST01030,Fashion,Backpack,West,Pune,Website,3,1720.97,0.0,5162.9,5162.9,3750.42,Net Banking,Delivered,1412.48,0.2736,2025-04,2025,Q2,1,0,0
ORD000729,2025-01-04,CUST00278,Sports,Cricket Bat,East,Kolkata,Mobile App,1,952.67,0.2,952.67,762.14,575.49,Debit Card,Delivered,186.65,0.2449,2025-01,2025,Q1,1,0,0
ORD000730,2024-09-16,CUST00290,Sports,Yoga Mat,East,Kolkata,Website,3,4864.85,0.0,14594.55,14594.55,7860.53,UPI,Returned,6734.02,0.4614,2024-09,2024,Q3,0,1,0
ORD000731,2024-11-05,CUST00382,Home & Kitchen,Coffee Maker,West,Ahmedabad,Marketplace,5,6154.94,0.2,30774.72,24619.78,19058.17,Cash on Delivery,Delivered,5561.61,0.2259,2024-11,2024,Q4,1,0,0
ORD000732,2024-07-21,CUST00347,Home & Kitchen,Coffee Maker,South,Bengaluru,Website,4,6794.68,0.0,27178.73,27178.73,22788.39,Debit Card,Delivered,4390.34,0.1615,2024-07,2024,Q3,1,0,0
ORD000733,2024-07-23,CUST00290,Electronics,Smartwatch,West,Ahmedabad,Mobile App,1,13346.11,0.2,13346.11,10676.89,6180.38,Debit Card,Delivered,4496.51,0.4211,2024-07,2024,Q3,1,0,0
ORD000734,2024-08-02,CUST01119,Home & Kitchen,Air Fryer,Central,Indore,Marketplace,1,2390.09,0.05,2390.09,2270.58,1601.96,Debit Card,Delivered,668.62,0.2945,2024-08,2024,Q3,1,0,0
ORD000735,2024-06-11,CUST00558,Fashion,Sunglasses,West,Mumbai,Website,1,1298.31,0.05,1298.31,1233.4,670.76,Debit Card,Pending,562.64,0.4562,2024-06,2024,Q2,0,0,0
ORD000736,2024-10-13,CUST00770,Home & Kitchen,Air Fryer,South,Chennai,Website,1,5857.93,0.1,5857.93,5272.13,2890.67,Net Banking,Delivered,2381.46,0.4517,2024-10,2024,Q4,1,0,0
ORD000737,2024-01-27,CUST01410,Home & Kitchen,Mixer Grinder,West,Pune,Website,4,5011.01,0.0,20044.06,20044.06,16465.87,Debit Card,Delivered,3578.19,0.1785,2024-01,2024,Q1,1,0,0
ORD000738,2024-03-26,CUST00403,Electronics,Smartwatch,East,Patna,Marketplace,3,6068.74,0.2,18206.23,14564.98,8180.08,Debit Card,Delivered,6384.9,0.4384,2024-03,2024,Q1,1,0,0
ORD000739,2025-04-28,CUST00550,Electronics,Power Bank,West,Ahmedabad,Website,4,6079.88,0.05,24319.51,23103.54,15447.26,Debit Card,Delivered,7656.28,0.3314,2025-04,2025,Q2,1,0,0
ORD000740,2024-07-03,CUST01171,Beauty,Sunscreen,South,Hyderabad,Mobile App,1,463.93,0.15,463.93,394.34,298.97,UPI,Delivered,95.37,0.2418,2024-07,2024,Q3,1,0,0
ORD000741,2025-06-29,CUST00053,Beauty,Lip Balm,Central,Indore,Website,2,1373.74,0.1,2747.48,2472.73,1843.67,Cash on Delivery,Pending,629.06,0.2544,2025-06,2025,Q2,0,0,0
ORD000742,2024-06-07,CUST00576,Electronics,Power Bank,South,Hyderabad,Website,1,1886.1,0.0,1886.1,1886.1,1026.78,Credit Card,Delivered,859.32,0.4556,2024-06,2024,Q2,1,0,0
ORD000743,2025-04-13,CUST01373,Fashion,Sunglasses,North,Jaipur,Mobile App,5,4956.85,0.05,24784.27,23545.06,14378.17,Net Banking,Delivered,9166.89,0.3893,2025-04,2025,Q2,1,0,0
ORD000744,2024-06-04,CUST01175,Fashion,Sunglasses,Central,Indore,Website,3,2582.15,0.05,7746.44,7359.12,5476.21,Cash on Delivery,Delivered,1882.91,0.2559,2024-06,2024,Q2,1,0,0
ORD000745,2024-01-07,CUST01360,Electronics,Bluetooth Speaker,Central,Bhopal,Website,4,6284.98,0.05,25139.92,23882.93,12661.18,UPI,Delivered,11221.75,0.4699,2024-01,2024,Q1,1,0,0
ORD000746,2024-03-14,CUST00384,Home & Kitchen,Water Bottle,Central,Bhopal,Website,4,5509.27,0.1,22037.07,19833.36,13552.79,Credit Card,Delivered,6280.57,0.3167,2024-03,2024,Q1,1,0,0
ORD000747,2024-01-26,CUST00398,Electronics,Power Bank,West,Pune,Website,2,21825.39,0.0,43650.79,43650.79,28514.99,Net Banking,Pending,15135.8,0.3467,2024-01,2024,Q1,0,0,0
ORD000748,2025-01-28,CUST01168,Beauty,Sunscreen,South,Bengaluru,Mobile App,2,1293.84,0.05,2587.67,2458.29,1290.51,Credit Card,Delivered,1167.78,0.475,2025-01,2025,Q1,1,0,0
ORD000749,2024-11-10,CUST01208,Electronics,Smartwatch,North,Chandigarh,Website,4,20452.84,0.15,81811.35,69539.64,38527.82,Debit Card,Pending,31011.82,0.446,2024-11,2024,Q4,0,0,0
ORD000750,2024-03-10,CUST01097,Electronics,Bluetooth Speaker,South,Bengaluru,Website,3,11543.85,0.0,34631.55,34631.55,28005.09,Credit Card,Delivered,6626.46,0.1913,2024-03,2024,Q1,1,0,0
ORD000751,2024-12-07,CUST00328,Fashion,Backpack,South,Chennai,Mobile App,1,3236.94,0.2,3236.94,2589.55,1521.32,Debit Card,Delivered,1068.23,0.4125,2024-12,2024,Q4,1,0,0
ORD000752,2024-01-26,CUST00087,Fashion,T-Shirt,Central,Indore,Website,1,3882.25,0.05,3882.25,3688.14,3006.84,Credit Card,Delivered,681.3,0.1847,2024-01,2024,Q1,1,0,0
ORD000753,2024-10-09,CUST01572,Electronics,Power Bank,Central,Nagpur,Mobile App,1,12566.68,0.05,12566.68,11938.35,6931.66,Net Banking,Delivered,5006.69,0.4194,2024-10,2024,Q4,1,0,0
ORD000754,2024-11-21,CUST00554,Electronics,Smartwatch,Central,Bhopal,Marketplace,2,2394.96,0.1,4789.93,4310.93,2448.52,UPI,Delivered,1862.41,0.432,2024-11,2024,Q4,1,0,0
ORD000755,2025-05-06,CUST00329,Beauty,Moisturizer,Central,Nagpur,Mobile App,3,2196.31,0.2,6588.94,5271.15,3745.68,Credit Card,Delivered,1525.47,0.2894,2025-05,2025,Q2,1,0,0
ORD000756,2025-04-11,CUST01535,Fashion,T-Shirt,North,Chandigarh,Mobile App,2,1203.96,0.1,2407.91,2167.12,1229.09,UPI,Delivered,938.03,0.4328,2025-04,2025,Q2,1,0,0
ORD000757,2025-02-22,CUST01272,Electronics,Laptop Stand,South,Hyderabad,Website,5,17029.2,0.0,85146.0,85146.0,61949.45,Credit Card,Delivered,23196.55,0.2724,2025-02,2025,Q1,1,0,0
ORD000758,2025-06-15,CUST01258,Beauty,Sunscreen,South,Chennai,Mobile App,1,1089.53,0.05,1089.53,1035.05,796.47,Credit Card,Delivered,238.58,0.2305,2025-06,2025,Q2,1,0,0
ORD000759,2024-08-24,CUST01311,Sports,Cricket Bat,South,Chennai,Marketplace,4,5655.48,0.15,22621.93,19228.64,15491.2,Cash on Delivery,Pending,3737.44,0.1944,2024-08,2024,Q3,0,0,0
ORD000760,2024-01-30,CUST01300,Beauty,Shampoo,South,Hyderabad,Website,2,1425.47,0.0,2850.93,2850.93,1705.42,Net Banking,Delivered,1145.51,0.4018,2024-01,2024,Q1,1,0,0
ORD000761,2024-10-23,CUST00752,Beauty,Moisturizer,North,Delhi,Website,3,367.4,0.1,1102.2,991.98,584.38,Credit Card,Delivered,407.6,0.4109,2024-10,2024,Q4,1,0,0
ORD000762,2025-04-13,CUST01134,Fashion,Backpack,North,Chandigarh,Website,2,3165.46,0.1,6330.91,5697.82,4252.73,Cash on Delivery,Delivered,1445.09,0.2536,2025-04,2025,Q2,1,0,0
ORD000763,2024-02-24,CUST00324,Fashion,Sunglasses,South,Hyderabad,Website,2,2335.84,0.25,4671.68,3503.76,2357.52,Debit Card,Delivered,1146.24,0.3271,2024-02,2024,Q1,1,0,0
ORD000764,2024-08-05,CUST01313,Home & Kitchen,Air Fryer,West,Ahmedabad,Mobile App,4,8159.73,0.1,32638.9,29375.01,15682.89,UPI,Delivered,13692.12,0.4661,2024-08,2024,Q3,1,0,0
ORD000765,2024-08-01,CUST00157,Home & Kitchen,Coffee Maker,Central,Indore,Mobile App,5,2384.36,0.15,11921.82,10133.54,6491.19,Debit Card,Returned,3642.35,0.3594,2024-08,2024,Q3,0,1,0
ORD000766,2024-02-19,CUST00324,Fashion,Backpack,West,Ahmedabad,Website,3,1719.97,0.1,5159.92,4643.93,2780.62,Net Banking,Delivered,1863.31,0.4012,2024-02,2024,Q1,1,0,0
ORD000767,2025-04-25,CUST00370,Fashion,Sunglasses,West,Ahmedabad,Website,3,2935.23,0.05,8805.69,8365.41,6236.42,Debit Card,Cancelled,2128.99,0.2545,2025-04,2025,Q2,0,0,1
ORD000768,2024-01-18,CUST01591,Beauty,Lip Balm,South,Chennai,Mobile App,2,1664.67,0.1,3329.35,2996.41,2346.53,Credit Card,Delivered,649.88,0.2169,2024-01,2024,Q1,1,0,0
ORD000769,2024-08-22,CUST00255,Electronics,Wireless Headphones,East,Patna,Website,1,17793.1,0.1,17793.1,16013.79,11827.76,Net Banking,Delivered,4186.03,0.2614,2024-08,2024,Q3,1,0,0
ORD000770,2025-04-21,CUST00007,Beauty,Lip Balm,North,Delhi,Mobile App,2,546.56,0.05,1093.12,1038.46,683.17,Net Banking,Delivered,355.29,0.3421,2025-04,2025,Q2,1,0,0
ORD000771,2024-01-04,CUST00274,Fashion,Denim Jacket,Central,Nagpur,Marketplace,3,2689.7,0.1,8069.1,7262.19,3892.93,Net Banking,Delivered,3369.26,0.4639,2024-01,2024,Q1,1,0,0
ORD000772,2025-01-12,CUST01494,Home & Kitchen,Storage Box,Central,Indore,Marketplace,2,3872.78,0.0,7745.57,7745.57,4323.53,UPI,Delivered,3422.04,0.4418,2025-01,2025,Q1,1,0,0
ORD000773,2024-08-28,CUST00494,Fashion,Sunglasses,North,Delhi,Website,1,1889.37,0.05,1889.37,1794.9,1495.71,Debit Card,Delivered,299.19,0.1667,2024-08,2024,Q3,1,0,0
ORD000774,2024-12-14,CUST00298,Fashion,Running Shoes,North,Delhi,Website,4,865.42,0.1,3461.68,3115.52,2092.33,Debit Card,Delivered,1023.19,0.3284,2024-12,2024,Q4,1,0,0
ORD000775,2024-04-06,CUST00135,Home & Kitchen,Storage Box,Central,Nagpur,Website,3,6369.21,0.2,19107.64,15286.11,11035.18,Cash on Delivery,Delivered,4250.93,0.2781,2024-04,2024,Q2,1,0,0
ORD000776,2024-12-31,CUST01511,Home & Kitchen,Coffee Maker,North,Chandigarh,Mobile App,4,4071.68,0.25,16286.72,12215.04,9574.55,Debit Card,Delivered,2640.49,0.2162,2024-12,2024,Q4,1,0,0
ORD000777,2024-07-20,CUST01403,Electronics,Bluetooth Speaker,South,Hyderabad,Website,1,11240.84,0.15,11240.84,9554.71,5347.71,Debit Card,Returned,4207.0,0.4403,2024-07,2024,Q3,0,1,0
ORD000778,2024-05-22,CUST01182,Home & Kitchen,Coffee Maker,East,Patna,Mobile App,5,5609.19,0.0,28045.95,28045.95,17184.25,Net Banking,Delivered,10861.7,0.3873,2024-05,2024,Q2,1,0,0
ORD000779,2024-04-17,CUST00585,Electronics,Bluetooth Speaker,South,Chennai,Mobile App,3,20220.53,0.05,60661.6,57628.52,36486.93,Credit Card,Delivered,21141.59,0.3669,2024-04,2024,Q2,1,0,0
ORD000780,2024-09-22,CUST01016,Sports,Cricket Bat,North,Jaipur,Marketplace,1,2357.38,0.0,2357.38,2357.38,1433.35,UPI,Delivered,924.03,0.392,2024-09,2024,Q3,1,0,0
ORD000781,2024-02-17,CUST00737,Home & Kitchen,Air Fryer,South,Hyderabad,Website,2,5409.01,0.0,10818.01,10818.01,7843.79,Cash on Delivery,Delivered,2974.22,0.2749,2024-02,2024,Q1,1,0,0
ORD000782,2024-05-20,CUST00298,Beauty,Shampoo,Central,Indore,Website,4,1364.65,0.25,5458.61,4093.96,3376.89,Cash on Delivery,Delivered,717.07,0.1752,2024-05,2024,Q2,1,0,0
ORD000783,2024-04-11,CUST00908,Fashion,Sunglasses,South,Bengaluru,Marketplace,4,2286.08,0.05,9144.33,8687.12,5486.72,Debit Card,Cancelled,3200.4,0.3684,2024-04,2024,Q2,0,0,1
ORD000784,2024-12-09,CUST00760,Home & Kitchen,Coffee Maker,East,Bhubaneswar,Website,4,3220.65,0.05,12882.62,12238.49,8499.62,Debit Card,Delivered,3738.87,0.3055,2024-12,2024,Q4,1,0,0
ORD000785,2024-12-15,CUST00803,Electronics,Bluetooth Speaker,West,Pune,Marketplace,4,8793.24,0.15,35172.97,29897.03,17599.33,Net Banking,Returned,12297.7,0.4113,2024-12,2024,Q4,0,1,0
ORD000786,2024-09-13,CUST01355,Electronics,Smartwatch,Central,Nagpur,Website,3,1820.89,0.05,5462.68,5189.55,3644.33,Debit Card,Delivered,1545.22,0.2978,2024-09,2024,Q3,1,0,0
ORD000787,2024-10-08,CUST00298,Electronics,Wireless Headphones,South,Chennai,Mobile App,4,8194.35,0.0,32777.4,32777.4,27407.32,UPI,Pending,5370.08,0.1638,2024-10,2024,Q4,0,0,0
ORD000788,2025-04-16,CUST00981,Electronics,Power Bank,West,Pune,Mobile App,3,9535.33,0.15,28605.98,24315.08,16317.61,Cash on Delivery,Delivered,7997.47,0.3289,2025-04,2025,Q2,1,0,0
ORD000789,2025-04-14,CUST00776,Electronics,Wireless Headphones,West,Ahmedabad,Mobile App,5,5604.4,0.25,28022.01,21016.51,13915.79,Credit Card,Delivered,7100.72,0.3379,2025-04,2025,Q2,1,0,0
ORD000790,2024-02-05,CUST01385,Home & Kitchen,Water Bottle,South,Bengaluru,Mobile App,4,9149.27,0.1,36597.09,32937.38,23399.56,Cash on Delivery,Delivered,9537.82,0.2896,2024-02,2024,Q1,1,0,0
ORD000791,2024-07-08,CUST00485,Home & Kitchen,Air Fryer,West,Ahmedabad,Marketplace,1,3693.09,0.1,3693.09,3323.78,2390.36,UPI,Delivered,933.42,0.2808,2024-07,2024,Q3,1,0,0
ORD000792,2024-08-26,CUST00248,Home & Kitchen,Coffee Maker,North,Chandigarh,Mobile App,1,2122.36,0.2,2122.36,1697.89,1208.87,Credit Card,Pending,489.02,0.288,2024-08,2024,Q3,0,0,0
ORD000793,2025-04-22,CUST01597,Home & Kitchen,Water Bottle,East,Bhubaneswar,Website,2,8018.71,0.05,16037.42,15235.55,10998.41,Cash on Delivery,Delivered,4237.14,0.2781,2025-04,2025,Q2,1,0,0
ORD000794,2025-05-27,CUST00587,Electronics,Laptop Stand,South,Chennai,Mobile App,4,12525.0,0.1,50100.02,45090.02,34754.95,UPI,Delivered,10335.07,0.2292,2025-05,2025,Q2,1,0,0
ORD000795,2024-05-04,CUST00792,Beauty,Face Serum,West,Mumbai,Website,2,1390.55,0.0,2781.1,2781.1,1793.49,Cash on Delivery,Delivered,987.61,0.3551,2024-05,2024,Q2,1,0,0
ORD000796,2024-07-06,CUST00260,Electronics,Power Bank,Central,Bhopal,Website,4,8165.09,0.1,32660.38,29394.34,19834.52,Credit Card,Delivered,9559.82,0.3252,2024-07,2024,Q3,1,0,0
ORD000797,2024-05-11,CUST01008,Electronics,Wireless Headphones,South,Hyderabad,Website,1,10776.41,0.05,10776.41,10237.59,8446.37,UPI,Returned,1791.22,0.175,2024-05,2024,Q2,0,1,0
ORD000798,2025-01-27,CUST00337,Fashion,T-Shirt,East,Kolkata,Mobile App,2,587.48,0.0,1174.96,1174.96,833.95,Debit Card,Delivered,341.01,0.2902,2025-01,2025,Q1,1,0,0
ORD000799,2024-08-08,CUST00622,Sports,Resistance Bands,North,Delhi,Website,3,3257.33,0.0,9771.98,9771.98,7415.07,Credit Card,Delivered,2356.91,0.2412,2024-08,2024,Q3,1,0,0
ORD000800,2025-06-22,CUST01037,Electronics,Wireless Headphones,West,Pune,Marketplace,5,2789.02,0.0,13945.1,13945.1,7621.9,UPI,Delivered,6323.2,0.4534,2025-06,2025,Q2,1,0,0
ORD000801,2025-03-31,CUST00853,Home & Kitchen,Coffee Maker,North,Delhi,Mobile App,1,8735.35,0.0,8735.35,8735.35,6382.9,Net Banking,Returned,2352.45,0.2693,2025-03,2025,Q1,0,1,0
ORD000802,2024-05-02,CUST01542,Electronics,Bluetooth Speaker,South,Hyderabad,Marketplace,4,9422.36,0.15,37689.42,32036.01,23501.48,Credit Card,Cancelled,8534.53,0.2664,2024-05,2024,Q2,0,0,1
ORD000803,2025-03-03,CUST00304,Home & Kitchen,Coffee Maker,West,Mumbai,Mobile App,2,8136.96,0.2,16273.91,13019.13,7682.87,Credit Card,Returned,5336.26,0.4099,2025-03,2025,Q1,0,1,0
ORD000804,2024-09-03,CUST01342,Beauty,Lip Balm,North,Delhi,Website,3,611.6,0.15,1834.8,1559.58,1255.76,Debit Card,Delivered,303.82,0.1948,2024-09,2024,Q3,1,0,0
ORD000805,2024-07-12,CUST01524,Fashion,Sunglasses,North,Chandigarh,Marketplace,3,3747.89,0.05,11243.68,10681.49,8840.22,Credit Card,Delivered,1841.27,0.1724,2024-07,2024,Q3,1,0,0
ORD000806,2024-01-18,CUST01012,Electronics,Power Bank,South,Chennai,Mobile App,2,9040.97,0.1,18081.94,16273.75,10928.64,Credit Card,Delivered,5345.11,0.3284,2024-01,2024,Q1,1,0,0
ORD000807,2024-10-09,CUST01044,Electronics,Laptop Stand,Central,Nagpur,Mobile App,1,5254.64,0.25,5254.64,3940.98,2578.99,Net Banking,Delivered,1361.99,0.3456,2024-10,2024,Q4,1,0,0
ORD000808,2024-10-15,CUST00925,Beauty,Sunscreen,Central,Indore,Marketplace,2,2485.17,0.15,4970.35,4224.79,2563.67,Cash on Delivery,Delivered,1661.12,0.3932,2024-10,2024,Q4,1,0,0
ORD000809,2024-07-06,CUST00127,Home & Kitchen,Coffee Maker,North,Delhi,Mobile App,4,993.74,0.1,3974.98,3577.48,2633.94,UPI,Delivered,943.54,0.2637,2024-07,2024,Q3,1,0,0
ORD000810,2024-07-19,CUST00162,Beauty,Lip Balm,West,Mumbai,Marketplace,3,2365.07,0.05,7095.2,6740.44,4220.81,Credit Card,Delivered,2519.63,0.3738,2024-07,2024,Q3,1,0,0
ORD000811,2024-05-04,CUST01171,Fashion,Sunglasses,West,Ahmedabad,Mobile App,5,3466.32,0.05,17331.62,16465.04,13020.72,Cash on Delivery,Delivered,3444.32,0.2092,2024-05,2024,Q2,1,0,0
ORD000812,2024-06-28,CUST01217,Electronics,Smartwatch,North,Jaipur,Mobile App,2,20077.1,0.05,40154.2,38146.49,26829.63,Cash on Delivery,Delivered,11316.86,0.2967,2024-06,2024,Q2,1,0,0
ORD000813,2025-02-17,CUST00534,Fashion,Backpack,North,Chandigarh,Website,3,2067.37,0.0,6202.12,6202.12,3530.21,UPI,Pending,2671.91,0.4308,2025-02,2025,Q1,0,0,0
ORD000814,2025-06-25,CUST00708,Electronics,Bluetooth Speaker,Central,Indore,Website,5,12167.0,0.05,60834.99,57793.25,44992.82,Net Banking,Delivered,12800.43,0.2215,2025-06,2025,Q2,1,0,0
ORD000815,2024-11-20,CUST00339,Home & Kitchen,Air Fryer,North,Delhi,Website,4,3001.66,0.1,12006.65,10805.98,7877.5,UPI,Cancelled,2928.48,0.271,2024-11,2024,Q4,0,0,1
ORD000816,2024-04-19,CUST00431,Electronics,Power Bank,Central,Indore,Website,2,5732.88,0.25,11465.76,8599.32,6274.2,Debit Card,Delivered,2325.12,0.2704,2024-04,2024,Q2,1,0,0
ORD000817,2025-03-24,CUST00939,Sports,Yoga Mat,West,Ahmedabad,Mobile App,1,6847.41,0.0,6847.41,6847.41,5470.25,Net Banking,Delivered,1377.16,0.2011,2025-03,2025,Q1,1,0,0
ORD000818,2024-07-08,CUST00892,Fashion,Denim Jacket,West,Ahmedabad,Website,4,580.29,0.05,2321.16,2205.1,1682.48,Net Banking,Delivered,522.62,0.237,2024-07,2024,Q3,1,0,0
ORD000819,2025-04-23,CUST01277,Fashion,Denim Jacket,West,Ahmedabad,Website,2,3513.67,0.1,7027.33,6324.6,3808.09,Net Banking,Returned,2516.51,0.3979,2025-04,2025,Q2,0,1,0
ORD000820,2024-12-06,CUST01305,Fashion,Running Shoes,East,Kolkata,Marketplace,3,1963.81,0.15,5891.42,5007.71,2691.69,Net Banking,Returned,2316.02,0.4625,2024-12,2024,Q4,0,1,0
ORD000821,2025-03-07,CUST00468,Sports,Yoga Mat,East,Patna,Mobile App,3,2002.4,0.05,6007.19,5706.83,3834.2,Credit Card,Delivered,1872.63,0.3281,2025-03,2025,Q1,1,0,0
ORD000822,2024-05-06,CUST00954,Beauty,Face Serum,West,Ahmedabad,Mobile App,1,2168.63,0.25,2168.63,1626.47,1294.24,Credit Card,Delivered,332.23,0.2043,2024-05,2024,Q2,1,0,0
ORD000823,2025-04-24,CUST01593,Electronics,Bluetooth Speaker,East,Kolkata,Website,2,1428.28,0.2,2856.55,2285.24,1886.55,Net Banking,Returned,398.69,0.1745,2025-04,2025,Q2,0,1,0
ORD000824,2025-05-15,CUST00336,Fashion,Denim Jacket,East,Bhubaneswar,Mobile App,3,4550.51,0.05,13651.54,12968.97,7547.83,Credit Card,Delivered,5421.14,0.418,2025-05,2025,Q2,1,0,0
ORD000825,2024-02-03,CUST00470,Sports,Resistance Bands,South,Bengaluru,Marketplace,5,545.14,0.2,2725.72,2180.58,1343.95,Credit Card,Delivered,836.63,0.3837,2024-02,2024,Q1,1,0,0
ORD000826,2024-12-20,CUST01456,Home & Kitchen,Air Fryer,Central,Bhopal,Mobile App,5,4018.42,0.15,20092.12,17078.31,9739.33,UPI,Delivered,7338.98,0.4297,2024-12,2024,Q4,1,0,0
ORD000827,2025-04-03,CUST01362,Home & Kitchen,Mixer Grinder,East,Patna,Mobile App,4,4479.94,0.0,17919.76,17919.76,13061.1,Cash on Delivery,Delivered,4858.66,0.2711,2025-04,2025,Q2,1,0,0
ORD000828,2025-04-03,CUST01562,Electronics,Wireless Headphones,West,Ahmedabad,Website,2,5802.33,0.2,11604.66,9283.73,4866.7,Cash on Delivery,Delivered,4417.03,0.4758,2025-04,2025,Q2,1,0,0
ORD000829,2024-08-28,CUST01079,Fashion,Backpack,East,Bhubaneswar,Website,5,370.89,0.0,1854.46,1854.46,980.15,Debit Card,Pending,874.31,0.4715,2024-08,2024,Q3,0,0,0
ORD000830,2024-10-03,CUST00307,Beauty,Lip Balm,East,Bhubaneswar,Website,1,1631.35,0.05,1631.35,1549.78,1288.01,UPI,Delivered,261.77,0.1689,2024-10,2024,Q4,1,0,0
ORD000831,2024-07-02,CUST00986,Home & Kitchen,Water Bottle,West,Ahmedabad,Website,1,1038.28,0.2,1038.28,830.63,587.68,Net Banking,Returned,242.95,0.2925,2024-07,2024,Q3,0,1,0
ORD000832,2025-02-28,CUST00471,Electronics,Bluetooth Speaker,West,Ahmedabad,Marketplace,1,17268.19,0.15,17268.19,14677.96,11084.49,Debit Card,Pending,3593.47,0.2448,2025-02,2025,Q1,0,0,0
ORD000833,2024-10-14,CUST00928,Fashion,Running Shoes,West,Ahmedabad,Mobile App,1,3633.41,0.1,3633.41,3270.07,1891.11,UPI,Returned,1378.96,0.4217,2024-10,2024,Q4,0,1,0
ORD000834,2024-02-23,CUST00297,Beauty,Face Serum,Central,Indore,Website,2,790.69,0.05,1581.37,1502.3,823.37,Net Banking,Delivered,678.93,0.4519,2024-02,2024,Q1,1,0,0
ORD000835,2024-10-26,CUST01227,Fashion,Backpack,East,Bhubaneswar,Website,2,5030.84,0.05,10061.69,9558.6,6665.83,UPI,Pending,2892.77,0.3026,2024-10,2024,Q4,0,0,0
ORD000836,2025-05-08,CUST01487,Beauty,Shampoo,West,Ahmedabad,Website,1,781.09,0.2,781.09,624.88,337.0,Net Banking,Delivered,287.88,0.4607,2025-05,2025,Q2,1,0,0
ORD000837,2025-03-26,CUST00011,Beauty,Shampoo,South,Bengaluru,Mobile App,2,1870.76,0.15,3741.52,3180.29,2387.51,Cash on Delivery,Delivered,792.78,0.2493,2025-03,2025,Q1,1,0,0
ORD000838,2025-04-29,CUST01534,Beauty,Shampoo,West,Ahmedabad,Mobile App,2,2459.94,0.1,4919.88,4427.89,3043.84,Cash on Delivery,Delivered,1384.05,0.3126,2025-04,2025,Q2,1,0,0
ORD000839,2024-12-02,CUST00014,Electronics,Laptop Stand,North,Jaipur,Mobile App,2,13525.01,0.25,27050.02,20287.52,16801.55,Debit Card,Delivered,3485.97,0.1718,2024-12,2024,Q4,1,0,0
ORD000840,2025-01-16,CUST00773,Beauty,Shampoo,North,Jaipur,Website,1,1557.63,0.1,1557.63,1401.87,1171.83,Cash on Delivery,Delivered,230.04,0.1641,2025-01,2025,Q1,1,0,0
ORD000841,2024-04-18,CUST01230,Home & Kitchen,Coffee Maker,North,Delhi,Mobile App,4,3770.88,0.15,15083.51,12820.99,10732.1,Cash on Delivery,Pending,2088.89,0.1629,2024-04,2024,Q2,0,0,0
ORD000842,2024-08-20,CUST00431,Home & Kitchen,Mixer Grinder,East,Bhubaneswar,Website,4,8072.5,0.1,32289.99,29060.99,20410.7,Cash on Delivery,Returned,8650.29,0.2977,2024-08,2024,Q3,0,1,0
ORD000843,2025-02-10,CUST01496,Electronics,Bluetooth Speaker,West,Pune,Marketplace,3,9489.98,0.0,28469.95,28469.95,16917.25,Cash on Delivery,Delivered,11552.7,0.4058,2025-02,2025,Q1,1,0,0
ORD000844,2025-05-08,CUST01524,Sports,Yoga Mat,Central,Nagpur,Mobile App,5,4101.0,0.2,20504.99,16403.99,11332.5,Cash on Delivery,Delivered,5071.49,0.3092,2025-05,2025,Q2,1,0,0
ORD000845,2024-08-15,CUST01422,Beauty,Moisturizer,West,Pune,Website,5,386.06,0.1,1930.28,1737.25,1136.0,UPI,Delivered,601.25,0.3461,2024-08,2024,Q3,1,0,0
ORD000846,2025-03-15,CUST00787,Sports,Football,South,Hyderabad,Website,5,1301.92,0.1,6509.58,5858.62,3823.58,Credit Card,Cancelled,2035.04,0.3474,2025-03,2025,Q1,0,0,1
ORD000847,2025-03-26,CUST01061,Fashion,T-Shirt,East,Kolkata,Website,4,1106.32,0.05,4425.3,4204.03,2666.24,Credit Card,Returned,1537.79,0.3658,2025-03,2025,Q1,0,1,0
ORD000848,2024-11-01,CUST01251,Fashion,Sunglasses,West,Ahmedabad,Website,5,2450.55,0.0,12252.77,12252.77,9080.07,UPI,Pending,3172.7,0.2589,2024-11,2024,Q4,0,0,0
ORD000849,2025-01-15,CUST01478,Fashion,Denim Jacket,North,Jaipur,Mobile App,2,1274.03,0.05,2548.05,2420.65,1720.99,Net Banking,Cancelled,699.66,0.289,2025-01,2025,Q1,0,0,1
ORD000850,2024-09-10,CUST01581,Electronics,Laptop Stand,Central,Bhopal,Mobile App,1,13677.43,0.05,13677.43,12993.55,6822.84,Cash on Delivery,Delivered,6170.71,0.4749,2024-09,2024,Q3,1,0,0
ORD000851,2024-04-10,CUST00077,Home & Kitchen,Air Fryer,North,Jaipur,Mobile App,1,6774.07,0.1,6774.07,6096.67,3481.35,UPI,Returned,2615.32,0.429,2024-04,2024,Q2,0,1,0
ORD000852,2024-06-24,CUST00254,Electronics,Power Bank,West,Mumbai,Mobile App,4,7526.16,0.0,30104.66,30104.66,21860.66,UPI,Delivered,8244.0,0.2738,2024-06,2024,Q2,1,0,0
ORD000853,2025-02-16,CUST01571,Beauty,Lip Balm,Central,Bhopal,Mobile App,2,1600.44,0.0,3200.88,3200.88,2334.31,Debit Card,Pending,866.57,0.2707,2025-02,2025,Q1,0,0,0
ORD000854,2024-04-16,CUST00006,Electronics,Smartwatch,East,Kolkata,Mobile App,3,4271.86,0.2,12815.59,10252.47,7676.37,UPI,Delivered,2576.1,0.2513,2024-04,2024,Q2,1,0,0
ORD000855,2025-01-06,CUST00231,Fashion,Sunglasses,South,Chennai,Website,2,2747.07,0.1,5494.13,4944.72,4006.4,Cash on Delivery,Cancelled,938.32,0.1898,2025-01,2025,Q1,0,0,1
ORD000856,2024-08-23,CUST00701,Home & Kitchen,Coffee Maker,South,Chennai,Mobile App,2,643.4,0.1,1286.8,1158.12,784.64,UPI,Delivered,373.48,0.3225,2024-08,2024,Q3,1,0,0
ORD000857,2024-02-09,CUST00998,Electronics,Smartwatch,North,Chandigarh,Marketplace,5,19436.33,0.25,97181.63,72886.22,46482.97,UPI,Delivered,26403.25,0.3623,2024-02,2024,Q1,1,0,0
ORD000858,2024-09-11,CUST00337,Sports,Football,South,Hyderabad,Mobile App,4,5403.93,0.0,21615.72,21615.72,15074.34,Cash on Delivery,Delivered,6541.38,0.3026,2024-09,2024,Q3,1,0,0
ORD000859,2024-03-03,CUST00947,Fashion,Running Shoes,East,Bhubaneswar,Website,3,2731.34,0.15,8194.02,6964.91,5060.13,UPI,Returned,1904.78,0.2735,2024-03,2024,Q1,0,1,0
ORD000860,2025-04-01,CUST01003,Fashion,Denim Jacket,South,Bengaluru,Website,1,2355.34,0.1,2355.34,2119.8,1176.4,Net Banking,Delivered,943.4,0.445,2025-04,2025,Q2,1,0,0
ORD000861,2025-02-24,CUST00378,Electronics,Power Bank,South,Bengaluru,Website,1,7366.32,0.1,7366.32,6629.69,4331.62,UPI,Returned,2298.07,0.3466,2025-02,2025,Q1,0,1,0
ORD000862,2024-04-17,CUST00475,Electronics,Smartwatch,Central,Indore,Mobile App,2,13373.95,0.0,26747.89,26747.89,18815.11,Credit Card,Pending,7932.78,0.2966,2024-04,2024,Q2,0,0,0
ORD000863,2025-04-12,CUST01008,Home & Kitchen,Mixer Grinder,East,Kolkata,Website,2,7016.8,0.05,14033.6,13331.92,7337.49,UPI,Returned,5994.43,0.4496,2025-04,2025,Q2,0,1,0
ORD000864,2024-10-31,CUST01191,Fashion,Backpack,Central,Indore,Mobile App,1,620.49,0.1,620.49,558.44,403.76,UPI,Delivered,154.68,0.277,2024-10,2024,Q4,1,0,0
ORD000865,2024-06-15,CUST00078,Fashion,Denim Jacket,North,Chandigarh,Website,1,4229.37,0.0,4229.37,4229.37,3172.23,Net Banking,Delivered,1057.14,0.25,2024-06,2024,Q2,1,0,0
ORD000866,2025-05-25,CUST00032,Home & Kitchen,Coffee Maker,Central,Bhopal,Marketplace,2,1304.66,0.05,2609.32,2478.86,1318.75,Credit Card,Delivered,1160.11,0.468,2025-05,2025,Q2,1,0,0
ORD000867,2025-02-13,CUST00809,Home & Kitchen,Coffee Maker,South,Hyderabad,Website,1,9209.03,0.25,9209.03,6906.78,3808.93,Credit Card,Cancelled,3097.85,0.4485,2025-02,2025,Q1,0,0,1
ORD000868,2024-12-10,CUST00178,Electronics,Wireless Headphones,South,Chennai,Mobile App,5,3684.94,0.0,18424.71,18424.71,13709.84,UPI,Delivered,4714.87,0.2559,2024-12,2024,Q4,1,0,0
ORD000869,2024-11-02,CUST01446,Electronics,Laptop Stand,South,Bengaluru,Website,2,20477.88,0.2,40955.77,32764.61,21916.73,Credit Card,Delivered,10847.88,0.3311,2024-11,2024,Q4,1,0,0
ORD000870,2024-06-19,CUST00576,Electronics,Laptop Stand,North,Delhi,Mobile App,2,5489.75,0.15,10979.5,9332.58,4982.93,Net Banking,Delivered,4349.65,0.4661,2024-06,2024,Q2,1,0,0
ORD000871,2024-11-26,CUST00407,Fashion,Sunglasses,West,Pune,Website,3,3241.6,0.1,9724.81,8752.33,5930.11,Cash on Delivery,Cancelled,2822.22,0.3225,2024-11,2024,Q4,0,0,1
ORD000872,2024-12-26,CUST00099,Home & Kitchen,Mixer Grinder,North,Delhi,Website,4,6526.05,0.05,26104.22,24799.01,16374.15,UPI,Cancelled,8424.86,0.3397,2024-12,2024,Q4,0,0,1
ORD000873,2024-04-21,CUST00458,Beauty,Moisturizer,South,Chennai,Marketplace,5,1259.03,0.15,6295.15,5350.88,2931.06,Net Banking,Delivered,2419.82,0.4522,2024-04,2024,Q2,1,0,0
ORD000874,2025-02-14,CUST00940,Sports,Dumbbells,Central,Indore,Website,5,5873.62,0.25,29368.1,22026.08,15254.57,Net Banking,Pending,6771.51,0.3074,2025-02,2025,Q1,0,0,0
ORD000875,2024-07-28,CUST01077,Beauty,Moisturizer,Central,Indore,Marketplace,5,2260.43,0.1,11302.17,10171.95,5290.18,Credit Card,Pending,4881.77,0.4799,2024-07,2024,Q3,0,0,0
ORD000876,2025-03-08,CUST01045,Electronics,Bluetooth Speaker,North,Delhi,Mobile App,3,10848.63,0.0,32545.9,32545.9,20076.18,Credit Card,Pending,12469.72,0.3831,2025-03,2025,Q1,0,0,0
ORD000877,2024-01-14,CUST00160,Beauty,Lip Balm,Central,Indore,Mobile App,1,2421.72,0.0,2421.72,2421.72,1370.64,UPI,Delivered,1051.08,0.434,2024-01,2024,Q1,1,0,0
ORD000878,2024-08-06,CUST00079,Home & Kitchen,Storage Box,West,Pune,Marketplace,5,8442.87,0.15,42214.33,35882.18,26640.88,Net Banking,Delivered,9241.3,0.2575,2024-08,2024,Q3,1,0,0
ORD000879,2024-05-06,CUST01269,Sports,Resistance Bands,East,Bhubaneswar,Website,4,4949.05,0.05,19796.22,18806.41,9867.55,Cash on Delivery,Cancelled,8938.86,0.4753,2024-05,2024,Q2,0,0,1
ORD000880,2024-11-24,CUST01240,Electronics,Bluetooth Speaker,East,Bhubaneswar,Marketplace,5,18083.99,0.15,90419.93,76856.94,46280.82,UPI,Delivered,30576.12,0.3978,2024-11,2024,Q4,1,0,0
ORD000881,2025-06-09,CUST01352,Home & Kitchen,Mixer Grinder,East,Kolkata,Website,1,6159.95,0.15,6159.95,5235.96,3916.59,UPI,Delivered,1319.37,0.252,2025-06,2025,Q2,1,0,0
ORD000882,2024-12-12,CUST00829,Fashion,Backpack,North,Jaipur,Mobile App,2,1717.16,0.0,3434.33,3434.33,2448.13,Credit Card,Delivered,986.2,0.2872,2024-12,2024,Q4,1,0,0
ORD000883,2024-07-26,CUST01042,Electronics,Power Bank,Central,Bhopal,Website,3,12847.47,0.05,38542.4,36615.28,23495.64,Debit Card,Delivered,13119.64,0.3583,2024-07,2024,Q3,1,0,0
ORD000884,2024-08-04,CUST01018,Fashion,Denim Jacket,South,Hyderabad,Mobile App,2,348.38,0.0,696.76,696.76,564.45,Credit Card,Delivered,132.31,0.1899,2024-08,2024,Q3,1,0,0
ORD000885,2025-04-30,CUST00483,Beauty,Shampoo,West,Ahmedabad,Website,3,2307.54,0.1,6922.61,6230.35,3992.24,Cash on Delivery,Delivered,2238.11,0.3592,2025-04,2025,Q2,1,0,0
ORD000886,2025-01-15,CUST01260,Fashion,Backpack,East,Patna,Website,3,3284.05,0.1,9852.14,8866.93,7341.79,Credit Card,Delivered,1525.14,0.172,2025-01,2025,Q1,1,0,0
ORD000887,2025-04-27,CUST00386,Fashion,Running Shoes,West,Ahmedabad,Website,1,477.13,0.15,477.13,405.56,272.41,Cash on Delivery,Delivered,133.15,0.3283,2025-04,2025,Q2,1,0,0
ORD000888,2024-10-17,CUST01269,Home & Kitchen,Water Bottle,North,Chandigarh,Website,1,9960.85,0.15,9960.85,8466.72,6466.74,Credit Card,Delivered,1999.98,0.2362,2024-10,2024,Q4,1,0,0
ORD000889,2025-04-22,CUST01527,Fashion,Backpack,Central,Bhopal,Mobile App,4,3795.7,0.2,15182.8,12146.24,7016.89,UPI,Delivered,5129.35,0.4223,2025-04,2025,Q2,1,0,0
ORD000890,2024-02-16,CUST00472,Fashion,T-Shirt,South,Hyderabad,Marketplace,4,909.73,0.1,3638.94,3275.05,2313.27,Net Banking,Delivered,961.78,0.2937,2024-02,2024,Q1,1,0,0
ORD000891,2025-06-23,CUST00408,Fashion,Sunglasses,West,Ahmedabad,Mobile App,2,5344.55,0.1,10689.1,9620.19,5655.43,Credit Card,Delivered,3964.76,0.4121,2025-06,2025,Q2,1,0,0
ORD000892,2024-04-29,CUST00370,Fashion,Denim Jacket,West,Mumbai,Marketplace,3,1095.84,0.05,3287.52,3123.14,2419.02,Credit Card,Delivered,704.12,0.2255,2024-04,2024,Q2,1,0,0
ORD000893,2024-03-06,CUST00305,Electronics,Laptop Stand,North,Jaipur,Mobile App,2,3496.19,0.0,6992.38,6992.38,4875.9,Credit Card,Delivered,2116.48,0.3027,2024-03,2024,Q1,1,0,0
ORD000894,2024-03-09,CUST01418,Home & Kitchen,Water Bottle,West,Pune,Website,1,9869.43,0.15,9869.43,8389.01,5892.69,Cash on Delivery,Delivered,2496.32,0.2976,2024-03,2024,Q1,1,0,0
ORD000895,2024-02-09,CUST00081,Home & Kitchen,Mixer Grinder,East,Kolkata,Website,5,1913.12,0.0,9565.59,9565.59,5346.02,Debit Card,Returned,4219.57,0.4411,2024-02,2024,Q1,0,1,0
ORD000896,2025-02-26,CUST00674,Beauty,Shampoo,South,Hyderabad,Marketplace,1,855.21,0.1,855.21,769.69,620.55,Debit Card,Delivered,149.14,0.1938,2025-02,2025,Q1,1,0,0
ORD000897,2024-02-09,CUST01467,Home & Kitchen,Storage Box,West,Ahmedabad,Mobile App,1,4998.73,0.1,4998.73,4498.86,3616.37,UPI,Returned,882.49,0.1962,2024-02,2024,Q1,0,1,0
ORD000898,2025-01-03,CUST01306,Sports,Yoga Mat,North,Chandigarh,Mobile App,5,2967.33,0.15,14836.63,12611.14,9468.66,UPI,Returned,3142.48,0.2492,2025-01,2025,Q1,0,1,0
ORD000899,2025-05-26,CUST01553,Sports,Dumbbells,West,Pune,Mobile App,5,2113.15,0.05,10565.76,10037.48,7501.85,Credit Card,Delivered,2535.63,0.2526,2025-05,2025,Q2,1,0,0
ORD000900,2024-04-05,CUST00097,Home & Kitchen,Water Bottle,East,Patna,Marketplace,5,7264.07,0.05,36320.35,34504.33,21551.2,Credit Card,Delivered,12953.13,0.3754,2024-04,2024,Q2,1,0,0
ORD000901,2025-03-19,CUST01116,Fashion,Running Shoes,Central,Nagpur,Website,3,1166.2,0.1,3498.61,3148.75,2579.26,Net Banking,Delivered,569.49,0.1809,2025-03,2025,Q1,1,0,0
ORD000902,2024-07-14,CUST01184,Fashion,T-Shirt,North,Chandigarh,Website,4,4646.07,0.05,18584.28,17655.07,14714.2,Net Banking,Cancelled,2940.87,0.1666,2024-07,2024,Q3,0,0,1
ORD000903,2024-12-16,CUST00478,Fashion,Backpack,South,Bengaluru,Website,4,4031.02,0.05,16124.06,15317.86,10411.62,Credit Card,Delivered,4906.24,0.3203,2024-12,2024,Q4,1,0,0
ORD000904,2024-04-22,CUST00034,Electronics,Laptop Stand,South,Hyderabad,Marketplace,5,5931.11,0.15,29655.54,25207.21,13919.99,Credit Card,Delivered,11287.22,0.4478,2024-04,2024,Q2,1,0,0
ORD000905,2025-04-13,CUST01253,Beauty,Moisturizer,Central,Indore,Website,4,2773.11,0.2,11092.46,8873.97,6939.78,UPI,Delivered,1934.19,0.218,2025-04,2025,Q2,1,0,0
ORD000906,2025-06-06,CUST01012,Fashion,Sunglasses,South,Bengaluru,Website,2,2024.59,0.0,4049.19,4049.19,3369.75,Cash on Delivery,Delivered,679.44,0.1678,2025-06,2025,Q2,1,0,0
ORD000907,2024-05-01,CUST01371,Electronics,Bluetooth Speaker,West,Mumbai,Marketplace,1,19111.64,0.1,19111.64,17200.48,9535.01,Debit Card,Delivered,7665.47,0.4457,2024-05,2024,Q2,1,0,0
ORD000908,2024-12-13,CUST00999,Home & Kitchen,Coffee Maker,North,Delhi,Mobile App,5,6903.65,0.2,34518.26,27614.61,17939.89,Net Banking,Delivered,9674.72,0.3503,2024-12,2024,Q4,1,0,0
ORD000909,2025-04-13,CUST00639,Fashion,T-Shirt,Central,Indore,Website,5,1436.12,0.2,7180.61,5744.49,4048.16,Credit Card,Delivered,1696.33,0.2953,2025-04,2025,Q2,1,0,0
ORD000910,2024-07-18,CUST01295,Fashion,Running Shoes,North,Delhi,Website,4,2566.95,0.05,10267.79,9754.4,6544.83,Cash on Delivery,Pending,3209.57,0.329,2024-07,2024,Q3,0,0,0
ORD000911,2025-06-12,CUST00609,Beauty,Moisturizer,West,Ahmedabad,Mobile App,2,2225.87,0.15,4451.73,3783.97,3107.17,UPI,Returned,676.8,0.1789,2025-06,2025,Q2,0,1,0
ORD000912,2025-03-22,CUST00773,Home & Kitchen,Storage Box,East,Bhubaneswar,Website,1,6493.02,0.05,6493.02,6168.37,3372.62,Debit Card,Delivered,2795.75,0.4532,2025-03,2025,Q1,1,0,0
ORD000913,2025-04-08,CUST01571,Home & Kitchen,Water Bottle,West,Pune,Website,2,3024.45,0.0,6048.89,6048.89,4723.71,UPI,Delivered,1325.18,0.2191,2025-04,2025,Q2,1,0,0
ORD000914,2024-10-30,CUST00319,Sports,Cricket Bat,Central,Indore,Website,4,1928.37,0.1,7713.47,6942.12,5701.32,Debit Card,Delivered,1240.8,0.1787,2024-10,2024,Q4,1,0,0
ORD000915,2025-06-24,CUST00905,Fashion,Denim Jacket,East,Kolkata,Website,2,4268.86,0.15,8537.71,7257.06,4896.59,Net Banking,Delivered,2360.47,0.3253,2025-06,2025,Q2,1,0,0
ORD000916,2025-02-07,CUST00841,Electronics,Power Bank,North,Delhi,Mobile App,1,18041.15,0.1,18041.15,16237.04,13384.34,Cash on Delivery,Delivered,2852.7,0.1757,2025-02,2025,Q1,1,0,0
ORD000917,2025-04-10,CUST00311,Electronics,Laptop Stand,East,Kolkata,Website,4,10155.47,0.0,40621.88,40621.88,31131.95,Cash on Delivery,Returned,9489.93,0.2336,2025-04,2025,Q2,0,1,0
ORD000918,2024-11-02,CUST00226,Electronics,Bluetooth Speaker,West,Ahmedabad,Website,4,20303.22,0.05,81212.87,77152.23,57243.8,Net Banking,Returned,19908.43,0.258,2024-11,2024,Q4,0,1,0
ORD000919,2024-01-11,CUST01153,Fashion,Sunglasses,East,Patna,Mobile App,2,4136.75,0.0,8273.5,8273.5,4654.4,Credit Card,Delivered,3619.1,0.4374,2024-01,2024,Q1,1,0,0
ORD000920,2025-06-10,CUST01023,Fashion,T-Shirt,East,Kolkata,Marketplace,4,3569.86,0.15,14279.44,12137.52,6842.97,Debit Card,Cancelled,5294.55,0.4362,2025-06,2025,Q2,0,0,1
ORD000921,2024-10-03,CUST01031,Electronics,Power Bank,East,Bhubaneswar,Mobile App,2,6836.24,0.25,13672.47,10254.35,6318.03,Debit Card,Delivered,3936.32,0.3839,2024-10,2024,Q4,1,0,0
ORD000922,2024-03-25,CUST00617,Fashion,T-Shirt,West,Ahmedabad,Marketplace,3,1045.62,0.1,3136.86,2823.17,1524.89,Credit Card,Returned,1298.28,0.4599,2024-03,2024,Q1,0,1,0
ORD000923,2024-01-18,CUST00902,Sports,Yoga Mat,East,Patna,Marketplace,4,2443.89,0.05,9775.56,9286.78,6368.17,Credit Card,Returned,2918.61,0.3143,2024-01,2024,Q1,0,1,0
ORD000924,2025-03-13,CUST00553,Beauty,Sunscreen,Central,Nagpur,Website,3,2780.04,0.2,8340.12,6672.1,4282.72,Debit Card,Returned,2389.38,0.3581,2025-03,2025,Q1,0,1,0
ORD000925,2025-01-24,CUST01585,Home & Kitchen,Coffee Maker,Central,Nagpur,Website,3,2384.38,0.05,7153.13,6795.47,5397.88,Cash on Delivery,Delivered,1397.59,0.2057,2025-01,2025,Q1,1,0,0
ORD000926,2025-05-12,CUST00182,Fashion,Running Shoes,North,Delhi,Marketplace,1,2217.94,0.05,2217.94,2107.04,1494.42,Net Banking,Delivered,612.62,0.2907,2025-05,2025,Q2,1,0,0
ORD000927,2024-05-04,CUST01583,Home & Kitchen,Water Bottle,South,Chennai,Mobile App,3,3315.63,0.25,9946.9,7460.18,5533.42,Debit Card,Delivered,1926.76,0.2583,2024-05,2024,Q2,1,0,0
ORD000928,2024-12-24,CUST01590,Beauty,Lip Balm,West,Ahmedabad,Website,4,671.99,0.15,2687.95,2284.76,1850.29,Net Banking,Delivered,434.47,0.1902,2024-12,2024,Q4,1,0,0
ORD000929,2025-03-21,CUST00297,Electronics,Smartwatch,North,Jaipur,Mobile App,1,16788.01,0.05,16788.01,15948.61,13021.65,Credit Card,Delivered,2926.96,0.1835,2025-03,2025,Q1,1,0,0
ORD000930,2024-07-07,CUST01114,Home & Kitchen,Coffee Maker,South,Bengaluru,Website,2,2973.69,0.1,5947.38,5352.65,3025.79,Debit Card,Delivered,2326.86,0.4347,2024-07,2024,Q3,1,0,0
ORD000931,2024-03-27,CUST00032,Electronics,Wireless Headphones,West,Pune,Mobile App,5,3381.66,0.25,16908.3,12681.23,6989.12,Cash on Delivery,Delivered,5692.11,0.4489,2024-03,2024,Q1,1,0,0
ORD000932,2025-02-20,CUST01339,Electronics,Wireless Headphones,East,Bhubaneswar,Website,1,6129.54,0.15,6129.54,5210.11,2756.3,Debit Card,Delivered,2453.81,0.471,2025-02,2025,Q1,1,0,0
ORD000933,2024-06-29,CUST00923,Home & Kitchen,Storage Box,South,Chennai,Website,1,8684.24,0.15,8684.24,7381.6,4878.15,Debit Card,Delivered,2503.45,0.3391,2024-06,2024,Q2,1,0,0
ORD000934,2024-11-08,CUST00867,Electronics,Laptop Stand,South,Hyderabad,Mobile App,4,9132.92,0.1,36531.68,32878.52,25768.92,Debit Card,Delivered,7109.6,0.2162,2024-11,2024,Q4,1,0,0
ORD000935,2025-03-11,CUST00021,Sports,Cricket Bat,South,Chennai,Website,3,4125.18,0.2,12375.55,9900.44,5424.26,Credit Card,Delivered,4476.18,0.4521,2025-03,2025,Q1,1,0,0
ORD000936,2024-06-16,CUST01076,Home & Kitchen,Storage Box,South,Chennai,Website,3,7492.31,0.1,22476.92,20229.23,10906.55,Credit Card,Cancelled,9322.68,0.4609,2024-06,2024,Q2,0,0,1
ORD000937,2024-04-09,CUST01106,Beauty,Shampoo,South,Hyderabad,Marketplace,1,805.25,0.2,805.25,644.2,355.65,UPI,Delivered,288.55,0.4479,2024-04,2024,Q2,1,0,0
ORD000938,2025-04-09,CUST01155,Home & Kitchen,Air Fryer,Central,Bhopal,Website,4,2085.25,0.15,8341.01,7089.86,5429.45,Debit Card,Delivered,1660.41,0.2342,2025-04,2025,Q2,1,0,0
ORD000939,2024-06-15,CUST00229,Beauty,Sunscreen,East,Patna,Website,1,1530.97,0.1,1530.97,1377.87,896.87,Cash on Delivery,Delivered,481.0,0.3491,2024-06,2024,Q2,1,0,0
ORD000940,2024-05-26,CUST00589,Home & Kitchen,Storage Box,Central,Nagpur,Marketplace,2,2839.58,0.0,5679.16,5679.16,3021.54,Cash on Delivery,Delivered,2657.62,0.468,2024-05,2024,Q2,1,0,0
ORD000941,2024-02-17,CUST00996,Home & Kitchen,Storage Box,West,Ahmedabad,Mobile App,1,2768.21,0.2,2768.21,2214.57,1590.63,Cash on Delivery,Pending,623.94,0.2817,2024-02,2024,Q1,0,0,0
ORD000942,2024-05-10,CUST00690,Electronics,Wireless Headphones,North,Jaipur,Mobile App,5,4869.05,0.2,24345.25,19476.2,10970.97,Debit Card,Delivered,8505.23,0.4367,2024-05,2024,Q2,1,0,0
ORD000943,2024-07-28,CUST00987,Fashion,T-Shirt,North,Jaipur,Website,5,2264.11,0.05,11320.54,10754.51,6430.24,Debit Card,Delivered,4324.27,0.4021,2024-07,2024,Q3,1,0,0
ORD000944,2024-01-02,CUST00855,Sports,Football,North,Jaipur,Website,2,4512.41,0.05,9024.81,8573.57,4830.34,Net Banking,Delivered,3743.23,0.4366,2024-01,2024,Q1,1,0,0
ORD000945,2024-10-30,CUST01543,Electronics,Smartwatch,South,Bengaluru,Mobile App,3,8807.34,0.2,26422.01,21137.61,16690.41,Cash on Delivery,Pending,4447.2,0.2104,2024-10,2024,Q4,0,0,0
ORD000946,2024-05-24,CUST01215,Electronics,Power Bank,South,Chennai,Website,4,16359.22,0.2,65436.88,52349.5,42528.81,UPI,Delivered,9820.69,0.1876,2024-05,2024,Q2,1,0,0
ORD000947,2025-05-03,CUST01198,Beauty,Shampoo,East,Patna,Mobile App,5,352.73,0.2,1763.65,1410.92,881.84,Cash on Delivery,Delivered,529.08,0.375,2025-05,2025,Q2,1,0,0
ORD000948,2024-03-17,CUST01200,Beauty,Shampoo,Central,Nagpur,Mobile App,3,1666.93,0.0,5000.8,5000.8,3914.59,Credit Card,Delivered,1086.21,0.2172,2024-03,2024,Q1,1,0,0
ORD000949,2024-03-14,CUST01391,Fashion,Running Shoes,East,Bhubaneswar,Website,2,3423.33,0.05,6846.66,6504.32,4657.19,Credit Card,Cancelled,1847.13,0.284,2024-03,2024,Q1,0,0,1
ORD000950,2024-02-22,CUST00572,Electronics,Power Bank,East,Kolkata,Website,4,14507.86,0.0,58031.44,58031.44,34752.03,Debit Card,Delivered,23279.41,0.4012,2024-02,2024,Q1,1,0,0
ORD000951,2024-02-09,CUST00254,Fashion,Backpack,West,Pune,Website,4,5378.67,0.1,21514.7,19363.23,12350.94,Net Banking,Delivered,7012.29,0.3621,2024-02,2024,Q1,1,0,0
ORD000952,2024-04-27,CUST01447,Fashion,Backpack,West,Pune,Website,3,3058.12,0.05,9174.37,8715.65,7047.1,Credit Card,Pending,1668.55,0.1914,2024-04,2024,Q2,0,0,0
ORD000953,2024-05-29,CUST01064,Beauty,Moisturizer,East,Kolkata,Mobile App,1,2825.98,0.1,2825.98,2543.38,1681.63,Cash on Delivery,Delivered,861.75,0.3388,2024-05,2024,Q2,1,0,0
ORD000954,2025-03-11,CUST00953,Sports,Cricket Bat,East,Patna,Marketplace,1,4471.13,0.2,4471.13,3576.9,2742.37,UPI,Delivered,834.53,0.2333,2025-03,2025,Q1,1,0,0
ORD000955,2024-10-02,CUST00337,Fashion,Denim Jacket,Central,Nagpur,Website,3,3441.29,0.2,10323.86,8259.09,6614.98,Cash on Delivery,Cancelled,1644.11,0.1991,2024-10,2024,Q4,0,0,1
ORD000956,2025-04-18,CUST01324,Electronics,Power Bank,North,Chandigarh,Marketplace,5,11263.03,0.15,56315.13,47867.86,38309.94,UPI,Delivered,9557.92,0.1997,2025-04,2025,Q2,1,0,0
ORD000957,2024-06-21,CUST00639,Fashion,T-Shirt,South,Hyderabad,Website,5,3887.41,0.0,19437.04,19437.04,12722.04,Credit Card,Returned,6715.0,0.3455,2024-06,2024,Q2,0,1,0
ORD000958,2025-03-07,CUST00384,Home & Kitchen,Storage Box,North,Jaipur,Mobile App,1,3951.73,0.0,3951.73,3951.73,2271.14,Net Banking,Delivered,1680.59,0.4253,2025-03,2025,Q1,1,0,0
ORD000959,2025-05-20,CUST01475,Electronics,Wireless Headphones,West,Ahmedabad,Website,4,15437.37,0.0,61749.49,61749.49,43041.5,Credit Card,Returned,18707.99,0.303,2025-05,2025,Q2,0,1,0
ORD000960,2024-11-03,CUST00888,Sports,Yoga Mat,North,Jaipur,Marketplace,3,5013.66,0.05,15040.99,14288.94,11839.16,Credit Card,Delivered,2449.78,0.1714,2024-11,2024,Q4,1,0,0
ORD000961,2024-04-01,CUST00359,Fashion,Denim Jacket,North,Chandigarh,Website,1,3882.48,0.05,3882.48,3688.35,2387.27,Credit Card,Delivered,1301.08,0.3528,2024-04,2024,Q2,1,0,0
ORD000962,2024-12-30,CUST00215,Home & Kitchen,Water Bottle,West,Pune,Website,2,5107.34,0.15,10214.69,8682.49,6288.46,Cash on Delivery,Delivered,2394.03,0.2757,2024-12,2024,Q4,1,0,0
ORD000963,2025-06-02,CUST00175,Fashion,Sunglasses,West,Mumbai,Website,5,5419.51,0.0,27097.53,27097.53,14232.73,Cash on Delivery,Delivered,12864.8,0.4748,2025-06,2025,Q2,1,0,0
ORD000964,2024-06-13,CUST01322,Home & Kitchen,Coffee Maker,North,Delhi,Website,1,6636.16,0.05,6636.16,6304.35,5033.98,Net Banking,Delivered,1270.37,0.2015,2024-06,2024,Q2,1,0,0
ORD000965,2025-05-08,CUST01510,Beauty,Lip Balm,East,Kolkata,Website,3,201.94,0.15,605.83,514.95,283.94,UPI,Delivered,231.01,0.4486,2025-05,2025,Q2,1,0,0
ORD000966,2024-06-09,CUST00391,Electronics,Laptop Stand,Central,Indore,Marketplace,4,21799.93,0.25,87199.73,65399.8,36193.85,Debit Card,Delivered,29205.95,0.4466,2024-06,2024,Q2,1,0,0
ORD000967,2025-04-25,CUST01429,Fashion,T-Shirt,Central,Nagpur,Mobile App,1,4167.03,0.05,4167.03,3958.68,2162.43,Net Banking,Delivered,1796.25,0.4537,2025-04,2025,Q2,1,0,0
ORD000968,2024-08-29,CUST00776,Electronics,Power Bank,Central,Nagpur,Website,2,14544.49,0.25,29088.98,21816.73,15575.92,Net Banking,Returned,6240.81,0.2861,2024-08,2024,Q3,0,1,0
ORD000969,2024-01-22,CUST00714,Electronics,Power Bank,West,Pune,Website,2,11674.3,0.25,23348.59,17511.44,9919.85,Cash on Delivery,Delivered,7591.59,0.4335,2024-01,2024,Q1,1,0,0
ORD000970,2025-05-02,CUST00814,Home & Kitchen,Air Fryer,West,Ahmedabad,Mobile App,4,1053.04,0.05,4212.14,4001.54,2779.63,UPI,Delivered,1221.91,0.3054,2025-05,2025,Q2,1,0,0
ORD000971,2024-02-01,CUST00735,Home & Kitchen,Water Bottle,West,Pune,Mobile App,5,4473.67,0.1,22368.33,20131.49,13042.71,Credit Card,Delivered,7088.78,0.3521,2024-02,2024,Q1,1,0,0
ORD000972,2025-05-04,CUST01552,Electronics,Wireless Headphones,South,Chennai,Website,5,1359.22,0.1,6796.08,6116.47,4158.29,UPI,Delivered,1958.18,0.3201,2025-05,2025,Q2,1,0,0
ORD000973,2024-04-27,CUST01104,Electronics,Power Bank,South,Chennai,Marketplace,1,2991.58,0.05,2991.58,2842.01,1530.35,Net Banking,Delivered,1311.66,0.4615,2024-04,2024,Q2,1,0,0
ORD000974,2025-03-01,CUST00248,Electronics,Laptop Stand,East,Patna,Mobile App,3,3788.09,0.1,11364.28,10227.85,6558.11,Credit Card,Cancelled,3669.74,0.3588,2025-03,2025,Q1,0,0,1
ORD000975,2024-02-05,CUST00660,Home & Kitchen,Mixer Grinder,North,Delhi,Website,1,7949.03,0.15,7949.03,6756.68,4048.82,Credit Card,Returned,2707.86,0.4008,2024-02,2024,Q1,0,1,0
ORD000976,2025-03-13,CUST01213,Electronics,Power Bank,North,Jaipur,Mobile App,3,21533.9,0.15,64601.7,54911.44,31222.66,Net Banking,Cancelled,23688.78,0.4314,2025-03,2025,Q1,0,0,1
ORD000977,2024-06-28,CUST00954,Fashion,Denim Jacket,South,Bengaluru,Marketplace,5,2683.33,0.05,13416.66,12745.82,8062.1,Net Banking,Delivered,4683.72,0.3675,2024-06,2024,Q2,1,0,0
ORD000978,2024-07-21,CUST00343,Sports,Cricket Bat,East,Bhubaneswar,Website,2,4153.13,0.0,8306.26,8306.26,6751.93,Debit Card,Delivered,1554.33,0.1871,2024-07,2024,Q3,1,0,0
ORD000979,2025-03-25,CUST00051,Electronics,Smartwatch,East,Kolkata,Website,5,16454.57,0.0,82272.85,82272.85,62832.12,Net Banking,Returned,19440.73,0.2363,2025-03,2025,Q1,0,1,0
ORD000980,2025-04-06,CUST00554,Beauty,Lip Balm,West,Pune,Website,3,1055.86,0.15,3167.57,2692.44,1960.7,Cash on Delivery,Delivered,731.74,0.2718,2025-04,2025,Q2,1,0,0
ORD000981,2025-04-05,CUST00474,Fashion,Sunglasses,North,Chandigarh,Website,3,2802.53,0.05,8407.59,7987.21,4696.68,UPI,Pending,3290.53,0.412,2025-04,2025,Q2,0,0,0
ORD000982,2024-11-23,CUST01246,Fashion,Backpack,Central,Indore,Marketplace,4,5310.68,0.05,21242.73,20180.59,10598.48,Credit Card,Delivered,9582.11,0.4748,2024-11,2024,Q4,1,0,0
ORD000983,2024-05-25,CUST00293,Sports,Resistance Bands,Central,Bhopal,Website,3,4407.45,0.1,13222.34,11900.11,6765.99,Cash on Delivery,Delivered,5134.12,0.4314,2024-05,2024,Q2,1,0,0
ORD000984,2024-01-05,CUST00063,Sports,Cricket Bat,South,Bengaluru,Marketplace,1,6108.64,0.15,6108.64,5192.34,2914.12,Debit Card,Delivered,2278.22,0.4388,2024-01,2024,Q1,1,0,0
ORD000985,2024-02-04,CUST01210,Sports,Yoga Mat,North,Jaipur,Website,4,967.34,0.15,3869.35,3288.95,2289.3,UPI,Delivered,999.65,0.3039,2024-02,2024,Q1,1,0,0
ORD000986,2025-06-17,CUST00476,Fashion,Sunglasses,East,Patna,Website,1,5098.04,0.25,5098.04,3823.53,2867.91,Debit Card,Returned,955.62,0.2499,2025-06,2025,Q2,0,1,0
ORD000987,2024-10-05,CUST00562,Home & Kitchen,Storage Box,South,Hyderabad,Marketplace,4,4130.91,0.2,16523.65,13218.92,10896.84,Debit Card,Delivered,2322.08,0.1757,2024-10,2024,Q4,1,0,0
ORD000988,2024-09-20,CUST01552,Home & Kitchen,Air Fryer,West,Ahmedabad,Website,1,6306.02,0.2,6306.02,5044.82,4188.09,Net Banking,Delivered,856.73,0.1698,2024-09,2024,Q3,1,0,0
ORD000989,2025-04-30,CUST01108,Fashion,T-Shirt,North,Delhi,Website,2,5036.83,0.25,10073.66,7555.24,4419.67,Debit Card,Delivered,3135.57,0.415,2025-04,2025,Q2,1,0,0
ORD000990,2025-01-14,CUST00680,Home & Kitchen,Mixer Grinder,Central,Indore,Mobile App,3,2797.13,0.15,8391.4,7132.69,3854.97,Credit Card,Returned,3277.72,0.4595,2025-01,2025,Q1,0,1,0
ORD000991,2025-04-28,CUST01241,Electronics,Bluetooth Speaker,South,Chennai,Website,2,21246.01,0.1,42492.03,38242.82,21547.5,Debit Card,Delivered,16695.32,0.4366,2025-04,2025,Q2,1,0,0
ORD000992,2024-11-09,CUST01463,Fashion,Backpack,West,Ahmedabad,Marketplace,5,1778.8,0.1,8893.99,8004.59,4492.94,UPI,Delivered,3511.65,0.4387,2024-11,2024,Q4,1,0,0
ORD000993,2024-07-27,CUST00737,Beauty,Face Serum,West,Ahmedabad,Mobile App,5,2464.7,0.1,12323.52,11091.17,7457.41,UPI,Delivered,3633.76,0.3276,2024-07,2024,Q3,1,0,0
ORD000994,2025-06-30,CUST00849,Fashion,Backpack,South,Chennai,Website,3,4415.5,0.15,13246.49,11259.52,6231.41,Credit Card,Delivered,5028.11,0.4466,2025-06,2025,Q2,1,0,0
ORD000995,2024-05-05,CUST00044,Electronics,Smartwatch,South,Bengaluru,Marketplace,2,2922.3,0.0,5844.61,5844.61,3666.9,Credit Card,Delivered,2177.71,0.3726,2024-05,2024,Q2,1,0,0
ORD000996,2024-09-16,CUST00055,Beauty,Shampoo,West,Ahmedabad,Mobile App,3,1321.63,0.2,3964.89,3171.91,2542.77,Net Banking,Delivered,629.14,0.1983,2024-09,2024,Q3,1,0,0
ORD000997,2024-05-16,CUST00093,Sports,Football,East,Patna,Marketplace,4,2063.49,0.2,8253.98,6603.18,4350.98,Cash on Delivery,Delivered,2252.2,0.3411,2024-05,2024,Q2,1,0,0
ORD000998,2025-04-18,CUST00464,Fashion,T-Shirt,South,Bengaluru,Marketplace,3,2251.41,0.0,6754.22,6754.22,5173.1,UPI,Delivered,1581.12,0.2341,2025-04,2025,Q2,1,0,0
ORD000999,2024-09-23,CUST01332,Home & Kitchen,Air Fryer,Central,Bhopal,Website,1,3541.47,0.25,3541.47,2656.1,1755.77,Debit Card,Delivered,900.33,0.339,2024-09,2024,Q3,1,0,0
ORD001000,2024-12-26,CUST00388,Beauty,Face Serum,West,Pune,Website,1,836.5,0.2,836.5,669.2,476.79,UPI,Delivered,192.41,0.2875,2024-12,2024,Q4,1,0,0
ORD001001,2024-12-19,CUST01122,Sports,Dumbbells,East,Patna,Marketplace,2,5772.94,0.15,11545.88,9814.0,5500.6,UPI,Delivered,4313.4,0.4395,2024-12,2024,Q4,1,0,0
ORD001002,2024-12-13,CUST01249,Home & Kitchen,Coffee Maker,West,Ahmedabad,Website,4,8365.19,0.15,33460.75,28441.64,20255.4,Net Banking,Cancelled,8186.24,0.2878,2024-12,2024,Q4,0,0,1
ORD001003,2025-03-09,CUST00019,Home & Kitchen,Storage Box,West,Mumbai,Website,2,2558.94,0.1,5117.88,4606.09,2514.88,Net Banking,Delivered,2091.21,0.454,2025-03,2025,Q1,1,0,0
ORD001004,2024-07-17,CUST00693,Fashion,Denim Jacket,West,Mumbai,Mobile App,1,2438.11,0.0,2438.11,2438.11,1628.88,Debit Card,Cancelled,809.23,0.3319,2024-07,2024,Q3,0,0,1
ORD001005,2025-03-25,CUST00181,Fashion,Sunglasses,South,Chennai,Website,1,1153.91,0.2,1153.91,923.13,736.62,Cash on Delivery,Delivered,186.51,0.202,2025-03,2025,Q1,1,0,0
ORD001006,2025-03-16,CUST01201,Beauty,Face Serum,Central,Nagpur,Marketplace,5,1105.83,0.0,5529.14,5529.14,3346.84,Debit Card,Returned,2182.3,0.3947,2025-03,2025,Q1,0,1,0
ORD001007,2025-03-28,CUST01236,Fashion,Sunglasses,North,Jaipur,Website,4,1774.36,0.05,7097.43,6742.56,4632.07,UPI,Delivered,2110.49,0.313,2025-03,2025,Q1,1,0,0
ORD001008,2025-04-28,CUST01385,Sports,Football,South,Hyderabad,Website,5,6393.83,0.15,31969.13,27173.76,16600.47,UPI,Delivered,10573.29,0.3891,2025-04,2025,Q2,1,0,0
ORD001009,2025-01-10,CUST00629,Home & Kitchen,Coffee Maker,East,Patna,Website,5,3530.82,0.1,17654.11,15888.7,12051.37,Cash on Delivery,Delivered,3837.33,0.2415,2025-01,2025,Q1,1,0,0
ORD001010,2025-06-23,CUST01223,Fashion,Backpack,South,Chennai,Website,2,1341.18,0.05,2682.35,2548.23,1896.28,UPI,Delivered,651.95,0.2558,2025-06,2025,Q2,1,0,0
ORD001011,2024-01-15,CUST00680,Fashion,Running Shoes,West,Mumbai,Mobile App,1,4498.98,0.2,4498.98,3599.19,2649.04,Cash on Delivery,Delivered,950.15,0.264,2024-01,2024,Q1,1,0,0
ORD001012,2024-08-31,CUST00850,Sports,Resistance Bands,West,Pune,Website,5,4696.75,0.05,23483.75,22309.56,14129.99,Cash on Delivery,Delivered,8179.57,0.3666,2024-08,2024,Q3,1,0,0
ORD001013,2024-12-25,CUST01048,Beauty,Shampoo,East,Kolkata,Website,1,1094.44,0.1,1094.44,985.0,619.78,Credit Card,Delivered,365.22,0.3708,2024-12,2024,Q4,1,0,0
ORD001014,2024-02-04,CUST00521,Electronics,Power Bank,Central,Indore,Website,4,5336.61,0.05,21346.42,20279.1,16687.68,Credit Card,Delivered,3591.42,0.1771,2024-02,2024,Q1,1,0,0
ORD001015,2025-01-20,CUST01492,Electronics,Bluetooth Speaker,North,Delhi,Website,5,8947.84,0.0,44739.21,44739.21,27495.54,UPI,Returned,17243.67,0.3854,2025-01,2025,Q1,0,1,0
ORD001016,2024-01-28,CUST00367,Electronics,Bluetooth Speaker,West,Pune,Website,1,13056.83,0.1,13056.83,11751.14,6532.97,UPI,Delivered,5218.17,0.4441,2024-01,2024,Q1,1,0,0
ORD001017,2025-04-12,CUST00485,Electronics,Bluetooth Speaker,East,Patna,Mobile App,4,7294.63,0.15,29178.5,24801.73,13138.92,UPI,Pending,11662.81,0.4702,2025-04,2025,Q2,0,0,0
ORD001018,2024-10-06,CUST00312,Fashion,T-Shirt,South,Bengaluru,Mobile App,1,5486.19,0.05,5486.19,5211.88,3081.19,Debit Card,Delivered,2130.69,0.4088,2024-10,2024,Q4,1,0,0
ORD001019,2025-03-03,CUST00694,Electronics,Bluetooth Speaker,South,Bengaluru,Mobile App,4,3047.94,0.1,12191.74,10972.57,8752.14,Credit Card,Returned,2220.43,0.2024,2025-03,2025,Q1,0,1,0
ORD001020,2024-01-18,CUST00185,Home & Kitchen,Mixer Grinder,West,Ahmedabad,Marketplace,3,5112.68,0.1,15338.05,13804.24,7358.85,Cash on Delivery,Delivered,6445.39,0.4669,2024-01,2024,Q1,1,0,0
ORD001021,2024-09-13,CUST01164,Home & Kitchen,Storage Box,East,Kolkata,Website,5,2492.77,0.2,12463.86,9971.08,6907.48,Credit Card,Delivered,3063.6,0.3072,2024-09,2024,Q3,1,0,0
ORD001022,2025-05-28,CUST00082,Fashion,Denim Jacket,South,Bengaluru,Website,4,2211.37,0.0,8845.48,8845.48,6574.95,Debit Card,Delivered,2270.53,0.2567,2025-05,2025,Q2,1,0,0
ORD001023,2024-12-12,CUST01220,Electronics,Laptop Stand,North,Chandigarh,Mobile App,3,11175.48,0.1,33526.43,30173.78,18840.21,Credit Card,Delivered,11333.57,0.3756,2024-12,2024,Q4,1,0,0
ORD001024,2025-02-11,CUST01523,Fashion,T-Shirt,East,Bhubaneswar,Website,5,5188.02,0.1,25940.12,23346.11,17717.98,Net Banking,Delivered,5628.13,0.2411,2025-02,2025,Q1,1,0,0
ORD001025,2025-06-19,CUST00369,Electronics,Power Bank,North,Jaipur,Website,5,3331.26,0.15,16656.31,14157.86,10275.4,UPI,Delivered,3882.46,0.2742,2025-06,2025,Q2,1,0,0
ORD001026,2024-02-25,CUST00917,Sports,Yoga Mat,Central,Bhopal,Mobile App,2,3770.4,0.1,7540.79,6786.71,4750.96,Debit Card,Pending,2035.75,0.3,2024-02,2024,Q1,0,0,0
ORD001027,2024-08-17,CUST00292,Fashion,Running Shoes,South,Bengaluru,Website,4,4650.28,0.0,18601.13,18601.13,14497.55,Credit Card,Delivered,4103.58,0.2206,2024-08,2024,Q3,1,0,0
ORD001028,2025-01-10,CUST01026,Home & Kitchen,Air Fryer,West,Ahmedabad,Mobile App,5,6978.1,0.2,34890.51,27912.41,22734.57,Net Banking,Cancelled,5177.84,0.1855,2025-01,2025,Q1,0,0,1
ORD001029,2025-01-17,CUST00357,Electronics,Power Bank,Central,Indore,Mobile App,5,10418.34,0.05,52091.72,49487.13,29265.66,Cash on Delivery,Returned,20221.47,0.4086,2025-01,2025,Q1,0,1,0
ORD001030,2024-07-09,CUST00416,Home & Kitchen,Mixer Grinder,Central,Nagpur,Website,4,8832.93,0.05,35331.73,33565.15,18122.2,Cash on Delivery,Delivered,15442.95,0.4601,2024-07,2024,Q3,1,0,0
ORD001031,2024-08-19,CUST00393,Sports,Yoga Mat,South,Bengaluru,Marketplace,2,6595.11,0.15,13190.23,11211.69,8440.42,UPI,Delivered,2771.27,0.2472,2024-08,2024,Q3,1,0,0
ORD001032,2025-05-16,CUST00336,Fashion,Denim Jacket,Central,Indore,Website,3,2967.8,0.0,8903.4,8903.4,4972.46,Net Banking,Delivered,3930.94,0.4415,2025-05,2025,Q2,1,0,0
ORD001033,2025-01-28,CUST00498,Fashion,T-Shirt,South,Bengaluru,Marketplace,3,2931.36,0.05,8794.09,8354.38,6114.98,Cash on Delivery,Delivered,2239.4,0.2681,2025-01,2025,Q1,1,0,0
ORD001034,2024-11-07,CUST01283,Beauty,Moisturizer,South,Hyderabad,Website,1,2740.23,0.15,2740.23,2329.19,1782.98,Debit Card,Delivered,546.21,0.2345,2024-11,2024,Q4,1,0,0
ORD001035,2024-05-07,CUST00284,Electronics,Power Bank,Central,Nagpur,Marketplace,3,14415.4,0.1,43246.21,38921.59,20451.29,Cash on Delivery,Delivered,18470.3,0.4746,2024-05,2024,Q2,1,0,0
ORD001036,2024-07-09,CUST00565,Beauty,Lip Balm,South,Bengaluru,Website,1,1703.88,0.15,1703.88,1448.3,1140.06,Cash on Delivery,Cancelled,308.24,0.2128,2024-07,2024,Q3,0,0,1
ORD001037,2025-01-05,CUST00765,Sports,Yoga Mat,South,Hyderabad,Mobile App,3,3676.33,0.05,11028.99,10477.54,7684.33,Credit Card,Delivered,2793.21,0.2666,2025-01,2025,Q1,1,0,0
ORD001038,2025-01-31,CUST01403,Fashion,Running Shoes,North,Jaipur,Mobile App,3,4731.2,0.0,14193.6,14193.6,11690.85,UPI,Pending,2502.75,0.1763,2025-01,2025,Q1,0,0,0
ORD001039,2025-01-14,CUST00794,Sports,Dumbbells,West,Mumbai,Website,3,3541.54,0.05,10624.62,10093.39,7357.3,Credit Card,Delivered,2736.09,0.2711,2025-01,2025,Q1,1,0,0
ORD001040,2024-12-02,CUST00061,Fashion,Running Shoes,East,Patna,Mobile App,5,4009.62,0.0,20048.08,20048.08,13333.85,Debit Card,Pending,6714.23,0.3349,2024-12,2024,Q4,0,0,0
ORD001041,2024-11-04,CUST01182,Beauty,Moisturizer,South,Hyderabad,Marketplace,2,964.87,0.1,1929.75,1736.77,990.55,UPI,Pending,746.22,0.4297,2024-11,2024,Q4,0,0,0
ORD001042,2024-07-09,CUST01274,Electronics,Smartwatch,East,Bhubaneswar,Marketplace,2,20962.17,0.0,41924.35,41924.35,32418.74,Credit Card,Delivered,9505.61,0.2267,2024-07,2024,Q3,1,0,0
ORD001043,2025-01-16,CUST01099,Electronics,Power Bank,North,Jaipur,Mobile App,5,19310.77,0.25,96553.87,72415.4,57451.66,Debit Card,Delivered,14963.74,0.2066,2025-01,2025,Q1,1,0,0
ORD001044,2024-01-04,CUST00558,Fashion,T-Shirt,South,Chennai,Marketplace,5,1903.35,0.15,9516.77,8089.26,4236.19,Credit Card,Returned,3853.07,0.4763,2024-01,2024,Q1,0,1,0
ORD001045,2025-06-28,CUST00763,Sports,Cricket Bat,Central,Bhopal,Website,2,4726.18,0.0,9452.36,9452.36,5118.68,Net Banking,Delivered,4333.68,0.4585,2025-06,2025,Q2,1,0,0
ORD001046,2024-03-08,CUST01222,Sports,Football,Central,Indore,Website,5,4884.95,0.2,24424.73,19539.78,11239.5,Net Banking,Delivered,8300.28,0.4248,2024-03,2024,Q1,1,0,0
ORD001047,2024-05-30,CUST01096,Electronics,Wireless Headphones,South,Bengaluru,Mobile App,4,8130.73,0.2,32522.91,26018.33,19293.98,Debit Card,Delivered,6724.35,0.2584,2024-05,2024,Q2,1,0,0
ORD001048,2024-09-20,CUST00941,Fashion,Backpack,South,Hyderabad,Mobile App,3,4545.56,0.0,13636.69,13636.69,7990.05,Debit Card,Delivered,5646.64,0.4141,2024-09,2024,Q3,1,0,0
ORD001049,2025-01-30,CUST00393,Electronics,Power Bank,Central,Indore,Website,3,14041.39,0.15,42124.17,35805.55,21660.79,Net Banking,Returned,14144.76,0.395,2025-01,2025,Q1,0,1,0
ORD001050,2024-05-25,CUST01227,Sports,Cricket Bat,South,Hyderabad,Marketplace,4,5323.9,0.0,21295.61,21295.61,14309.99,Net Banking,Pending,6985.62,0.328,2024-05,2024,Q2,0,0,0
ORD001051,2024-04-23,CUST00177,Beauty,Face Serum,East,Kolkata,Marketplace,5,1447.68,0.2,7238.4,5790.72,3551.9,Net Banking,Delivered,2238.82,0.3866,2024-04,2024,Q2,1,0,0
ORD001052,2024-10-07,CUST00005,Electronics,Smartwatch,East,Kolkata,Marketplace,3,14552.94,0.2,43658.81,34927.04,18678.9,Cash on Delivery,Delivered,16248.14,0.4652,2024-10,2024,Q4,1,0,0
ORD001053,2024-05-18,CUST00940,Fashion,Backpack,South,Chennai,Website,3,4506.67,0.15,13520.01,11492.01,9255.71,Credit Card,Cancelled,2236.3,0.1946,2024-05,2024,Q2,0,0,1
ORD001054,2024-09-10,CUST01135,Fashion,Backpack,South,Bengaluru,Website,2,3398.91,0.1,6797.82,6118.04,3673.98,Credit Card,Delivered,2444.06,0.3995,2024-09,2024,Q3,1,0,0
ORD001055,2024-03-08,CUST01539,Electronics,Bluetooth Speaker,North,Jaipur,Website,2,10947.51,0.2,21895.02,17516.01,11621.8,Debit Card,Delivered,5894.21,0.3365,2024-03,2024,Q1,1,0,0
ORD001056,2024-07-16,CUST00054,Fashion,T-Shirt,West,Pune,Website,3,4619.66,0.1,13858.99,12473.09,9404.52,UPI,Delivered,3068.57,0.246,2024-07,2024,Q3,1,0,0
ORD001057,2024-10-02,CUST00189,Fashion,Backpack,Central,Bhopal,Marketplace,4,1048.28,0.05,4193.13,3983.47,2624.13,Net Banking,Delivered,1359.34,0.3412,2024-10,2024,Q4,1,0,0
ORD001058,2025-04-19,CUST01212,Fashion,Backpack,Central,Bhopal,Website,2,536.85,0.0,1073.7,1073.7,863.47,Cash on Delivery,Delivered,210.23,0.1958,2025-04,2025,Q2,1,0,0
ORD001059,2024-01-25,CUST00497,Home & Kitchen,Coffee Maker,North,Chandigarh,Website,1,2758.63,0.05,2758.63,2620.7,2180.26,Cash on Delivery,Delivered,440.44,0.1681,2024-01,2024,Q1,1,0,0
ORD001060,2025-05-09,CUST01058,Beauty,Moisturizer,North,Delhi,Mobile App,1,2930.36,0.1,2930.36,2637.32,1501.46,Debit Card,Delivered,1135.86,0.4307,2025-05,2025,Q2,1,0,0
ORD001061,2024-05-07,CUST01043,Fashion,Sunglasses,Central,Nagpur,Mobile App,3,2166.12,0.05,6498.36,6173.44,5024.21,Debit Card,Delivered,1149.23,0.1862,2024-05,2024,Q2,1,0,0
ORD001062,2025-02-28,CUST01542,Home & Kitchen,Mixer Grinder,North,Chandigarh,Website,5,3790.16,0.05,18950.82,18003.28,10504.78,Net Banking,Returned,7498.5,0.4165,2025-02,2025,Q1,0,1,0
ORD001063,2024-09-16,CUST01293,Home & Kitchen,Air Fryer,West,Pune,Website,3,6290.47,0.05,18871.42,17927.85,12363.67,Cash on Delivery,Delivered,5564.18,0.3104,2024-09,2024,Q3,1,0,0
ORD001064,2025-06-17,CUST01310,Beauty,Moisturizer,North,Jaipur,Website,4,1825.5,0.0,7302.02,7302.02,4796.8,Debit Card,Delivered,2505.22,0.3431,2025-06,2025,Q2,1,0,0
ORD001065,2024-04-08,CUST00588,Electronics,Laptop Stand,South,Hyderabad,Mobile App,3,17637.92,0.05,52913.76,50268.07,41581.9,Cash on Delivery,Delivered,8686.17,0.1728,2024-04,2024,Q2,1,0,0
ORD001066,2024-02-28,CUST00077,Sports,Football,West,Pune,Website,2,620.1,0.15,1240.19,1054.16,631.85,Net Banking,Delivered,422.31,0.4006,2024-02,2024,Q1,1,0,0
ORD001067,2024-12-15,CUST00811,Electronics,Bluetooth Speaker,North,Chandigarh,Mobile App,5,13095.01,0.05,65475.04,62201.29,39403.54,Net Banking,Delivered,22797.75,0.3665,2024-12,2024,Q4,1,0,0
ORD001068,2024-01-29,CUST00463,Fashion,Backpack,North,Delhi,Website,5,2110.96,0.1,10554.8,9499.32,5965.52,Cash on Delivery,Delivered,3533.8,0.372,2024-01,2024,Q1,1,0,0
ORD001069,2024-07-10,CUST01379,Sports,Dumbbells,East,Kolkata,Website,5,6874.07,0.15,34370.33,29214.78,20534.06,Debit Card,Delivered,8680.72,0.2971,2024-07,2024,Q3,1,0,0
ORD001070,2025-02-05,CUST00488,Electronics,Bluetooth Speaker,Central,Nagpur,Website,2,3810.57,0.1,7621.14,6859.03,5367.7,Debit Card,Returned,1491.33,0.2174,2025-02,2025,Q1,0,1,0
ORD001071,2024-09-24,CUST00539,Electronics,Smartwatch,South,Chennai,Marketplace,3,11449.88,0.2,34349.63,27479.71,17632.52,Credit Card,Delivered,9847.19,0.3583,2024-09,2024,Q3,1,0,0
ORD001072,2024-10-29,CUST00969,Sports,Cricket Bat,North,Chandigarh,Mobile App,1,6381.4,0.1,6381.4,5743.26,4733.62,UPI,Delivered,1009.64,0.1758,2024-10,2024,Q4,1,0,0
ORD001073,2024-02-17,CUST01031,Beauty,Face Serum,North,Delhi,Website,2,1844.05,0.05,3688.1,3503.7,2833.39,Debit Card,Delivered,670.31,0.1913,2024-02,2024,Q1,1,0,0
ORD001074,2025-03-05,CUST00886,Beauty,Moisturizer,South,Chennai,Mobile App,3,2605.21,0.05,7815.64,7424.86,5022.77,Credit Card,Pending,2402.09,0.3235,2025-03,2025,Q1,0,0,0
ORD001075,2024-02-29,CUST01507,Home & Kitchen,Air Fryer,South,Bengaluru,Marketplace,1,2039.41,0.0,2039.41,2039.41,1474.24,Debit Card,Delivered,565.17,0.2771,2024-02,2024,Q1,1,0,0
ORD001076,2024-10-13,CUST01016,Beauty,Shampoo,West,Ahmedabad,Mobile App,4,2201.68,0.05,8806.73,8366.39,6925.3,Cash on Delivery,Delivered,1441.09,0.1722,2024-10,2024,Q4,1,0,0
ORD001077,2025-04-20,CUST01217,Electronics,Bluetooth Speaker,North,Jaipur,Marketplace,1,9298.2,0.05,9298.2,8833.29,5935.52,Debit Card,Delivered,2897.77,0.3281,2025-04,2025,Q2,1,0,0
ORD001078,2024-06-25,CUST00333,Sports,Football,West,Mumbai,Website,2,2789.16,0.15,5578.33,4741.58,3624.21,UPI,Delivered,1117.37,0.2357,2024-06,2024,Q2,1,0,0
ORD001079,2024-04-09,CUST00003,Sports,Football,South,Chennai,Website,3,3471.5,0.05,10414.51,9893.78,7414.08,UPI,Delivered,2479.7,0.2506,2024-04,2024,Q2,1,0,0
ORD001080,2025-06-12,CUST00570,Fashion,Backpack,North,Delhi,Mobile App,3,372.69,0.15,1118.06,950.35,542.91,UPI,Delivered,407.44,0.4287,2025-06,2025,Q2,1,0,0
ORD001081,2024-10-26,CUST01498,Beauty,Lip Balm,Central,Nagpur,Marketplace,2,2734.95,0.15,5469.9,4649.42,2844.95,UPI,Delivered,1804.47,0.3881,2024-10,2024,Q4,1,0,0
ORD001082,2024-11-17,CUST00295,Home & Kitchen,Air Fryer,Central,Indore,Website,5,5187.27,0.2,25936.35,20749.08,11321.29,Debit Card,Pending,9427.79,0.4544,2024-11,2024,Q4,0,0,0
ORD001083,2024-09-22,CUST01095,Home & Kitchen,Coffee Maker,West,Ahmedabad,Mobile App,3,961.46,0.1,2884.39,2595.95,1379.77,Cash on Delivery,Pending,1216.18,0.4685,2024-09,2024,Q3,0,0,0
ORD001084,2024-11-25,CUST00022,Home & Kitchen,Air Fryer,South,Bengaluru,Website,1,611.13,0.0,611.13,611.13,354.0,UPI,Delivered,257.13,0.4207,2024-11,2024,Q4,1,0,0
ORD001085,2024-08-05,CUST00574,Home & Kitchen,Water Bottle,West,Pune,Marketplace,5,8474.02,0.2,42370.09,33896.07,25720.49,Cash on Delivery,Delivered,8175.58,0.2412,2024-08,2024,Q3,1,0,0
ORD001086,2025-01-28,CUST00737,Electronics,Laptop Stand,Central,Nagpur,Website,1,16099.69,0.05,16099.69,15294.7,12061.13,Debit Card,Delivered,3233.57,0.2114,2025-01,2025,Q1,1,0,0
ORD001087,2025-03-27,CUST01588,Home & Kitchen,Water Bottle,North,Chandigarh,Mobile App,4,9122.39,0.05,36489.58,34665.1,24441.72,UPI,Delivered,10223.38,0.2949,2025-03,2025,Q1,1,0,0
ORD001088,2024-12-11,CUST01429,Fashion,T-Shirt,West,Ahmedabad,Website,3,3575.02,0.2,10725.05,8580.04,6114.42,UPI,Delivered,2465.62,0.2874,2024-12,2024,Q4,1,0,0
ORD001089,2024-05-24,CUST00505,Electronics,Wireless Headphones,South,Bengaluru,Mobile App,4,16483.04,0.1,65932.18,59338.96,45935.64,Net Banking,Delivered,13403.32,0.2259,2024-05,2024,Q2,1,0,0
ORD001090,2025-03-22,CUST00996,Beauty,Shampoo,East,Kolkata,Mobile App,2,1814.3,0.05,3628.6,3447.17,2115.57,Net Banking,Delivered,1331.6,0.3863,2025-03,2025,Q1,1,0,0
ORD001091,2024-10-26,CUST00805,Electronics,Laptop Stand,South,Hyderabad,Mobile App,5,4299.76,0.05,21498.8,20423.86,13156.37,Cash on Delivery,Delivered,7267.49,0.3558,2024-10,2024,Q4,1,0,0
ORD001092,2025-05-15,CUST00151,Home & Kitchen,Mixer Grinder,East,Bhubaneswar,Website,3,2915.21,0.0,8745.62,8745.62,6279.5,Net Banking,Delivered,2466.12,0.282,2025-05,2025,Q2,1,0,0
ORD001093,2024-06-07,CUST00614,Electronics,Laptop Stand,East,Kolkata,Mobile App,3,20263.39,0.2,60790.16,48632.13,34548.34,Debit Card,Delivered,14083.79,0.2896,2024-06,2024,Q2,1,0,0
ORD001094,2025-05-09,CUST00717,Home & Kitchen,Storage Box,North,Delhi,Website,4,1600.11,0.0,6400.43,6400.43,3769.59,Cash on Delivery,Delivered,2630.84,0.411,2025-05,2025,Q2,1,0,0
ORD001095,2024-01-07,CUST00188,Fashion,T-Shirt,Central,Nagpur,Mobile App,5,1781.01,0.05,8905.06,8459.8,7049.3,Debit Card,Delivered,1410.5,0.1667,2024-01,2024,Q1,1,0,0
ORD001096,2025-06-06,CUST00490,Home & Kitchen,Coffee Maker,South,Hyderabad,Mobile App,4,4080.08,0.1,16320.31,14688.28,10937.13,Credit Card,Delivered,3751.15,0.2554,2025-06,2025,Q2,1,0,0
ORD001097,2024-06-07,CUST00409,Electronics,Laptop Stand,North,Delhi,Website,4,10130.18,0.15,40520.74,34442.63,19526.41,Debit Card,Delivered,14916.22,0.4331,2024-06,2024,Q2,1,0,0
ORD001098,2024-05-31,CUST01440,Electronics,Bluetooth Speaker,West,Ahmedabad,Mobile App,2,15037.11,0.1,30074.22,27066.8,17015.88,Credit Card,Returned,10050.92,0.3713,2024-05,2024,Q2,0,1,0
ORD001099,2025-05-06,CUST00301,Beauty,Shampoo,West,Pune,Marketplace,1,366.63,0.2,366.63,293.3,212.84,Cash on Delivery,Delivered,80.46,0.2743,2025-05,2025,Q2,1,0,0
ORD001100,2024-05-20,CUST00641,Beauty,Face Serum,North,Delhi,Mobile App,4,1846.92,0.05,7387.67,7018.28,5013.37,UPI,Returned,2004.91,0.2857,2024-05,2024,Q2,0,1,0
ORD001101,2024-12-02,CUST01023,Electronics,Smartwatch,East,Patna,Mobile App,1,12955.91,0.15,12955.91,11012.53,7320.79,UPI,Delivered,3691.74,0.3352,2024-12,2024,Q4,1,0,0
ORD001102,2024-01-26,CUST01342,Electronics,Power Bank,West,Pune,Website,3,5523.87,0.0,16571.6,16571.6,13657.37,UPI,Delivered,2914.23,0.1759,2024-01,2024,Q1,1,0,0
ORD001103,2024-04-05,CUST00746,Home & Kitchen,Water Bottle,Central,Nagpur,Marketplace,2,7137.46,0.0,14274.93,14274.93,10655.8,Credit Card,Delivered,3619.13,0.2535,2024-04,2024,Q2,1,0,0
ORD001104,2025-05-27,CUST01032,Electronics,Wireless Headphones,East,Bhubaneswar,Mobile App,5,21640.34,0.05,108201.72,102791.64,61468.47,UPI,Delivered,41323.17,0.402,2025-05,2025,Q2,1,0,0
ORD001105,2025-03-10,CUST00932,Electronics,Laptop Stand,West,Mumbai,Mobile App,4,11795.15,0.05,47180.6,44821.57,27770.5,UPI,Cancelled,17051.07,0.3804,2025-03,2025,Q1,0,0,1
ORD001106,2024-03-31,CUST01019,Electronics,Wireless Headphones,North,Delhi,Mobile App,3,16191.59,0.1,48574.78,43717.3,24011.17,Debit Card,Returned,19706.13,0.4508,2024-03,2024,Q1,0,1,0
ORD001107,2024-02-08,CUST00747,Electronics,Wireless Headphones,North,Delhi,Website,1,16660.79,0.25,16660.79,12495.59,6727.67,Debit Card,Returned,5767.92,0.4616,2024-02,2024,Q1,0,1,0
ORD001108,2024-01-27,CUST00925,Fashion,Backpack,East,Bhubaneswar,Marketplace,3,4449.25,0.05,13347.75,12680.36,9585.14,Credit Card,Delivered,3095.22,0.2441,2024-01,2024,Q1,1,0,0
ORD001109,2024-06-04,CUST00096,Fashion,Running Shoes,South,Chennai,Website,4,1410.54,0.15,5642.16,4795.84,3481.59,Debit Card,Delivered,1314.25,0.274,2024-06,2024,Q2,1,0,0
ORD001110,2025-02-02,CUST00047,Fashion,T-Shirt,South,Hyderabad,Mobile App,4,3215.14,0.2,12860.55,10288.44,8290.16,Credit Card,Delivered,1998.28,0.1942,2025-02,2025,Q1,1,0,0
ORD001111,2024-08-10,CUST00839,Electronics,Smartwatch,Central,Bhopal,Website,5,16077.72,0.05,80388.62,76369.19,43350.82,Cash on Delivery,Delivered,33018.37,0.4324,2024-08,2024,Q3,1,0,0
ORD001112,2024-05-13,CUST00406,Home & Kitchen,Water Bottle,West,Mumbai,Mobile App,4,6527.65,0.25,26110.62,19582.96,10239.89,Credit Card,Delivered,9343.07,0.4771,2024-05,2024,Q2,1,0,0
ORD001113,2024-10-07,CUST00839,Home & Kitchen,Storage Box,North,Delhi,Mobile App,2,1293.9,0.15,2587.8,2199.63,1347.53,Net Banking,Returned,852.1,0.3874,2024-10,2024,Q4,0,1,0
ORD001114,2024-03-02,CUST00844,Home & Kitchen,Storage Box,East,Bhubaneswar,Mobile App,1,2597.81,0.15,2597.81,2208.14,1160.13,UPI,Delivered,1048.01,0.4746,2024-03,2024,Q1,1,0,0
ORD001115,2024-10-01,CUST00877,Beauty,Face Serum,Central,Nagpur,Marketplace,5,2720.88,0.1,13604.42,12243.98,6501.19,Cash on Delivery,Delivered,5742.79,0.469,2024-10,2024,Q4,1,0,0
ORD001116,2024-11-29,CUST00609,Fashion,T-Shirt,South,Hyderabad,Mobile App,4,2500.9,0.05,10003.6,9503.42,5481.43,Net Banking,Delivered,4021.99,0.4232,2024-11,2024,Q4,1,0,0
ORD001117,2024-01-05,CUST00975,Fashion,Backpack,Central,Indore,Marketplace,2,331.29,0.2,662.58,530.06,295.57,Credit Card,Cancelled,234.49,0.4424,2024-01,2024,Q1,0,0,1
ORD001118,2024-12-11,CUST01053,Beauty,Face Serum,Central,Indore,Website,5,1934.43,0.15,9672.16,8221.34,5118.36,Net Banking,Pending,3102.98,0.3774,2024-12,2024,Q4,0,0,0
ORD001119,2024-03-24,CUST00228,Home & Kitchen,Air Fryer,North,Jaipur,Mobile App,3,8286.09,0.15,24858.28,21129.54,14337.82,UPI,Delivered,6791.72,0.3214,2024-03,2024,Q1,1,0,0
ORD001120,2024-06-17,CUST00441,Fashion,T-Shirt,West,Mumbai,Website,2,708.8,0.05,1417.6,1346.72,862.8,Credit Card,Delivered,483.92,0.3593,2024-06,2024,Q2,1,0,0
ORD001121,2025-03-23,CUST01211,Electronics,Bluetooth Speaker,North,Jaipur,Mobile App,1,3449.79,0.2,3449.79,2759.83,2243.6,Cash on Delivery,Delivered,516.23,0.1871,2025-03,2025,Q1,1,0,0
ORD001122,2024-10-03,CUST01375,Electronics,Laptop Stand,West,Pune,Marketplace,5,21864.3,0.15,109321.48,92923.26,48661.38,Debit Card,Pending,44261.88,0.4763,2024-10,2024,Q4,0,0,0
ORD001123,2024-08-03,CUST00043,Fashion,Denim Jacket,South,Chennai,Website,3,1535.46,0.05,4606.38,4376.06,2512.86,Debit Card,Delivered,1863.2,0.4258,2024-08,2024,Q3,1,0,0
ORD001124,2024-06-04,CUST00740,Electronics,Power Bank,West,Mumbai,Website,2,5842.37,0.25,11684.74,8763.56,7076.46,Debit Card,Returned,1687.1,0.1925,2024-06,2024,Q2,0,1,0
ORD001125,2024-08-15,CUST01553,Electronics,Wireless Headphones,East,Patna,Marketplace,3,20559.04,0.25,61677.11,46257.83,24631.4,UPI,Delivered,21626.43,0.4675,2024-08,2024,Q3,1,0,0
ORD001126,2024-01-23,CUST00347,Electronics,Wireless Headphones,East,Kolkata,Marketplace,3,10210.97,0.0,30632.9,30632.9,23739.97,Net Banking,Pending,6892.93,0.225,2024-01,2024,Q1,0,0,0
ORD001127,2024-10-21,CUST01267,Home & Kitchen,Coffee Maker,South,Hyderabad,Website,5,5653.02,0.05,28265.11,26851.85,14817.01,Credit Card,Delivered,12034.84,0.4482,2024-10,2024,Q4,1,0,0
ORD001128,2025-06-24,CUST01427,Sports,Cricket Bat,North,Chandigarh,Website,1,1268.54,0.15,1268.54,1078.26,593.28,Net Banking,Delivered,484.98,0.4498,2025-06,2025,Q2,1,0,0
ORD001129,2024-11-24,CUST00737,Electronics,Bluetooth Speaker,West,Pune,Marketplace,2,7543.61,0.2,15087.21,12069.77,8271.06,Credit Card,Delivered,3798.71,0.3147,2024-11,2024,Q4,1,0,0
ORD001130,2025-04-07,CUST00003,Home & Kitchen,Mixer Grinder,East,Kolkata,Marketplace,1,3917.13,0.0,3917.13,3917.13,2141.1,Cash on Delivery,Pending,1776.03,0.4534,2025-04,2025,Q2,0,0,0
ORD001131,2024-04-11,CUST00555,Electronics,Power Bank,South,Bengaluru,Mobile App,2,6428.11,0.0,12856.23,12856.23,7767.72,Net Banking,Cancelled,5088.51,0.3958,2024-04,2024,Q2,0,0,1
ORD001132,2024-03-23,CUST01207,Fashion,Denim Jacket,South,Hyderabad,Mobile App,4,4368.38,0.1,17473.51,15726.16,9328.93,Credit Card,Delivered,6397.23,0.4068,2024-03,2024,Q1,1,0,0
ORD001133,2025-04-20,CUST01299,Home & Kitchen,Storage Box,North,Chandigarh,Marketplace,3,6801.82,0.1,20405.45,18364.91,15022.05,Credit Card,Returned,3342.86,0.182,2025-04,2025,Q2,0,1,0
ORD001134,2025-03-07,CUST00546,Home & Kitchen,Mixer Grinder,Central,Bhopal,Marketplace,3,5618.21,0.15,16854.63,14326.43,10589.08,Cash on Delivery,Delivered,3737.35,0.2609,2025-03,2025,Q1,1,0,0
ORD001135,2024-07-30,CUST01429,Fashion,Backpack,Central,Indore,Marketplace,4,1997.61,0.1,7990.42,7191.38,4305.54,Debit Card,Pending,2885.84,0.4013,2024-07,2024,Q3,0,0,0
ORD001136,2024-06-24,CUST00749,Fashion,Running Shoes,West,Pune,Website,2,4450.48,0.0,8900.95,8900.95,5226.04,Net Banking,Returned,3674.91,0.4129,2024-06,2024,Q2,0,1,0
ORD001137,2024-09-23,CUST00102,Electronics,Bluetooth Speaker,East,Bhubaneswar,Mobile App,2,4055.61,0.1,8111.22,7300.1,4408.36,Cash on Delivery,Delivered,2891.74,0.3961,2024-09,2024,Q3,1,0,0
ORD001138,2025-01-10,CUST00865,Fashion,Backpack,West,Ahmedabad,Mobile App,4,4300.94,0.15,17203.76,14623.19,10206.58,Credit Card,Delivered,4416.61,0.302,2025-01,2025,Q1,1,0,0
ORD001139,2024-10-14,CUST01433,Electronics,Wireless Headphones,East,Bhubaneswar,Website,2,20330.83,0.2,40661.65,32529.32,22799.03,Credit Card,Delivered,9730.29,0.2991,2024-10,2024,Q4,1,0,0
ORD001140,2025-01-12,CUST00641,Beauty,Shampoo,Central,Bhopal,Website,2,1734.99,0.15,3469.97,2949.48,2229.83,Debit Card,Delivered,719.65,0.244,2025-01,2025,Q1,1,0,0
ORD001141,2025-03-10,CUST01230,Home & Kitchen,Air Fryer,Central,Bhopal,Marketplace,2,6011.62,0.25,12023.25,9017.43,4797.28,Cash on Delivery,Delivered,4220.15,0.468,2025-03,2025,Q1,1,0,0
ORD001142,2024-02-28,CUST01166,Fashion,Sunglasses,South,Bengaluru,Website,3,5118.21,0.05,15354.62,14586.89,8750.36,Debit Card,Returned,5836.53,0.4001,2024-02,2024,Q1,0,1,0
ORD001143,2025-02-19,CUST00354,Home & Kitchen,Coffee Maker,Central,Bhopal,Mobile App,1,3132.0,0.05,3132.0,2975.4,2032.01,Debit Card,Delivered,943.39,0.3171,2025-02,2025,Q1,1,0,0
ORD001144,2025-04-20,CUST01294,Electronics,Wireless Headphones,Central,Bhopal,Mobile App,4,7858.93,0.1,31435.73,28292.15,17538.84,Cash on Delivery,Delivered,10753.31,0.3801,2025-04,2025,Q2,1,0,0
ORD001145,2025-05-25,CUST00253,Electronics,Smartwatch,West,Mumbai,Marketplace,3,20115.09,0.1,60345.27,54310.74,36443.31,Debit Card,Delivered,17867.43,0.329,2025-05,2025,Q2,1,0,0
ORD001146,2024-06-07,CUST01175,Electronics,Power Bank,South,Bengaluru,Mobile App,5,2934.75,0.2,14673.75,11739.0,8115.32,UPI,Delivered,3623.68,0.3087,2024-06,2024,Q2,1,0,0
ORD001147,2024-07-26,CUST00323,Electronics,Smartwatch,North,Delhi,Mobile App,3,9695.53,0.05,29086.58,27632.25,23035.86,Debit Card,Returned,4596.39,0.1663,2024-07,2024,Q3,0,1,0
ORD001148,2025-03-14,CUST00852,Electronics,Wireless Headphones,East,Patna,Website,5,13978.9,0.0,69894.49,69894.49,51851.6,Net Banking,Delivered,18042.89,0.2581,2025-03,2025,Q1,1,0,0
ORD001149,2024-04-02,CUST00050,Beauty,Sunscreen,Central,Indore,Mobile App,2,638.32,0.05,1276.64,1212.81,903.11,Credit Card,Delivered,309.7,0.2554,2024-04,2024,Q2,1,0,0
ORD001150,2024-02-29,CUST01542,Sports,Yoga Mat,South,Hyderabad,Website,3,809.66,0.05,2428.99,2307.54,1382.96,Credit Card,Delivered,924.58,0.4007,2024-02,2024,Q1,1,0,0
ORD001151,2024-01-13,CUST00666,Beauty,Sunscreen,North,Jaipur,Website,2,883.06,0.05,1766.11,1677.81,977.0,Debit Card,Delivered,700.81,0.4177,2024-01,2024,Q1,1,0,0
ORD001152,2025-03-02,CUST00194,Home & Kitchen,Water Bottle,West,Mumbai,Website,2,3826.64,0.05,7653.27,7270.61,5747.9,Net Banking,Delivered,1522.71,0.2094,2025-03,2025,Q1,1,0,0
ORD001153,2024-02-12,CUST00640,Electronics,Wireless Headphones,West,Mumbai,Website,2,14313.1,0.05,28626.2,27194.89,17752.02,Cash on Delivery,Cancelled,9442.87,0.3472,2024-02,2024,Q1,0,0,1
ORD001154,2024-09-03,CUST00073,Home & Kitchen,Mixer Grinder,Central,Bhopal,Website,5,3529.85,0.1,17649.23,15884.3,11837.45,UPI,Delivered,4046.85,0.2548,2024-09,2024,Q3,1,0,0
ORD001155,2024-05-12,CUST00604,Home & Kitchen,Coffee Maker,West,Mumbai,Mobile App,2,2910.53,0.1,5821.05,5238.95,3709.54,Net Banking,Pending,1529.41,0.2919,2024-05,2024,Q2,0,0,0
ORD001156,2024-05-11,CUST00875,Fashion,T-Shirt,North,Chandigarh,Website,2,5166.49,0.1,10332.99,9299.69,6864.59,Cash on Delivery,Delivered,2435.1,0.2618,2024-05,2024,Q2,1,0,0
ORD001157,2024-06-09,CUST01505,Electronics,Wireless Headphones,East,Patna,Marketplace,4,3667.73,0.0,14670.9,14670.9,11218.45,Debit Card,Pending,3452.45,0.2353,2024-06,2024,Q2,0,0,0
ORD001158,2025-03-20,CUST00981,Electronics,Smartwatch,South,Hyderabad,Marketplace,2,19436.36,0.1,38872.73,34985.45,29241.48,Net Banking,Delivered,5743.97,0.1642,2025-03,2025,Q1,1,0,0
ORD001159,2024-03-13,CUST00602,Electronics,Power Bank,East,Patna,Marketplace,3,11233.73,0.0,33701.19,33701.19,25350.81,Net Banking,Delivered,8350.38,0.2478,2024-03,2024,Q1,1,0,0
ORD001160,2025-06-14,CUST01480,Sports,Dumbbells,Central,Indore,Mobile App,2,1360.78,0.25,2721.56,2041.17,1173.71,Debit Card,Pending,867.46,0.425,2025-06,2025,Q2,0,0,0
ORD001161,2024-04-16,CUST00184,Home & Kitchen,Coffee Maker,West,Pune,Marketplace,5,3885.84,0.15,19429.18,16514.8,12017.72,UPI,Returned,4497.08,0.2723,2024-04,2024,Q2,0,1,0
ORD001162,2025-02-27,CUST00290,Home & Kitchen,Mixer Grinder,Central,Indore,Website,3,8520.95,0.1,25562.85,23006.57,13456.97,Credit Card,Delivered,9549.6,0.4151,2025-02,2025,Q1,1,0,0
ORD001163,2024-05-17,CUST00857,Home & Kitchen,Storage Box,South,Bengaluru,Mobile App,2,6044.64,0.05,12089.28,11484.82,7637.78,Debit Card,Delivered,3847.04,0.335,2024-05,2024,Q2,1,0,0
ORD001164,2024-10-14,CUST00754,Fashion,T-Shirt,East,Patna,Mobile App,2,4155.12,0.1,8310.25,7479.22,5233.2,Debit Card,Delivered,2246.02,0.3003,2024-10,2024,Q4,1,0,0
ORD001165,2024-01-28,CUST00392,Fashion,Sunglasses,North,Jaipur,Marketplace,4,1676.54,0.15,6706.15,5700.23,3028.14,Debit Card,Pending,2672.09,0.4688,2024-01,2024,Q1,0,0,0
ORD001166,2024-02-08,CUST00428,Fashion,Backpack,South,Chennai,Marketplace,5,2984.64,0.2,14923.19,11938.55,8152.82,Debit Card,Delivered,3785.73,0.3171,2024-02,2024,Q1,1,0,0
ORD001167,2025-04-24,CUST00438,Electronics,Wireless Headphones,East,Patna,Mobile App,3,9937.76,0.1,29813.28,26831.95,17129.01,Credit Card,Delivered,9702.94,0.3616,2025-04,2025,Q2,1,0,0
ORD001168,2024-04-10,CUST00215,Beauty,Face Serum,Central,Bhopal,Mobile App,5,2788.65,0.15,13943.25,11851.76,9401.55,Debit Card,Delivered,2450.21,0.2067,2024-04,2024,Q2,1,0,0
ORD001169,2025-01-06,CUST01418,Home & Kitchen,Water Bottle,South,Chennai,Website,5,6424.04,0.15,32120.21,27302.17,15688.32,Net Banking,Delivered,11613.85,0.4254,2025-01,2025,Q1,1,0,0
ORD001170,2025-04-30,CUST01165,Beauty,Lip Balm,South,Hyderabad,Mobile App,1,1349.96,0.0,1349.96,1349.96,1029.56,Cash on Delivery,Delivered,320.4,0.2373,2025-04,2025,Q2,1,0,0
ORD001171,2025-01-04,CUST01284,Beauty,Sunscreen,North,Jaipur,Mobile App,4,2920.28,0.05,11681.13,11097.08,8829.25,UPI,Delivered,2267.83,0.2044,2025-01,2025,Q1,1,0,0
ORD001172,2024-02-01,CUST01030,Sports,Resistance Bands,West,Ahmedabad,Marketplace,5,529.65,0.0,2648.25,2648.25,1392.3,Net Banking,Pending,1255.95,0.4743,2024-02,2024,Q1,0,0,0
ORD001173,2024-10-02,CUST01027,Electronics,Wireless Headphones,South,Chennai,Website,1,17891.58,0.25,17891.58,13418.68,8083.89,Debit Card,Delivered,5334.79,0.3976,2024-10,2024,Q4,1,0,0
ORD001174,2025-03-14,CUST00713,Beauty,Shampoo,Central,Indore,Marketplace,5,2124.36,0.2,10621.82,8497.46,4753.61,Credit Card,Delivered,3743.85,0.4406,2025-03,2025,Q1,1,0,0
ORD001175,2024-06-19,CUST00209,Electronics,Laptop Stand,East,Bhubaneswar,Mobile App,1,21053.37,0.1,21053.37,18948.03,15522.82,Credit Card,Cancelled,3425.21,0.1808,2024-06,2024,Q2,0,0,1
ORD001176,2024-11-27,CUST01529,Electronics,Bluetooth Speaker,Central,Indore,Marketplace,2,11771.6,0.15,23543.19,20011.71,12128.73,Debit Card,Delivered,7882.98,0.3939,2024-11,2024,Q4,1,0,0
ORD001177,2024-11-20,CUST00489,Fashion,Backpack,Central,Bhopal,Website,1,3243.53,0.05,3243.53,3081.35,1999.62,UPI,Pending,1081.73,0.3511,2024-11,2024,Q4,0,0,0
ORD001178,2025-02-13,CUST00835,Electronics,Power Bank,South,Bengaluru,Website,2,3242.88,0.1,6485.77,5837.19,4564.91,Debit Card,Returned,1272.28,0.218,2025-02,2025,Q1,0,1,0
ORD001179,2025-04-17,CUST01199,Beauty,Sunscreen,North,Jaipur,Mobile App,2,2196.79,0.1,4393.58,3954.22,2530.81,Credit Card,Returned,1423.41,0.36,2025-04,2025,Q2,0,1,0
ORD001180,2024-02-04,CUST01025,Sports,Dumbbells,East,Patna,Mobile App,2,1099.08,0.15,2198.15,1868.43,1184.45,Debit Card,Delivered,683.98,0.3661,2024-02,2024,Q1,1,0,0
ORD001181,2024-04-18,CUST00007,Electronics,Wireless Headphones,West,Mumbai,Mobile App,3,15529.37,0.0,46588.12,46588.12,36580.32,Debit Card,Delivered,10007.8,0.2148,2024-04,2024,Q2,1,0,0
ORD001182,2024-04-16,CUST00172,Sports,Dumbbells,North,Jaipur,Website,2,1259.52,0.1,2519.05,2267.14,1891.33,UPI,Delivered,375.81,0.1658,2024-04,2024,Q2,1,0,0
ORD001183,2024-10-27,CUST00538,Fashion,T-Shirt,East,Bhubaneswar,Website,3,1990.69,0.25,5972.07,4479.05,2937.92,Net Banking,Delivered,1541.13,0.3441,2024-10,2024,Q4,1,0,0
ORD001184,2025-05-29,CUST01581,Sports,Yoga Mat,South,Chennai,Marketplace,2,3728.82,0.1,7457.64,6711.88,5422.52,Net Banking,Delivered,1289.36,0.1921,2025-05,2025,Q2,1,0,0
ORD001185,2024-02-01,CUST01163,Electronics,Bluetooth Speaker,Central,Indore,Marketplace,4,11529.81,0.05,46119.26,43813.29,25579.47,Net Banking,Cancelled,18233.82,0.4162,2024-02,2024,Q1,0,0,1
ORD001186,2024-07-15,CUST00283,Electronics,Wireless Headphones,East,Patna,Mobile App,4,19977.96,0.05,79911.85,75916.26,46682.07,Credit Card,Delivered,29234.19,0.3851,2024-07,2024,Q3,1,0,0
ORD001187,2024-06-07,CUST01283,Fashion,Sunglasses,East,Kolkata,Website,3,1636.93,0.2,4910.8,3928.64,2099.85,Net Banking,Delivered,1828.79,0.4655,2024-06,2024,Q2,1,0,0
ORD001188,2025-02-25,CUST00472,Fashion,Backpack,North,Jaipur,Marketplace,4,3044.67,0.2,12178.67,9742.93,6547.12,Debit Card,Delivered,3195.81,0.328,2025-02,2025,Q1,1,0,0
ORD001189,2024-10-11,CUST00788,Sports,Cricket Bat,South,Hyderabad,Website,5,5297.3,0.05,26486.49,25162.16,14434.92,Net Banking,Delivered,10727.24,0.4263,2024-10,2024,Q4,1,0,0
ORD001190,2024-04-03,CUST00576,Sports,Dumbbells,Central,Bhopal,Website,4,3302.73,0.05,13210.93,12550.38,7319.35,Net Banking,Delivered,5231.03,0.4168,2024-04,2024,Q2,1,0,0
ORD001191,2024-10-03,CUST00662,Home & Kitchen,Storage Box,East,Kolkata,Mobile App,4,4849.57,0.15,19398.28,16488.53,8860.64,UPI,Delivered,7627.89,0.4626,2024-10,2024,Q4,1,0,0
ORD001192,2024-11-27,CUST00177,Fashion,Denim Jacket,West,Ahmedabad,Marketplace,3,4054.02,0.1,12162.06,10945.85,7344.02,Debit Card,Delivered,3601.83,0.3291,2024-11,2024,Q4,1,0,0
ORD001193,2024-02-13,CUST00811,Beauty,Shampoo,North,Delhi,Website,3,1626.17,0.0,4878.51,4878.51,3758.69,UPI,Delivered,1119.82,0.2295,2024-02,2024,Q1,1,0,0
ORD001194,2024-06-15,CUST00244,Beauty,Shampoo,Central,Nagpur,Marketplace,1,2060.89,0.1,2060.89,1854.8,1033.79,Credit Card,Pending,821.01,0.4426,2024-06,2024,Q2,0,0,0
ORD001195,2024-01-02,CUST00277,Fashion,Sunglasses,Central,Nagpur,Marketplace,3,1838.43,0.1,5515.3,4963.77,3822.15,Net Banking,Delivered,1141.62,0.23,2024-01,2024,Q1,1,0,0
ORD001196,2024-06-14,CUST00462,Beauty,Face Serum,Central,Nagpur,Website,5,1471.39,0.0,7356.93,7356.93,5444.56,Debit Card,Delivered,1912.37,0.2599,2024-06,2024,Q2,1,0,0
ORD001197,2024-12-07,CUST00909,Home & Kitchen,Storage Box,West,Mumbai,Website,2,6371.2,0.1,12742.4,11468.16,8190.71,Debit Card,Delivered,3277.45,0.2858,2024-12,2024,Q4,1,0,0
ORD001198,2025-03-07,CUST01580,Electronics,Bluetooth Speaker,Central,Indore,Mobile App,2,21602.48,0.0,43204.96,43204.96,24839.15,Net Banking,Delivered,18365.81,0.4251,2025-03,2025,Q1,1,0,0
ORD001199,2025-04-20,CUST00262,Electronics,Bluetooth Speaker,South,Hyderabad,Marketplace,2,15424.61,0.2,30849.22,24679.37,13945.14,Net Banking,Delivered,10734.23,0.4349,2025-04,2025,Q2,1,0,0
ORD001200,2025-01-11,CUST01050,Home & Kitchen,Air Fryer,West,Ahmedabad,Mobile App,1,9064.66,0.1,9064.66,8158.2,4363.74,Cash on Delivery,Delivered,3794.46,0.4651,2025-01,2025,Q1,1,0,0
ORD001201,2024-11-11,CUST00871,Beauty,Shampoo,West,Ahmedabad,Mobile App,1,2982.25,0.1,2982.25,2684.02,2023.51,UPI,Delivered,660.51,0.2461,2024-11,2024,Q4,1,0,0
ORD001202,2025-01-28,CUST00265,Fashion,T-Shirt,South,Chennai,Mobile App,4,5177.86,0.05,20711.43,19675.86,15652.73,Cash on Delivery,Delivered,4023.13,0.2045,2025-01,2025,Q1,1,0,0
ORD001203,2024-10-10,CUST00912,Sports,Dumbbells,Central,Nagpur,Website,5,4572.84,0.15,22864.19,19434.56,13211.09,Net Banking,Cancelled,6223.47,0.3202,2024-10,2024,Q4,0,0,1
ORD001204,2024-03-15,CUST01374,Home & Kitchen,Mixer Grinder,West,Mumbai,Mobile App,1,2087.72,0.25,2087.72,1565.79,1092.76,Cash on Delivery,Delivered,473.03,0.3021,2024-03,2024,Q1,1,0,0
ORD001205,2025-06-01,CUST01501,Beauty,Face Serum,North,Jaipur,Mobile App,5,1509.87,0.05,7549.37,7171.9,5061.71,UPI,Delivered,2110.19,0.2942,2025-06,2025,Q2,1,0,0
ORD001206,2025-03-01,CUST00164,Fashion,Backpack,North,Delhi,Website,3,4776.43,0.1,14329.28,12896.35,10660.01,Cash on Delivery,Delivered,2236.34,0.1734,2025-03,2025,Q1,1,0,0
ORD001207,2025-03-29,CUST01201,Home & Kitchen,Storage Box,West,Ahmedabad,Website,2,7002.87,0.0,14005.74,14005.74,7878.82,Cash on Delivery,Delivered,6126.92,0.4375,2025-03,2025,Q1,1,0,0
ORD001208,2025-01-22,CUST00697,Fashion,Backpack,East,Bhubaneswar,Website,4,2460.9,0.25,9843.61,7382.71,5051.13,Debit Card,Delivered,2331.58,0.3158,2025-01,2025,Q1,1,0,0
ORD001209,2024-09-12,CUST01419,Fashion,Sunglasses,North,Jaipur,Marketplace,1,3941.28,0.1,3941.28,3547.16,2962.34,Credit Card,Returned,584.82,0.1649,2024-09,2024,Q3,0,1,0
ORD001210,2024-01-19,CUST01576,Electronics,Smartwatch,Central,Nagpur,Website,1,5182.21,0.1,5182.21,4663.99,2512.98,Cash on Delivery,Delivered,2151.01,0.4612,2024-01,2024,Q1,1,0,0
ORD001211,2024-12-03,CUST00063,Home & Kitchen,Coffee Maker,West,Pune,Website,4,1611.4,0.0,6445.61,6445.61,3366.95,UPI,Delivered,3078.66,0.4776,2024-12,2024,Q4,1,0,0
ORD001212,2024-03-06,CUST00864,Electronics,Wireless Headphones,West,Ahmedabad,Website,4,20104.25,0.05,80416.99,76396.14,51501.55,UPI,Delivered,24894.59,0.3259,2024-03,2024,Q1,1,0,0
ORD001213,2024-11-14,CUST00792,Home & Kitchen,Water Bottle,North,Jaipur,Mobile App,4,3531.61,0.0,14126.42,14126.42,8994.03,Credit Card,Delivered,5132.39,0.3633,2024-11,2024,Q4,1,0,0
ORD001214,2024-12-22,CUST00131,Home & Kitchen,Coffee Maker,West,Mumbai,Website,3,4736.81,0.05,14210.43,13499.91,11262.84,Cash on Delivery,Pending,2237.07,0.1657,2024-12,2024,Q4,0,0,0
ORD001215,2024-08-09,CUST01184,Beauty,Face Serum,Central,Indore,Marketplace,2,1559.08,0.1,3118.15,2806.34,1600.05,Debit Card,Delivered,1206.29,0.4298,2024-08,2024,Q3,1,0,0
ORD001216,2024-08-04,CUST01430,Fashion,T-Shirt,West,Ahmedabad,Marketplace,3,1652.7,0.1,4958.09,4462.28,3626.08,Net Banking,Delivered,836.2,0.1874,2024-08,2024,Q3,1,0,0
ORD001217,2024-07-27,CUST00785,Home & Kitchen,Storage Box,West,Mumbai,Website,3,6468.47,0.0,19405.41,19405.41,11405.44,Cash on Delivery,Delivered,7999.97,0.4123,2024-07,2024,Q3,1,0,0
ORD001218,2025-03-07,CUST00997,Electronics,Power Bank,North,Chandigarh,Website,1,21791.38,0.05,21791.38,20701.81,15111.53,Cash on Delivery,Pending,5590.28,0.27,2025-03,2025,Q1,0,0,0
ORD001219,2024-10-28,CUST00318,Home & Kitchen,Water Bottle,South,Chennai,Mobile App,4,2245.83,0.2,8983.33,7186.66,4208.09,Credit Card,Delivered,2978.57,0.4145,2024-10,2024,Q4,1,0,0
ORD001220,2024-11-19,CUST00690,Electronics,Smartwatch,East,Kolkata,Marketplace,4,10447.09,0.0,41788.37,41788.37,23130.44,UPI,Delivered,18657.93,0.4465,2024-11,2024,Q4,1,0,0
ORD001221,2024-06-29,CUST01306,Home & Kitchen,Air Fryer,West,Pune,Mobile App,5,3562.32,0.2,17811.58,14249.26,10616.62,Credit Card,Delivered,3632.64,0.2549,2024-06,2024,Q2,1,0,0
ORD001222,2025-01-23,CUST01596,Fashion,Backpack,West,Ahmedabad,Mobile App,1,1616.76,0.15,1616.76,1374.24,837.24,Net Banking,Delivered,537.0,0.3908,2025-01,2025,Q1,1,0,0
ORD001223,2024-09-11,CUST00791,Sports,Cricket Bat,West,Ahmedabad,Website,3,1584.82,0.25,4754.47,3565.85,2967.06,Debit Card,Pending,598.79,0.1679,2024-09,2024,Q3,0,0,0
ORD001224,2025-05-21,CUST00869,Home & Kitchen,Mixer Grinder,North,Delhi,Mobile App,2,949.83,0.1,1899.65,1709.69,1190.56,Debit Card,Delivered,519.13,0.3036,2025-05,2025,Q2,1,0,0
ORD001225,2024-10-08,CUST00769,Electronics,Bluetooth Speaker,East,Bhubaneswar,Marketplace,3,2869.25,0.05,8607.75,8177.37,4255.82,UPI,Returned,3921.55,0.4796,2024-10,2024,Q4,0,1,0
ORD001226,2025-06-21,CUST00024,Sports,Yoga Mat,West,Ahmedabad,Mobile App,1,3476.12,0.1,3476.12,3128.51,1680.83,Credit Card,Returned,1447.68,0.4627,2025-06,2025,Q2,0,1,0
ORD001227,2025-02-24,CUST00203,Electronics,Bluetooth Speaker,South,Bengaluru,Website,5,11759.16,0.0,58795.79,58795.79,43049.86,UPI,Delivered,15745.93,0.2678,2025-02,2025,Q1,1,0,0
ORD001228,2024-02-11,CUST00928,Home & Kitchen,Coffee Maker,South,Bengaluru,Mobile App,3,7005.6,0.1,21016.8,18915.12,13602.55,Cash on Delivery,Cancelled,5312.57,0.2809,2024-02,2024,Q1,0,0,1
ORD001229,2024-12-03,CUST00457,Electronics,Laptop Stand,Central,Nagpur,Website,5,8659.43,0.15,43297.13,36802.56,22296.16,Debit Card,Delivered,14506.4,0.3942,2024-12,2024,Q4,1,0,0
ORD001230,2024-10-09,CUST01092,Electronics,Laptop Stand,North,Jaipur,Mobile App,4,4432.41,0.0,17729.64,17729.64,10206.73,Net Banking,Delivered,7522.91,0.4243,2024-10,2024,Q4,1,0,0
ORD001231,2025-05-29,CUST00384,Home & Kitchen,Mixer Grinder,South,Bengaluru,Mobile App,4,706.21,0.15,2824.83,2401.11,1268.23,UPI,Delivered,1132.88,0.4718,2025-05,2025,Q2,1,0,0
ORD001232,2024-07-05,CUST00076,Electronics,Wireless Headphones,West,Pune,Website,2,10464.99,0.1,20929.99,18836.99,12712.9,Net Banking,Delivered,6124.09,0.3251,2024-07,2024,Q3,1,0,0
ORD001233,2024-11-16,CUST00219,Sports,Yoga Mat,West,Mumbai,Website,2,2740.68,0.1,5481.35,4933.22,3766.5,Net Banking,Cancelled,1166.72,0.2365,2024-11,2024,Q4,0,0,1
ORD001234,2025-05-21,CUST00377,Home & Kitchen,Air Fryer,North,Jaipur,Mobile App,3,5475.65,0.1,16426.94,14784.25,8198.72,Cash on Delivery,Delivered,6585.53,0.4454,2025-05,2025,Q2,1,0,0
ORD001235,2024-08-02,CUST00122,Home & Kitchen,Water Bottle,West,Pune,Mobile App,3,7906.88,0.1,23720.65,21348.58,12887.44,Debit Card,Delivered,8461.14,0.3963,2024-08,2024,Q3,1,0,0
ORD001236,2024-09-27,CUST00397,Home & Kitchen,Air Fryer,West,Ahmedabad,Mobile App,1,1548.02,0.05,1548.02,1470.62,1182.51,UPI,Delivered,288.11,0.1959,2024-09,2024,Q3,1,0,0
ORD001237,2024-03-31,CUST01111,Electronics,Power Bank,East,Patna,Marketplace,3,2601.5,0.1,7804.5,7024.05,4342.62,Cash on Delivery,Cancelled,2681.43,0.3817,2024-03,2024,Q1,0,0,1
ORD001238,2025-02-10,CUST01250,Fashion,T-Shirt,North,Delhi,Website,1,5283.52,0.15,5283.52,4490.99,3424.49,Cash on Delivery,Delivered,1066.5,0.2375,2025-02,2025,Q1,1,0,0
ORD001239,2025-01-27,CUST00166,Beauty,Lip Balm,Central,Nagpur,Website,5,1520.2,0.1,7601.01,6840.91,5391.16,Net Banking,Delivered,1449.75,0.2119,2025-01,2025,Q1,1,0,0
ORD001240,2024-10-10,CUST01163,Beauty,Lip Balm,Central,Nagpur,Website,3,1244.62,0.05,3733.86,3547.17,1983.83,Cash on Delivery,Delivered,1563.34,0.4407,2024-10,2024,Q4,1,0,0
ORD001241,2024-06-17,CUST00497,Sports,Resistance Bands,South,Hyderabad,Mobile App,2,1688.88,0.2,3377.76,2702.21,1650.62,Debit Card,Returned,1051.59,0.3892,2024-06,2024,Q2,0,1,0
ORD001242,2025-06-03,CUST01156,Beauty,Shampoo,East,Kolkata,Website,3,1829.08,0.05,5487.23,5212.87,3887.67,Net Banking,Pending,1325.2,0.2542,2025-06,2025,Q2,0,0,0
ORD001243,2024-03-19,CUST01304,Electronics,Bluetooth Speaker,West,Pune,Mobile App,2,9694.5,0.25,19389.0,14541.75,11488.09,Net Banking,Cancelled,3053.66,0.21,2024-03,2024,Q1,0,0,1
ORD001244,2024-08-09,CUST01023,Home & Kitchen,Storage Box,North,Jaipur,Mobile App,3,2617.18,0.05,7851.54,7458.96,5034.46,UPI,Delivered,2424.5,0.325,2024-08,2024,Q3,1,0,0
ORD001245,2024-06-25,CUST01031,Beauty,Shampoo,South,Chennai,Mobile App,5,1050.7,0.15,5253.48,4465.46,3125.28,UPI,Delivered,1340.18,0.3001,2024-06,2024,Q2,1,0,0
ORD001246,2024-02-14,CUST00224,Fashion,Sunglasses,South,Hyderabad,Website,4,1517.72,0.15,6070.88,5160.24,4225.61,Debit Card,Delivered,934.63,0.1811,2024-02,2024,Q1,1,0,0
ORD001247,2025-04-10,CUST01010,Beauty,Moisturizer,South,Chennai,Website,5,1876.83,0.0,9384.17,9384.17,6513.72,Net Banking,Delivered,2870.45,0.3059,2025-04,2025,Q2,1,0,0
ORD001248,2025-01-17,CUST01008,Fashion,Running Shoes,West,Mumbai,Website,5,1556.22,0.05,7781.11,7392.05,5455.58,Cash on Delivery,Cancelled,1936.47,0.262,2025-01,2025,Q1,0,0,1
ORD001249,2025-06-24,CUST00246,Sports,Resistance Bands,West,Pune,Mobile App,4,505.41,0.0,2021.63,2021.63,1664.36,UPI,Delivered,357.27,0.1767,2025-06,2025,Q2,1,0,0
ORD001250,2025-05-25,CUST00774,Beauty,Moisturizer,South,Chennai,Website,4,2072.69,0.0,8290.76,8290.76,6757.84,Cash on Delivery,Returned,1532.92,0.1849,2025-05,2025,Q2,0,1,0
ORD001251,2025-05-11,CUST00593,Beauty,Sunscreen,West,Mumbai,Mobile App,4,2496.6,0.1,9986.38,8987.74,4882.48,Credit Card,Pending,4105.26,0.4568,2025-05,2025,Q2,0,0,0
ORD001252,2024-11-13,CUST01147,Fashion,Sunglasses,West,Mumbai,Marketplace,4,2938.82,0.1,11755.3,10579.77,7014.98,Cash on Delivery,Delivered,3564.79,0.3369,2024-11,2024,Q4,1,0,0
ORD001253,2025-03-17,CUST01430,Sports,Dumbbells,Central,Bhopal,Mobile App,1,1999.41,0.2,1999.41,1599.53,872.77,Net Banking,Delivered,726.76,0.4544,2025-03,2025,Q1,1,0,0
ORD001254,2024-02-18,CUST00013,Electronics,Power Bank,South,Hyderabad,Mobile App,4,1231.17,0.1,4924.68,4432.21,2585.26,Cash on Delivery,Pending,1846.95,0.4167,2024-02,2024,Q1,0,0,0
ORD001255,2025-03-25,CUST00574,Fashion,Running Shoes,South,Bengaluru,Website,3,5061.16,0.0,15183.48,15183.48,10822.73,Net Banking,Pending,4360.75,0.2872,2025-03,2025,Q1,0,0,0
ORD001256,2024-06-05,CUST00806,Sports,Dumbbells,South,Bengaluru,Website,3,566.17,0.2,1698.52,1358.81,966.75,UPI,Delivered,392.06,0.2885,2024-06,2024,Q2,1,0,0
ORD001257,2025-05-06,CUST00279,Home & Kitchen,Water Bottle,North,Delhi,Marketplace,3,3039.84,0.1,9119.51,8207.56,5193.26,Debit Card,Delivered,3014.3,0.3673,2025-05,2025,Q2,1,0,0
ORD001258,2024-02-09,CUST01026,Fashion,Backpack,North,Chandigarh,Website,3,4704.18,0.1,14112.55,12701.3,7943.27,Cash on Delivery,Delivered,4758.03,0.3746,2024-02,2024,Q1,1,0,0
ORD001259,2025-04-01,CUST01235,Home & Kitchen,Water Bottle,West,Mumbai,Mobile App,1,2847.66,0.15,2847.66,2420.51,1873.81,Debit Card,Delivered,546.7,0.2259,2025-04,2025,Q2,1,0,0
ORD001260,2024-05-23,CUST01424,Fashion,Backpack,East,Bhubaneswar,Website,2,2121.84,0.2,4243.68,3394.95,1872.4,UPI,Delivered,1522.55,0.4485,2024-05,2024,Q2,1,0,0
ORD001261,2025-02-17,CUST01377,Electronics,Wireless Headphones,South,Bengaluru,Website,2,11495.91,0.0,22991.82,22991.82,15325.11,UPI,Delivered,7666.71,0.3335,2025-02,2025,Q1,1,0,0
ORD001262,2025-01-02,CUST01171,Home & Kitchen,Mixer Grinder,West,Mumbai,Website,4,2812.3,0.1,11249.19,10124.27,8422.01,Credit Card,Delivered,1702.26,0.1681,2025-01,2025,Q1,1,0,0
ORD001263,2024-06-25,CUST00655,Home & Kitchen,Air Fryer,North,Chandigarh,Website,4,1260.85,0.15,5043.41,4286.9,2555.68,Net Banking,Returned,1731.22,0.4038,2024-06,2024,Q2,0,1,0
ORD001264,2025-04-29,CUST01039,Fashion,T-Shirt,South,Bengaluru,Website,2,3296.06,0.0,6592.13,6592.13,5480.0,UPI,Returned,1112.13,0.1687,2025-04,2025,Q2,0,1,0
ORD001265,2024-04-28,CUST00485,Electronics,Laptop Stand,East,Patna,Website,4,12610.71,0.25,50442.86,37832.14,20616.31,UPI,Delivered,17215.83,0.4551,2024-04,2024,Q2,1,0,0
ORD001266,2024-07-31,CUST01518,Fashion,Backpack,West,Mumbai,Website,4,489.46,0.05,1957.83,1859.94,1137.11,Cash on Delivery,Delivered,722.83,0.3886,2024-07,2024,Q3,1,0,0
ORD001267,2025-01-30,CUST00710,Home & Kitchen,Storage Box,North,Delhi,Mobile App,1,3065.48,0.0,3065.48,3065.48,2074.79,Debit Card,Delivered,990.69,0.3232,2025-01,2025,Q1,1,0,0
ORD001268,2024-04-21,CUST00535,Electronics,Laptop Stand,West,Pune,Mobile App,2,11527.66,0.1,23055.31,20749.78,11067.36,Credit Card,Delivered,9682.42,0.4666,2024-04,2024,Q2,1,0,0
ORD001269,2024-08-11,CUST01429,Beauty,Sunscreen,North,Delhi,Mobile App,1,2895.86,0.1,2895.86,2606.27,1739.07,Net Banking,Delivered,867.2,0.3327,2024-08,2024,Q3,1,0,0
ORD001270,2025-05-27,CUST01501,Sports,Dumbbells,South,Chennai,Website,1,2649.28,0.2,2649.28,2119.43,1403.33,Debit Card,Delivered,716.1,0.3379,2025-05,2025,Q2,1,0,0
ORD001271,2024-11-24,CUST00278,Electronics,Wireless Headphones,South,Bengaluru,Website,4,11184.15,0.15,44736.58,38026.09,22569.76,Credit Card,Delivered,15456.33,0.4065,2024-11,2024,Q4,1,0,0
ORD001272,2025-04-26,CUST01297,Electronics,Bluetooth Speaker,South,Bengaluru,Marketplace,5,2204.09,0.05,11020.47,10469.45,8653.53,Credit Card,Cancelled,1815.92,0.1734,2025-04,2025,Q2,0,0,1
ORD001273,2024-11-04,CUST01545,Sports,Resistance Bands,West,Ahmedabad,Mobile App,5,1211.15,0.0,6055.77,6055.77,3811.8,Cash on Delivery,Delivered,2243.97,0.3706,2024-11,2024,Q4,1,0,0
ORD001274,2024-11-28,CUST00040,Fashion,Denim Jacket,South,Hyderabad,Website,2,2792.44,0.05,5584.89,5305.64,3039.13,Cash on Delivery,Delivered,2266.51,0.4272,2024-11,2024,Q4,1,0,0
ORD001275,2024-09-17,CUST01310,Fashion,Denim Jacket,North,Jaipur,Website,4,2618.04,0.25,10472.15,7854.11,5069.04,Net Banking,Delivered,2785.07,0.3546,2024-09,2024,Q3,1,0,0
ORD001276,2025-02-14,CUST00747,Fashion,T-Shirt,North,Delhi,Website,5,804.07,0.0,4020.36,4020.36,2571.4,Credit Card,Delivered,1448.96,0.3604,2025-02,2025,Q1,1,0,0
ORD001277,2024-06-19,CUST01324,Fashion,Running Shoes,West,Pune,Website,5,2684.01,0.05,13420.06,12749.06,9321.61,Net Banking,Delivered,3427.45,0.2688,2024-06,2024,Q2,1,0,0
ORD001278,2024-08-10,CUST00558,Sports,Yoga Mat,East,Patna,Marketplace,3,5540.62,0.05,16621.86,15790.77,12579.85,Cash on Delivery,Returned,3210.92,0.2033,2024-08,2024,Q3,0,1,0
ORD001279,2024-03-30,CUST01257,Electronics,Wireless Headphones,North,Jaipur,Website,2,10710.62,0.0,21421.24,21421.24,14269.21,Debit Card,Delivered,7152.03,0.3339,2024-03,2024,Q1,1,0,0
ORD001280,2024-02-13,CUST01499,Electronics,Bluetooth Speaker,South,Hyderabad,Website,5,9946.37,0.15,49731.84,42272.07,32601.0,Net Banking,Delivered,9671.07,0.2288,2024-02,2024,Q1,1,0,0
ORD001281,2024-12-18,CUST00428,Fashion,T-Shirt,Central,Bhopal,Marketplace,1,3917.35,0.05,3917.35,3721.49,2628.62,Debit Card,Delivered,1092.87,0.2937,2024-12,2024,Q4,1,0,0
ORD001282,2024-09-09,CUST01228,Electronics,Smartwatch,East,Kolkata,Marketplace,3,7642.16,0.1,22926.48,20633.83,12911.06,Credit Card,Delivered,7722.77,0.3743,2024-09,2024,Q3,1,0,0
ORD001283,2024-01-13,CUST00120,Electronics,Bluetooth Speaker,West,Ahmedabad,Website,3,12409.91,0.05,37229.73,35368.24,19994.48,Credit Card,Pending,15373.76,0.4347,2024-01,2024,Q1,0,0,0
ORD001284,2024-08-28,CUST01259,Beauty,Moisturizer,North,Delhi,Mobile App,2,1526.84,0.2,3053.69,2442.95,2049.24,Credit Card,Delivered,393.71,0.1612,2024-08,2024,Q3,1,0,0
ORD001285,2024-03-31,CUST01249,Fashion,Running Shoes,West,Ahmedabad,Website,3,2681.46,0.15,8044.39,6837.73,3803.74,UPI,Returned,3033.99,0.4437,2024-03,2024,Q1,0,1,0
ORD001286,2025-06-01,CUST00782,Fashion,Backpack,Central,Nagpur,Marketplace,4,1158.38,0.0,4633.52,4633.52,2807.32,UPI,Delivered,1826.2,0.3941,2025-06,2025,Q2,1,0,0
ORD001287,2024-09-26,CUST00495,Fashion,T-Shirt,South,Bengaluru,Website,1,3400.92,0.2,3400.92,2720.74,1898.82,Debit Card,Delivered,821.92,0.3021,2024-09,2024,Q3,1,0,0
ORD001288,2025-03-03,CUST01191,Electronics,Laptop Stand,West,Ahmedabad,Marketplace,2,19237.5,0.15,38475.01,32703.76,18328.75,Cash on Delivery,Returned,14375.01,0.4396,2025-03,2025,Q1,0,1,0
ORD001289,2025-01-24,CUST00705,Fashion,T-Shirt,South,Chennai,Marketplace,4,3392.08,0.2,13568.32,10854.65,6999.41,UPI,Returned,3855.24,0.3552,2025-01,2025,Q1,0,1,0
ORD001290,2024-07-18,CUST01043,Sports,Resistance Bands,East,Bhubaneswar,Website,2,5527.48,0.0,11054.96,11054.96,7794.41,UPI,Delivered,3260.55,0.2949,2024-07,2024,Q3,1,0,0
ORD001291,2025-04-01,CUST00831,Sports,Dumbbells,North,Chandigarh,Marketplace,4,1307.1,0.15,5228.38,4444.13,2475.76,Credit Card,Delivered,1968.37,0.4429,2025-04,2025,Q2,1,0,0
ORD001292,2024-10-09,CUST00201,Home & Kitchen,Water Bottle,North,Delhi,Mobile App,1,5909.56,0.05,5909.56,5614.09,3873.51,Debit Card,Delivered,1740.58,0.31,2024-10,2024,Q4,1,0,0
ORD001293,2024-12-16,CUST00414,Home & Kitchen,Mixer Grinder,Central,Nagpur,Website,3,8070.61,0.05,24211.83,23001.24,16175.46,UPI,Delivered,6825.78,0.2968,2024-12,2024,Q4,1,0,0
ORD001294,2025-05-06,CUST01274,Fashion,Backpack,South,Bengaluru,Marketplace,4,3158.69,0.15,12634.77,10739.56,6298.34,Debit Card,Delivered,4441.22,0.4135,2025-05,2025,Q2,1,0,0
ORD001295,2024-06-29,CUST00971,Sports,Cricket Bat,West,Pune,Marketplace,4,4358.46,0.0,17433.82,17433.82,9342.8,UPI,Pending,8091.02,0.4641,2024-06,2024,Q2,0,0,0
ORD001296,2024-07-09,CUST00333,Sports,Resistance Bands,East,Patna,Mobile App,3,5946.29,0.25,17838.86,13379.15,8592.95,Debit Card,Delivered,4786.2,0.3577,2024-07,2024,Q3,1,0,0
ORD001297,2024-12-16,CUST01313,Fashion,Running Shoes,South,Bengaluru,Website,1,3467.53,0.1,3467.53,3120.78,2318.55,Net Banking,Delivered,802.23,0.2571,2024-12,2024,Q4,1,0,0
ORD001298,2024-06-23,CUST01089,Sports,Dumbbells,West,Mumbai,Mobile App,3,3781.82,0.1,11345.46,10210.91,5424.87,Debit Card,Pending,4786.04,0.4687,2024-06,2024,Q2,0,0,0
ORD001299,2024-03-26,CUST00166,Electronics,Power Bank,West,Mumbai,Website,1,16992.12,0.05,16992.12,16142.52,9191.31,Debit Card,Delivered,6951.21,0.4306,2024-03,2024,Q1,1,0,0
ORD001300,2024-08-08,CUST00649,Electronics,Bluetooth Speaker,Central,Bhopal,Mobile App,5,8160.92,0.05,40804.6,38764.37,22912.76,Cash on Delivery,Returned,15851.61,0.4089,2024-08,2024,Q3,0,1,0
ORD001301,2025-04-25,CUST01290,Fashion,Sunglasses,West,Ahmedabad,Website,2,2463.0,0.15,4926.0,4187.1,2449.76,Debit Card,Delivered,1737.34,0.4149,2025-04,2025,Q2,1,0,0
ORD001302,2024-12-16,CUST01023,Fashion,Sunglasses,East,Bhubaneswar,Marketplace,3,4695.41,0.25,14086.23,10564.67,6723.74,Debit Card,Returned,3840.93,0.3636,2024-12,2024,Q4,0,1,0
ORD001303,2025-06-19,CUST01581,Home & Kitchen,Water Bottle,North,Jaipur,Mobile App,4,2570.04,0.05,10280.17,9766.16,6987.81,Cash on Delivery,Pending,2778.35,0.2845,2025-06,2025,Q2,0,0,0
ORD001304,2025-03-12,CUST01375,Home & Kitchen,Water Bottle,West,Pune,Marketplace,2,2525.68,0.15,5051.36,4293.66,3376.12,Credit Card,Delivered,917.54,0.2137,2025-03,2025,Q1,1,0,0
ORD001305,2024-08-28,CUST00272,Home & Kitchen,Storage Box,East,Bhubaneswar,Mobile App,3,8591.34,0.1,25774.03,23196.62,15398.56,UPI,Delivered,7798.06,0.3362,2024-08,2024,Q3,1,0,0
ORD001306,2024-11-16,CUST00020,Fashion,Denim Jacket,West,Mumbai,Website,4,2551.11,0.1,10204.43,9183.99,5975.82,Cash on Delivery,Delivered,3208.17,0.3493,2024-11,2024,Q4,1,0,0
ORD001307,2025-05-30,CUST01023,Home & Kitchen,Water Bottle,Central,Nagpur,Website,5,5925.43,0.05,29627.15,28145.8,22690.52,Credit Card,Delivered,5455.28,0.1938,2025-05,2025,Q2,1,0,0
ORD001308,2024-04-29,CUST00335,Electronics,Smartwatch,Central,Bhopal,Website,2,14508.66,0.15,29017.32,24664.72,13520.54,Debit Card,Delivered,11144.18,0.4518,2024-04,2024,Q2,1,0,0
ORD001309,2024-01-03,CUST01035,Beauty,Sunscreen,South,Bengaluru,Marketplace,3,1342.17,0.2,4026.51,3221.21,2308.61,Net Banking,Delivered,912.6,0.2833,2024-01,2024,Q1,1,0,0
ORD001310,2024-02-18,CUST00860,Fashion,Denim Jacket,West,Mumbai,Website,2,5150.55,0.1,10301.09,9270.98,6954.84,Debit Card,Delivered,2316.14,0.2498,2024-02,2024,Q1,1,0,0
ORD001311,2025-06-29,CUST01213,Home & Kitchen,Coffee Maker,North,Jaipur,Website,1,3104.42,0.15,3104.42,2638.75,1637.2,Cash on Delivery,Delivered,1001.55,0.3796,2025-06,2025,Q2,1,0,0
ORD001312,2025-01-20,CUST00571,Sports,Yoga Mat,West,Mumbai,Mobile App,3,613.62,0.2,1840.85,1472.68,1183.51,Debit Card,Cancelled,289.17,0.1964,2025-01,2025,Q1,0,0,1
ORD001313,2024-12-17,CUST00852,Beauty,Face Serum,South,Bengaluru,Website,4,2648.39,0.15,10593.55,9004.52,6316.14,Cash on Delivery,Cancelled,2688.38,0.2986,2024-12,2024,Q4,0,0,1
ORD001314,2024-05-01,CUST00649,Electronics,Smartwatch,West,Mumbai,Website,2,18623.27,0.05,37246.54,35384.22,20691.3,Credit Card,Delivered,14692.92,0.4152,2024-05,2024,Q2,1,0,0
ORD001315,2024-09-16,CUST00662,Electronics,Power Bank,Central,Nagpur,Website,4,1262.4,0.15,5049.59,4292.15,3592.79,UPI,Delivered,699.36,0.1629,2024-09,2024,Q3,1,0,0
ORD001316,2025-05-23,CUST00793,Electronics,Power Bank,South,Chennai,Website,3,15814.46,0.0,47443.39,47443.39,34706.29,Credit Card,Delivered,12737.1,0.2685,2025-05,2025,Q2,1,0,0
ORD001317,2024-08-27,CUST01197,Electronics,Wireless Headphones,South,Chennai,Mobile App,5,20121.09,0.1,100605.45,90544.9,66536.81,UPI,Delivered,24008.09,0.2652,2024-08,2024,Q3,1,0,0
ORD001318,2025-04-04,CUST01448,Home & Kitchen,Storage Box,East,Bhubaneswar,Website,4,7889.23,0.0,31556.92,31556.92,17551.31,Credit Card,Delivered,14005.61,0.4438,2025-04,2025,Q2,1,0,0
ORD001319,2025-05-22,CUST01148,Electronics,Laptop Stand,Central,Nagpur,Marketplace,1,6394.71,0.2,6394.71,5115.77,2946.62,Debit Card,Pending,2169.15,0.424,2025-05,2025,Q2,0,0,0
ORD001320,2025-04-04,CUST00041,Home & Kitchen,Storage Box,West,Ahmedabad,Marketplace,5,6778.04,0.15,33890.22,28806.69,20172.68,Credit Card,Delivered,8634.01,0.2997,2025-04,2025,Q2,1,0,0
ORD001321,2025-06-11,CUST01552,Electronics,Bluetooth Speaker,Central,Bhopal,Mobile App,2,8746.26,0.0,17492.52,17492.52,10665.04,Debit Card,Returned,6827.48,0.3903,2025-06,2025,Q2,0,1,0
ORD001322,2024-01-10,CUST00111,Sports,Football,North,Chandigarh,Marketplace,1,5652.5,0.05,5652.5,5369.87,3901.52,Net Banking,Delivered,1468.35,0.2734,2024-01,2024,Q1,1,0,0
ORD001323,2024-02-02,CUST01171,Electronics,Wireless Headphones,South,Bengaluru,Mobile App,4,6286.84,0.05,25147.34,23889.97,16300.01,Net Banking,Delivered,7589.96,0.3177,2024-02,2024,Q1,1,0,0
ORD001324,2025-01-30,CUST00230,Sports,Dumbbells,South,Chennai,Mobile App,3,1341.76,0.0,4025.27,4025.27,2990.0,Credit Card,Delivered,1035.27,0.2572,2025-01,2025,Q1,1,0,0
ORD001325,2025-01-05,CUST00033,Sports,Cricket Bat,West,Mumbai,Website,1,2184.71,0.1,2184.71,1966.24,1409.5,Net Banking,Delivered,556.74,0.2831,2025-01,2025,Q1,1,0,0
ORD001326,2024-05-14,CUST01183,Electronics,Bluetooth Speaker,Central,Nagpur,Marketplace,5,19523.05,0.0,97615.26,97615.26,77974.53,Cash on Delivery,Delivered,19640.73,0.2012,2024-05,2024,Q2,1,0,0
ORD001327,2024-06-30,CUST01274,Fashion,Running Shoes,North,Chandigarh,Mobile App,4,585.86,0.05,2343.45,2226.27,1285.26,UPI,Delivered,941.01,0.4227,2024-06,2024,Q2,1,0,0
ORD001328,2024-06-06,CUST01057,Electronics,Smartwatch,South,Hyderabad,Mobile App,3,19723.92,0.05,59171.77,56213.18,31787.53,Credit Card,Delivered,24425.65,0.4345,2024-06,2024,Q2,1,0,0
ORD001329,2024-04-06,CUST00032,Sports,Dumbbells,South,Chennai,Mobile App,3,6124.31,0.15,18372.93,15616.99,11700.37,Debit Card,Delivered,3916.62,0.2508,2024-04,2024,Q2,1,0,0
ORD001330,2024-10-23,CUST01140,Electronics,Wireless Headphones,East,Bhubaneswar,Mobile App,3,12598.99,0.1,37796.96,34017.27,28003.01,Debit Card,Delivered,6014.26,0.1768,2024-10,2024,Q4,1,0,0
ORD001331,2024-05-30,CUST00649,Sports,Cricket Bat,South,Chennai,Website,5,5693.3,0.15,28466.49,24196.51,13634.75,Debit Card,Cancelled,10561.76,0.4365,2024-05,2024,Q2,0,0,1
ORD001332,2024-09-28,CUST00952,Sports,Resistance Bands,West,Ahmedabad,Mobile App,2,1751.34,0.2,3502.68,2802.15,2310.1,Net Banking,Delivered,492.05,0.1756,2024-09,2024,Q3,1,0,0
ORD001333,2025-06-15,CUST01565,Electronics,Smartwatch,South,Hyderabad,Website,2,14272.5,0.1,28544.99,25690.49,18238.09,Credit Card,Delivered,7452.4,0.2901,2025-06,2025,Q2,1,0,0
ORD001334,2024-09-09,CUST01004,Beauty,Shampoo,South,Bengaluru,Website,5,1757.31,0.0,8786.54,8786.54,6582.19,Credit Card,Pending,2204.35,0.2509,2024-09,2024,Q3,0,0,0
ORD001335,2024-10-22,CUST01199,Electronics,Laptop Stand,South,Chennai,Marketplace,2,7243.39,0.15,14486.78,12313.76,9666.28,Cash on Delivery,Delivered,2647.48,0.215,2024-10,2024,Q4,1,0,0
ORD001336,2024-12-04,CUST00001,Electronics,Wireless Headphones,West,Mumbai,Mobile App,2,21147.68,0.0,42295.37,42295.37,27808.74,Cash on Delivery,Delivered,14486.63,0.3425,2024-12,2024,Q4,1,0,0
ORD001337,2024-09-29,CUST00597,Fashion,T-Shirt,North,Delhi,Mobile App,5,2208.51,0.0,11042.53,11042.53,5755.97,Credit Card,Delivered,5286.56,0.4787,2024-09,2024,Q3,1,0,0
ORD001338,2024-08-22,CUST00343,Beauty,Face Serum,East,Patna,Mobile App,4,2367.91,0.05,9471.64,8998.05,5021.06,Net Banking,Delivered,3976.99,0.442,2024-08,2024,Q3,1,0,0
ORD001339,2025-04-30,CUST00709,Electronics,Wireless Headphones,West,Mumbai,Marketplace,1,15774.54,0.15,15774.54,13408.36,7795.88,Cash on Delivery,Delivered,5612.48,0.4186,2025-04,2025,Q2,1,0,0
ORD001340,2024-09-10,CUST01144,Electronics,Power Bank,North,Jaipur,Website,3,15716.02,0.1,47148.07,42433.26,29040.24,Credit Card,Delivered,13393.02,0.3156,2024-09,2024,Q3,1,0,0
ORD001341,2025-05-08,CUST01014,Beauty,Lip Balm,West,Pune,Mobile App,4,950.71,0.1,3802.86,3422.57,2449.69,Net Banking,Pending,972.88,0.2843,2025-05,2025,Q2,0,0,0
ORD001342,2024-03-11,CUST00265,Home & Kitchen,Air Fryer,North,Jaipur,Mobile App,3,6439.01,0.2,19317.03,15453.63,11321.14,Credit Card,Delivered,4132.49,0.2674,2024-03,2024,Q1,1,0,0
ORD001343,2024-07-21,CUST01017,Sports,Resistance Bands,East,Bhubaneswar,Mobile App,5,3373.73,0.05,16868.65,16025.22,9078.22,Net Banking,Returned,6947.0,0.4335,2024-07,2024,Q3,0,1,0
ORD001344,2024-06-26,CUST01213,Electronics,Bluetooth Speaker,Central,Bhopal,Website,3,9893.0,0.0,29679.0,29679.0,18722.88,Cash on Delivery,Delivered,10956.12,0.3692,2024-06,2024,Q2,1,0,0
ORD001345,2024-11-27,CUST00201,Beauty,Lip Balm,North,Delhi,Website,1,2499.81,0.1,2499.81,2249.83,1472.77,Credit Card,Delivered,777.06,0.3454,2024-11,2024,Q4,1,0,0
ORD001346,2024-07-04,CUST00343,Fashion,T-Shirt,North,Chandigarh,Website,2,2089.98,0.1,4179.96,3761.96,2418.25,UPI,Delivered,1343.71,0.3572,2024-07,2024,Q3,1,0,0
ORD001347,2025-05-05,CUST00080,Fashion,Sunglasses,East,Patna,Mobile App,4,1287.56,0.0,5150.24,5150.24,3770.02,UPI,Delivered,1380.22,0.268,2025-05,2025,Q2,1,0,0
ORD001348,2024-04-02,CUST01001,Home & Kitchen,Storage Box,East,Bhubaneswar,Marketplace,3,8873.74,0.1,26621.22,23959.1,14670.38,Credit Card,Delivered,9288.72,0.3877,2024-04,2024,Q2,1,0,0
ORD001349,2025-04-29,CUST01161,Sports,Yoga Mat,Central,Indore,Marketplace,1,3659.86,0.05,3659.86,3476.86,2488.31,Credit Card,Delivered,988.55,0.2843,2025-04,2025,Q2,1,0,0
ORD001350,2024-04-05,CUST01178,Sports,Cricket Bat,North,Delhi,Marketplace,2,723.44,0.0,1446.89,1446.89,1153.39,Cash on Delivery,Delivered,293.5,0.2028,2024-04,2024,Q2,1,0,0
ORD001351,2024-04-21,CUST00749,Fashion,Running Shoes,East,Kolkata,Mobile App,2,801.04,0.1,1602.08,1441.87,878.79,UPI,Delivered,563.08,0.3905,2024-04,2024,Q2,1,0,0
ORD001352,2024-02-23,CUST00188,Electronics,Bluetooth Speaker,East,Bhubaneswar,Website,2,4788.39,0.25,9576.78,7182.59,4986.06,Cash on Delivery,Delivered,2196.53,0.3058,2024-02,2024,Q1,1,0,0
ORD001353,2024-11-02,CUST00487,Electronics,Bluetooth Speaker,West,Mumbai,Mobile App,4,8692.86,0.0,34771.42,34771.42,24789.01,Debit Card,Delivered,9982.41,0.2871,2024-11,2024,Q4,1,0,0
ORD001354,2024-08-19,CUST00565,Sports,Yoga Mat,West,Ahmedabad,Website,3,813.3,0.05,2439.91,2317.92,1881.27,Credit Card,Delivered,436.65,0.1884,2024-08,2024,Q3,1,0,0
ORD001355,2024-07-17,CUST00890,Beauty,Face Serum,Central,Bhopal,Marketplace,1,475.17,0.1,475.17,427.65,268.93,Cash on Delivery,Delivered,158.72,0.3711,2024-07,2024,Q3,1,0,0
ORD001356,2025-05-09,CUST00846,Sports,Cricket Bat,West,Mumbai,Website,4,4883.06,0.15,19532.23,16602.39,11039.77,Cash on Delivery,Delivered,5562.62,0.335,2025-05,2025,Q2,1,0,0
ORD001357,2024-05-01,CUST01154,Electronics,Laptop Stand,East,Kolkata,Website,3,13441.82,0.15,40325.47,34276.65,21111.01,UPI,Pending,13165.64,0.3841,2024-05,2024,Q2,0,0,0
ORD001358,2025-05-26,CUST00988,Fashion,T-Shirt,West,Pune,Mobile App,4,5157.58,0.0,20630.33,20630.33,15248.08,Net Banking,Delivered,5382.25,0.2609,2025-05,2025,Q2,1,0,0
ORD001359,2024-03-14,CUST01106,Home & Kitchen,Coffee Maker,Central,Nagpur,Mobile App,2,7743.01,0.05,15486.02,14711.72,10499.76,UPI,Returned,4211.96,0.2863,2024-03,2024,Q1,0,1,0
ORD001360,2024-11-10,CUST00479,Home & Kitchen,Coffee Maker,North,Jaipur,Mobile App,4,3051.82,0.25,12207.28,9155.46,5053.45,UPI,Pending,4102.01,0.448,2024-11,2024,Q4,0,0,0
ORD001361,2024-12-11,CUST00536,Fashion,T-Shirt,South,Bengaluru,Marketplace,1,3038.68,0.1,3038.68,2734.81,2196.87,Debit Card,Delivered,537.94,0.1967,2024-12,2024,Q4,1,0,0
ORD001362,2024-03-21,CUST00086,Beauty,Sunscreen,North,Chandigarh,Marketplace,5,763.75,0.15,3818.77,3245.95,1992.44,UPI,Delivered,1253.51,0.3862,2024-03,2024,Q1,1,0,0
ORD001363,2024-06-14,CUST00843,Electronics,Wireless Headphones,North,Jaipur,Mobile App,2,12432.79,0.15,24865.57,21135.74,13198.38,Net Banking,Delivered,7937.36,0.3755,2024-06,2024,Q2,1,0,0
ORD001364,2025-03-12,CUST01013,Fashion,Backpack,South,Chennai,Website,3,3472.72,0.05,10418.15,9897.24,6135.44,Debit Card,Delivered,3761.8,0.3801,2025-03,2025,Q1,1,0,0
ORD001365,2024-10-19,CUST00983,Beauty,Face Serum,North,Delhi,Website,1,806.47,0.15,806.47,685.5,515.78,Net Banking,Delivered,169.72,0.2476,2024-10,2024,Q4,1,0,0
ORD001366,2025-04-19,CUST00312,Sports,Football,South,Chennai,Marketplace,3,6133.78,0.0,18401.35,18401.35,13313.57,Debit Card,Delivered,5087.78,0.2765,2025-04,2025,Q2,1,0,0
ORD001367,2024-11-24,CUST00659,Fashion,Sunglasses,South,Bengaluru,Website,3,4757.61,0.1,14272.84,12845.56,9884.98,Cash on Delivery,Delivered,2960.58,0.2305,2024-11,2024,Q4,1,0,0
ORD001368,2024-08-10,CUST00457,Beauty,Lip Balm,North,Jaipur,Website,1,2506.79,0.05,2506.79,2381.45,1962.76,Debit Card,Delivered,418.69,0.1758,2024-08,2024,Q3,1,0,0
ORD001369,2024-06-15,CUST01097,Beauty,Face Serum,Central,Nagpur,Website,1,2197.27,0.2,2197.27,1757.82,1266.49,Credit Card,Delivered,491.33,0.2795,2024-06,2024,Q2,1,0,0
ORD001370,2025-05-10,CUST00439,Fashion,Sunglasses,South,Hyderabad,Mobile App,1,3303.01,0.1,3303.01,2972.71,2180.36,Net Banking,Pending,792.35,0.2665,2025-05,2025,Q2,0,0,0
ORD001371,2024-08-17,CUST01204,Beauty,Lip Balm,Central,Nagpur,Website,2,2149.15,0.05,4298.3,4083.38,2786.28,Debit Card,Delivered,1297.1,0.3177,2024-08,2024,Q3,1,0,0
ORD001372,2024-08-21,CUST00409,Electronics,Smartwatch,West,Ahmedabad,Website,2,20395.39,0.15,40790.79,34672.17,22601.3,Cash on Delivery,Delivered,12070.87,0.3481,2024-08,2024,Q3,1,0,0
ORD001373,2025-04-20,CUST01410,Home & Kitchen,Mixer Grinder,Central,Indore,Website,4,7072.06,0.1,28288.22,25459.4,16028.94,Cash on Delivery,Cancelled,9430.46,0.3704,2025-04,2025,Q2,0,0,1
ORD001374,2024-03-23,CUST00475,Electronics,Bluetooth Speaker,East,Bhubaneswar,Website,2,7077.94,0.2,14155.88,11324.7,9476.95,Cash on Delivery,Delivered,1847.75,0.1632,2024-03,2024,Q1,1,0,0
ORD001375,2024-04-21,CUST00721,Beauty,Shampoo,West,Mumbai,Mobile App,4,1042.67,0.25,4170.7,3128.02,1656.9,Debit Card,Delivered,1471.12,0.4703,2024-04,2024,Q2,1,0,0
ORD001376,2024-05-06,CUST00963,Sports,Yoga Mat,Central,Bhopal,Website,5,5218.41,0.05,26092.05,24787.45,17279.88,Cash on Delivery,Delivered,7507.57,0.3029,2024-05,2024,Q2,1,0,0
ORD001377,2024-09-09,CUST00610,Fashion,Denim Jacket,North,Chandigarh,Website,4,1155.87,0.2,4623.47,3698.78,2388.0,Cash on Delivery,Delivered,1310.78,0.3544,2024-09,2024,Q3,1,0,0
ORD001378,2024-08-09,CUST00763,Fashion,Sunglasses,North,Delhi,Marketplace,2,4889.22,0.2,9778.44,7822.75,6121.82,UPI,Delivered,1700.93,0.2174,2024-08,2024,Q3,1,0,0
ORD001379,2025-04-04,CUST01072,Fashion,Running Shoes,North,Chandigarh,Website,5,1973.58,0.25,9867.9,7400.92,6119.1,Credit Card,Delivered,1281.82,0.1732,2025-04,2025,Q2,1,0,0
ORD001380,2025-06-29,CUST00391,Electronics,Wireless Headphones,South,Bengaluru,Website,3,4177.67,0.15,12533.02,10653.07,8728.15,Cash on Delivery,Delivered,1924.92,0.1807,2025-06,2025,Q2,1,0,0
ORD001381,2024-06-17,CUST01085,Beauty,Lip Balm,West,Mumbai,Mobile App,5,1392.0,0.1,6959.98,6263.98,4323.61,Cash on Delivery,Delivered,1940.37,0.3098,2024-06,2024,Q2,1,0,0
ORD001382,2025-01-30,CUST00784,Electronics,Wireless Headphones,East,Bhubaneswar,Marketplace,2,17992.11,0.05,35984.22,34185.01,24276.45,Cash on Delivery,Pending,9908.56,0.2899,2025-01,2025,Q1,0,0,0
ORD001383,2024-12-27,CUST01156,Electronics,Power Bank,North,Delhi,Website,5,17373.04,0.1,86865.18,78178.66,47579.93,Debit Card,Delivered,30598.73,0.3914,2024-12,2024,Q4,1,0,0
ORD001384,2024-04-13,CUST01527,Beauty,Moisturizer,East,Patna,Mobile App,2,1062.38,0.2,2124.76,1699.81,1099.94,Debit Card,Delivered,599.87,0.3529,2024-04,2024,Q2,1,0,0
ORD001385,2024-06-07,CUST00877,Fashion,Backpack,East,Patna,Mobile App,1,2089.69,0.05,2089.69,1985.2,1494.07,Credit Card,Delivered,491.13,0.2474,2024-06,2024,Q2,1,0,0
ORD001386,2025-06-08,CUST01238,Home & Kitchen,Coffee Maker,North,Chandigarh,Website,5,7081.58,0.05,35407.89,33637.49,23405.31,Cash on Delivery,Delivered,10232.18,0.3042,2025-06,2025,Q2,1,0,0
ORD001387,2024-08-26,CUST01072,Fashion,Running Shoes,Central,Bhopal,Marketplace,5,1880.28,0.0,9401.4,9401.4,6818.84,Debit Card,Cancelled,2582.56,0.2747,2024-08,2024,Q3,0,0,1
ORD001388,2025-02-08,CUST01313,Electronics,Wireless Headphones,North,Delhi,Marketplace,1,21100.04,0.05,21100.04,20045.04,15259.59,Credit Card,Pending,4785.45,0.2387,2025-02,2025,Q1,0,0,0
ORD001389,2024-10-22,CUST00639,Beauty,Face Serum,North,Delhi,Mobile App,2,2985.94,0.15,5971.88,5076.1,4056.36,Credit Card,Delivered,1019.74,0.2009,2024-10,2024,Q4,1,0,0
ORD001390,2024-12-20,CUST00238,Electronics,Wireless Headphones,South,Bengaluru,Marketplace,3,7961.7,0.05,23885.09,22690.84,11838.27,Net Banking,Delivered,10852.57,0.4783,2024-12,2024,Q4,1,0,0
ORD001391,2024-07-05,CUST01526,Home & Kitchen,Water Bottle,West,Ahmedabad,Marketplace,1,1175.52,0.1,1175.52,1057.97,886.54,Credit Card,Delivered,171.43,0.162,2024-07,2024,Q3,1,0,0
ORD001392,2024-11-10,CUST01182,Sports,Resistance Bands,Central,Indore,Marketplace,2,642.65,0.2,1285.3,1028.24,687.0,Net Banking,Delivered,341.24,0.3319,2024-11,2024,Q4,1,0,0
ORD001393,2025-04-16,CUST01482,Beauty,Sunscreen,North,Chandigarh,Marketplace,5,1560.65,0.0,7803.26,7803.26,5062.42,Debit Card,Delivered,2740.84,0.3512,2025-04,2025,Q2,1,0,0
ORD001394,2024-07-18,CUST00646,Fashion,Sunglasses,Central,Indore,Mobile App,1,3263.2,0.1,3263.2,2936.88,1649.15,UPI,Returned,1287.73,0.4385,2024-07,2024,Q3,0,1,0
ORD001395,2024-10-04,CUST00999,Beauty,Shampoo,Central,Bhopal,Website,2,2098.75,0.25,4197.5,3148.13,2160.72,Net Banking,Delivered,987.41,0.3136,2024-10,2024,Q4,1,0,0
ORD001396,2025-04-27,CUST01117,Home & Kitchen,Water Bottle,South,Chennai,Website,2,3880.44,0.05,7760.87,7372.83,5073.5,UPI,Delivered,2299.33,0.3119,2025-04,2025,Q2,1,0,0
ORD001397,2024-04-02,CUST00258,Fashion,T-Shirt,North,Chandigarh,Mobile App,2,3770.73,0.05,7541.45,7164.38,4725.94,Net Banking,Delivered,2438.44,0.3404,2024-04,2024,Q2,1,0,0
ORD001398,2025-05-24,CUST01535,Sports,Dumbbells,West,Mumbai,Mobile App,3,5388.6,0.05,16165.79,15357.5,10197.27,Cash on Delivery,Delivered,5160.23,0.336,2025-05,2025,Q2,1,0,0
ORD001399,2024-01-27,CUST01023,Electronics,Smartwatch,North,Chandigarh,Mobile App,4,16176.3,0.1,64705.22,58234.7,37314.31,Cash on Delivery,Delivered,20920.39,0.3592,2024-01,2024,Q1,1,0,0
ORD001400,2024-09-13,CUST00391,Fashion,Sunglasses,West,Ahmedabad,Marketplace,3,1846.44,0.0,5539.31,5539.31,3029.39,Debit Card,Delivered,2509.92,0.4531,2024-09,2024,Q3,1,0,0
ORD001401,2025-03-20,CUST00667,Electronics,Laptop Stand,South,Hyderabad,Marketplace,3,12560.34,0.05,37681.03,35796.98,25654.54,Debit Card,Delivered,10142.44,0.2833,2025-03,2025,Q1,1,0,0
ORD001402,2025-01-30,CUST01074,Sports,Resistance Bands,Central,Indore,Mobile App,2,3677.88,0.15,7355.77,6252.4,3869.07,Cash on Delivery,Delivered,2383.33,0.3812,2025-01,2025,Q1,1,0,0
ORD001403,2024-10-02,CUST01059,Fashion,Denim Jacket,South,Bengaluru,Website,1,335.85,0.15,335.85,285.47,170.27,Net Banking,Delivered,115.2,0.4035,2024-10,2024,Q4,1,0,0
ORD001404,2024-10-24,CUST00149,Fashion,Backpack,North,Jaipur,Mobile App,3,659.87,0.0,1979.62,1979.62,1317.5,Net Banking,Delivered,662.12,0.3345,2024-10,2024,Q4,1,0,0
ORD001405,2024-12-13,CUST00854,Beauty,Moisturizer,North,Delhi,Website,3,1269.45,0.05,3808.35,3617.93,2293.25,Net Banking,Delivered,1324.68,0.3661,2024-12,2024,Q4,1,0,0
ORD001406,2024-01-19,CUST00004,Home & Kitchen,Water Bottle,South,Chennai,Mobile App,2,8150.13,0.25,16300.26,12225.19,8067.72,Credit Card,Pending,4157.47,0.3401,2024-01,2024,Q1,0,0,0
ORD001407,2024-04-28,CUST01411,Fashion,Running Shoes,East,Kolkata,Marketplace,4,3438.05,0.0,13752.19,13752.19,11280.06,UPI,Delivered,2472.13,0.1798,2024-04,2024,Q2,1,0,0
ORD001408,2024-02-01,CUST01583,Beauty,Face Serum,North,Delhi,Marketplace,2,1559.92,0.1,3119.83,2807.85,2325.55,Credit Card,Delivered,482.3,0.1718,2024-02,2024,Q1,1,0,0
ORD001409,2024-12-22,CUST00816,Sports,Resistance Bands,East,Bhubaneswar,Marketplace,1,5119.54,0.0,5119.54,5119.54,3063.62,Debit Card,Delivered,2055.92,0.4016,2024-12,2024,Q4,1,0,0
ORD001410,2024-10-30,CUST00421,Sports,Yoga Mat,South,Chennai,Marketplace,5,2374.0,0.2,11870.02,9496.02,7799.88,Credit Card,Delivered,1696.14,0.1786,2024-10,2024,Q4,1,0,0
ORD001411,2025-03-06,CUST01292,Electronics,Bluetooth Speaker,Central,Bhopal,Website,5,16194.57,0.0,80972.87,80972.87,43056.3,Net Banking,Delivered,37916.57,0.4683,2025-03,2025,Q1,1,0,0
ORD001412,2024-12-09,CUST01030,Home & Kitchen,Water Bottle,North,Jaipur,Marketplace,2,9454.02,0.25,18908.04,14181.03,11284.12,Credit Card,Returned,2896.91,0.2043,2024-12,2024,Q4,0,1,0
ORD001413,2025-03-05,CUST01388,Electronics,Bluetooth Speaker,West,Ahmedabad,Website,1,15861.5,0.0,15861.5,15861.5,11441.49,UPI,Delivered,4420.01,0.2787,2025-03,2025,Q1,1,0,0
ORD001414,2025-04-09,CUST01429,Electronics,Wireless Headphones,South,Chennai,Website,1,21062.62,0.1,21062.62,18956.35,13954.63,Credit Card,Delivered,5001.72,0.2639,2025-04,2025,Q2,1,0,0
ORD001415,2024-05-28,CUST00973,Home & Kitchen,Storage Box,Central,Bhopal,Mobile App,3,7352.01,0.1,22056.04,19850.44,12715.75,Debit Card,Returned,7134.69,0.3594,2024-05,2024,Q2,0,1,0
ORD001416,2024-03-22,CUST00121,Beauty,Shampoo,South,Hyderabad,Mobile App,4,1373.74,0.2,5494.96,4395.97,3592.54,UPI,Delivered,803.43,0.1828,2024-03,2024,Q1,1,0,0
ORD001417,2024-01-25,CUST00449,Home & Kitchen,Mixer Grinder,South,Bengaluru,Mobile App,1,660.21,0.2,660.21,528.17,306.9,Credit Card,Delivered,221.27,0.4189,2024-01,2024,Q1,1,0,0
ORD001418,2025-01-31,CUST01185,Fashion,Denim Jacket,North,Delhi,Marketplace,3,964.43,0.1,2893.29,2603.96,1608.03,Cash on Delivery,Delivered,995.93,0.3825,2025-01,2025,Q1,1,0,0
ORD001419,2024-08-19,CUST00159,Beauty,Face Serum,East,Bhubaneswar,Website,5,743.5,0.0,3717.48,3717.48,2976.61,Credit Card,Returned,740.87,0.1993,2024-08,2024,Q3,0,1,0
ORD001420,2025-01-04,CUST01517,Home & Kitchen,Water Bottle,North,Chandigarh,Website,1,567.59,0.1,567.59,510.83,423.81,Debit Card,Delivered,87.02,0.1704,2025-01,2025,Q1,1,0,0
ORD001421,2024-08-25,CUST00797,Home & Kitchen,Water Bottle,North,Delhi,Website,4,3737.84,0.1,14951.38,13456.24,10833.18,Net Banking,Delivered,2623.06,0.1949,2024-08,2024,Q3,1,0,0
ORD001422,2024-07-29,CUST00161,Sports,Cricket Bat,North,Chandigarh,Marketplace,2,2043.32,0.15,4086.63,3473.64,1913.89,Cash on Delivery,Delivered,1559.75,0.449,2024-07,2024,Q3,1,0,0
ORD001423,2024-04-12,CUST01390,Electronics,Power Bank,North,Chandigarh,Mobile App,2,5667.91,0.2,11335.83,9068.66,4976.34,Cash on Delivery,Delivered,4092.32,0.4513,2024-04,2024,Q2,1,0,0
ORD001424,2024-04-09,CUST00460,Home & Kitchen,Water Bottle,West,Mumbai,Mobile App,5,2864.12,0.1,14320.59,12888.53,8128.73,Credit Card,Delivered,4759.8,0.3693,2024-04,2024,Q2,1,0,0
ORD001425,2024-06-24,CUST00409,Home & Kitchen,Coffee Maker,North,Chandigarh,Marketplace,2,8648.06,0.0,17296.12,17296.12,10907.78,Net Banking,Delivered,6388.34,0.3694,2024-06,2024,Q2,1,0,0
ORD001426,2024-07-11,CUST00843,Electronics,Bluetooth Speaker,East,Kolkata,Mobile App,2,5024.15,0.0,10048.3,10048.3,5329.62,Credit Card,Delivered,4718.68,0.4696,2024-07,2024,Q3,1,0,0
ORD001427,2024-06-30,CUST01123,Electronics,Smartwatch,North,Chandigarh,Mobile App,5,18401.71,0.1,92008.55,82807.69,64059.63,Credit Card,Delivered,18748.06,0.2264,2024-06,2024,Q2,1,0,0
ORD001428,2024-09-04,CUST01401,Fashion,Denim Jacket,North,Delhi,Marketplace,3,2227.25,0.1,6681.76,6013.58,3758.67,Net Banking,Returned,2254.91,0.375,2024-09,2024,Q3,0,1,0
ORD001429,2025-05-16,CUST00523,Fashion,Sunglasses,West,Ahmedabad,Website,3,1627.78,0.25,4883.33,3662.5,2049.86,Net Banking,Delivered,1612.64,0.4403,2025-05,2025,Q2,1,0,0
ORD001430,2025-01-29,CUST00317,Electronics,Wireless Headphones,Central,Indore,Website,1,3949.82,0.2,3949.82,3159.86,1913.86,UPI,Delivered,1246.0,0.3943,2025-01,2025,Q1,1,0,0
ORD001431,2024-10-09,CUST00472,Home & Kitchen,Mixer Grinder,East,Bhubaneswar,Website,2,8034.57,0.05,16069.13,15265.67,9377.21,Cash on Delivery,Delivered,5888.46,0.3857,2024-10,2024,Q4,1,0,0
ORD001432,2025-01-08,CUST00024,Electronics,Smartwatch,East,Kolkata,Website,5,14163.41,0.0,70817.04,70817.04,47902.35,Credit Card,Returned,22914.69,0.3236,2025-01,2025,Q1,0,1,0
ORD001433,2024-09-15,CUST01270,Fashion,Denim Jacket,West,Pune,Marketplace,3,1915.95,0.2,5747.86,4598.29,2487.09,UPI,Delivered,2111.2,0.4591,2024-09,2024,Q3,1,0,0
ORD001434,2025-03-18,CUST01505,Electronics,Bluetooth Speaker,East,Patna,Website,1,4195.29,0.05,4195.29,3985.52,2130.65,UPI,Delivered,1854.87,0.4654,2025-03,2025,Q1,1,0,0
ORD001435,2024-09-17,CUST00544,Electronics,Power Bank,North,Chandigarh,Marketplace,2,14005.96,0.05,28011.92,26611.32,18126.76,Cash on Delivery,Delivered,8484.56,0.3188,2024-09,2024,Q3,1,0,0
ORD001436,2024-06-12,CUST00552,Electronics,Power Bank,South,Bengaluru,Website,1,14783.0,0.15,14783.0,12565.55,6988.71,Net Banking,Delivered,5576.84,0.4438,2024-06,2024,Q2,1,0,0
ORD001437,2025-06-28,CUST00912,Home & Kitchen,Water Bottle,South,Bengaluru,Mobile App,4,2767.82,0.05,11071.26,10517.7,7743.14,UPI,Delivered,2774.56,0.2638,2025-06,2025,Q2,1,0,0
ORD001438,2025-01-21,CUST00937,Electronics,Smartwatch,Central,Bhopal,Website,4,11199.44,0.1,44797.77,40317.99,26510.59,UPI,Delivered,13807.4,0.3425,2025-01,2025,Q1,1,0,0
ORD001439,2024-04-26,CUST00260,Home & Kitchen,Mixer Grinder,North,Delhi,Website,3,5716.45,0.2,17149.34,13719.48,9065.4,Debit Card,Delivered,4654.08,0.3392,2024-04,2024,Q2,1,0,0
ORD001440,2024-05-08,CUST00165,Fashion,Sunglasses,North,Delhi,Marketplace,1,3670.67,0.0,3670.67,3670.67,2588.54,Credit Card,Delivered,1082.13,0.2948,2024-05,2024,Q2,1,0,0
ORD001441,2024-04-06,CUST01216,Home & Kitchen,Water Bottle,North,Delhi,Mobile App,4,2332.27,0.15,9329.08,7929.72,4805.25,Credit Card,Delivered,3124.47,0.394,2024-04,2024,Q2,1,0,0
ORD001442,2025-05-05,CUST01373,Home & Kitchen,Water Bottle,East,Patna,Website,4,1764.33,0.15,7057.34,5998.74,4470.38,Net Banking,Delivered,1528.36,0.2548,2025-05,2025,Q2,1,0,0
ORD001443,2024-09-25,CUST01593,Beauty,Lip Balm,West,Mumbai,Marketplace,1,794.3,0.2,794.3,635.44,434.17,Debit Card,Delivered,201.27,0.3167,2024-09,2024,Q3,1,0,0
ORD001444,2025-04-09,CUST00271,Fashion,Running Shoes,North,Chandigarh,Marketplace,4,4059.94,0.1,16239.76,14615.78,11469.72,Net Banking,Delivered,3146.06,0.2153,2025-04,2025,Q2,1,0,0
ORD001445,2024-08-21,CUST00223,Beauty,Shampoo,North,Delhi,Mobile App,2,1007.49,0.15,2014.99,1712.74,1182.64,Credit Card,Delivered,530.1,0.3095,2024-08,2024,Q3,1,0,0
ORD001446,2024-02-10,CUST00332,Home & Kitchen,Storage Box,West,Pune,Website,3,3558.49,0.05,10675.48,10141.71,5478.66,Debit Card,Delivered,4663.05,0.4598,2024-02,2024,Q1,1,0,0
ORD001447,2025-04-26,CUST01591,Electronics,Laptop Stand,Central,Bhopal,Website,3,14517.93,0.0,43553.78,43553.78,32289.62,Net Banking,Delivered,11264.16,0.2586,2025-04,2025,Q2,1,0,0
ORD001448,2024-06-25,CUST01006,Home & Kitchen,Storage Box,North,Jaipur,Mobile App,1,6097.91,0.1,6097.91,5488.12,4127.78,Net Banking,Returned,1360.34,0.2479,2024-06,2024,Q2,0,1,0
ORD001449,2024-12-03,CUST00966,Beauty,Moisturizer,North,Jaipur,Website,3,1228.76,0.0,3686.28,3686.28,3093.21,Credit Card,Delivered,593.07,0.1609,2024-12,2024,Q4,1,0,0
ORD001450,2024-03-21,CUST00728,Electronics,Bluetooth Speaker,South,Hyderabad,Website,4,1998.65,0.05,7994.6,7594.87,5485.61,Credit Card,Cancelled,2109.26,0.2777,2024-03,2024,Q1,0,0,1
ORD001451,2025-02-28,CUST00582,Sports,Yoga Mat,South,Chennai,Website,2,2408.99,0.0,4817.97,4817.97,4007.02,UPI,Returned,810.95,0.1683,2025-02,2025,Q1,0,1,0
ORD001452,2025-01-05,CUST00143,Beauty,Sunscreen,West,Ahmedabad,Website,3,993.73,0.0,2981.19,2981.19,1846.35,Net Banking,Pending,1134.84,0.3807,2025-01,2025,Q1,0,0,0
ORD001453,2024-06-05,CUST01356,Fashion,Sunglasses,West,Pune,Mobile App,1,3358.67,0.0,3358.67,3358.67,2735.6,Net Banking,Delivered,623.07,0.1855,2024-06,2024,Q2,1,0,0
ORD001454,2024-07-13,CUST00199,Home & Kitchen,Mixer Grinder,East,Bhubaneswar,Website,4,3480.57,0.0,13922.27,13922.27,8207.13,Cash on Delivery,Delivered,5715.14,0.4105,2024-07,2024,Q3,1,0,0
ORD001455,2024-02-07,CUST01179,Electronics,Smartwatch,South,Hyderabad,Website,5,1966.46,0.2,9832.28,7865.82,4204.62,Debit Card,Delivered,3661.2,0.4655,2024-02,2024,Q1,1,0,0
ORD001456,2024-12-10,CUST01060,Electronics,Power Bank,West,Mumbai,Website,2,12591.24,0.15,25182.48,21405.11,12706.28,Credit Card,Delivered,8698.83,0.4064,2024-12,2024,Q4,1,0,0
ORD001457,2024-01-26,CUST00088,Fashion,Denim Jacket,West,Pune,Mobile App,2,1543.89,0.05,3087.77,2933.38,1788.97,Debit Card,Delivered,1144.41,0.3901,2024-01,2024,Q1,1,0,0
ORD001458,2024-03-16,CUST01247,Beauty,Shampoo,North,Delhi,Website,3,2857.81,0.05,8573.43,8144.76,4417.08,UPI,Delivered,3727.68,0.4577,2024-03,2024,Q1,1,0,0
ORD001459,2024-10-21,CUST00937,Electronics,Power Bank,South,Bengaluru,Website,5,3267.72,0.0,16338.61,16338.61,9789.16,Cash on Delivery,Delivered,6549.45,0.4009,2024-10,2024,Q4,1,0,0
ORD001460,2025-03-31,CUST00316,Beauty,Sunscreen,East,Bhubaneswar,Marketplace,5,1096.54,0.1,5482.68,4934.41,3433.84,UPI,Delivered,1500.57,0.3041,2025-03,2025,Q1,1,0,0
ORD001461,2025-04-16,CUST01446,Home & Kitchen,Coffee Maker,West,Ahmedabad,Marketplace,1,1508.22,0.25,1508.22,1131.16,761.88,Net Banking,Delivered,369.28,0.3265,2025-04,2025,Q2,1,0,0
ORD001462,2025-04-17,CUST00458,Beauty,Moisturizer,Central,Indore,Website,5,210.54,0.05,1052.7,1000.06,786.04,Debit Card,Returned,214.02,0.214,2025-04,2025,Q2,0,1,0
ORD001463,2025-03-29,CUST00891,Electronics,Laptop Stand,West,Ahmedabad,Mobile App,5,7930.51,0.0,39652.57,39652.57,22620.78,Debit Card,Returned,17031.79,0.4295,2025-03,2025,Q1,0,1,0
ORD001464,2024-06-18,CUST00309,Sports,Football,South,Chennai,Mobile App,2,6498.66,0.05,12997.32,12347.46,7005.81,Net Banking,Delivered,5341.65,0.4326,2024-06,2024,Q2,1,0,0
ORD001465,2025-04-01,CUST00181,Beauty,Lip Balm,South,Chennai,Marketplace,3,518.13,0.0,1554.38,1554.38,950.81,Debit Card,Delivered,603.57,0.3883,2025-04,2025,Q2,1,0,0
ORD001466,2024-07-22,CUST01052,Fashion,T-Shirt,West,Mumbai,Website,3,2170.81,0.1,6512.43,5861.18,3168.76,Net Banking,Delivered,2692.42,0.4594,2024-07,2024,Q3,1,0,0
ORD001467,2024-01-31,CUST00340,Sports,Dumbbells,North,Jaipur,Website,5,5100.35,0.1,25501.74,22951.56,18281.0,UPI,Delivered,4670.56,0.2035,2024-01,2024,Q1,1,0,0
ORD001468,2025-05-23,CUST01571,Beauty,Shampoo,East,Kolkata,Mobile App,2,1543.67,0.0,3087.34,3087.34,2024.83,Cash on Delivery,Cancelled,1062.51,0.3442,2025-05,2025,Q2,0,0,1
ORD001469,2025-04-06,CUST00155,Electronics,Power Bank,West,Mumbai,Website,1,8595.53,0.0,8595.53,8595.53,5997.98,UPI,Cancelled,2597.55,0.3022,2025-04,2025,Q2,0,0,1
ORD001470,2025-04-30,CUST00236,Fashion,Backpack,East,Bhubaneswar,Marketplace,3,3395.48,0.0,10186.45,10186.45,5687.68,Debit Card,Returned,4498.77,0.4416,2025-04,2025,Q2,0,1,0
ORD001471,2025-03-08,CUST01594,Fashion,Denim Jacket,East,Bhubaneswar,Marketplace,4,3650.61,0.0,14602.43,14602.43,12175.15,Credit Card,Pending,2427.28,0.1662,2025-03,2025,Q1,0,0,0
ORD001472,2024-03-28,CUST00775,Beauty,Face Serum,Central,Nagpur,Website,1,2244.32,0.05,2244.32,2132.1,1435.93,Cash on Delivery,Delivered,696.17,0.3265,2024-03,2024,Q1,1,0,0
ORD001473,2024-12-30,CUST01221,Sports,Resistance Bands,West,Pune,Website,4,893.02,0.15,3572.09,3036.28,1846.26,Credit Card,Delivered,1190.02,0.3919,2024-12,2024,Q4,1,0,0
ORD001474,2024-03-04,CUST00627,Home & Kitchen,Water Bottle,West,Pune,Website,2,8334.12,0.0,16668.25,16668.25,13323.96,UPI,Delivered,3344.29,0.2006,2024-03,2024,Q1,1,0,0
ORD001475,2024-09-23,CUST00487,Electronics,Laptop Stand,Central,Nagpur,Mobile App,4,6605.52,0.1,26422.09,23779.88,12648.32,Credit Card,Delivered,11131.56,0.4681,2024-09,2024,Q3,1,0,0
ORD001476,2024-06-12,CUST00930,Fashion,Backpack,East,Bhubaneswar,Website,4,1808.5,0.15,7234.0,6148.9,5111.87,Debit Card,Delivered,1037.03,0.1687,2024-06,2024,Q2,1,0,0
ORD001477,2024-03-03,CUST00471,Home & Kitchen,Coffee Maker,North,Jaipur,Mobile App,5,6067.63,0.25,30338.17,22753.63,12924.73,Credit Card,Delivered,9828.9,0.432,2024-03,2024,Q1,1,0,0
ORD001478,2025-02-19,CUST00355,Fashion,Sunglasses,West,Pune,Mobile App,3,5438.63,0.2,16315.88,13052.71,10952.56,UPI,Cancelled,2100.15,0.1609,2025-02,2025,Q1,0,0,1
ORD001479,2024-08-13,CUST01483,Beauty,Lip Balm,Central,Nagpur,Marketplace,4,1780.38,0.1,7121.52,6409.37,4266.08,Debit Card,Delivered,2143.29,0.3344,2024-08,2024,Q3,1,0,0
ORD001480,2024-11-17,CUST01509,Electronics,Laptop Stand,South,Hyderabad,Website,2,21465.64,0.05,42931.29,40784.72,23823.46,Cash on Delivery,Delivered,16961.26,0.4159,2024-11,2024,Q4,1,0,0
ORD001481,2024-01-16,CUST01414,Electronics,Bluetooth Speaker,Central,Indore,Website,5,8469.09,0.15,42345.43,35993.61,19351.6,UPI,Delivered,16642.01,0.4624,2024-01,2024,Q1,1,0,0
ORD001482,2024-01-25,CUST00365,Home & Kitchen,Air Fryer,North,Jaipur,Website,5,1823.72,0.0,9118.62,9118.62,5065.64,UPI,Delivered,4052.98,0.4445,2024-01,2024,Q1,1,0,0
ORD001483,2024-05-30,CUST00899,Electronics,Laptop Stand,West,Ahmedabad,Mobile App,2,17546.81,0.1,35093.62,31584.25,21859.04,UPI,Delivered,9725.21,0.3079,2024-05,2024,Q2,1,0,0
ORD001484,2025-06-25,CUST00327,Home & Kitchen,Coffee Maker,North,Chandigarh,Mobile App,3,4815.79,0.05,14447.36,13724.99,10265.37,UPI,Delivered,3459.62,0.2521,2025-06,2025,Q2,1,0,0
ORD001485,2024-08-05,CUST00423,Home & Kitchen,Mixer Grinder,West,Ahmedabad,Marketplace,4,8554.59,0.0,34218.35,34218.35,20848.79,Net Banking,Delivered,13369.56,0.3907,2024-08,2024,Q3,1,0,0
ORD001486,2024-01-02,CUST00051,Electronics,Laptop Stand,South,Bengaluru,Mobile App,5,8580.8,0.1,42904.02,38613.62,24576.0,Net Banking,Delivered,14037.62,0.3635,2024-01,2024,Q1,1,0,0
ORD001487,2024-04-22,CUST01599,Beauty,Lip Balm,South,Bengaluru,Website,4,1154.17,0.25,4616.67,3462.5,1852.19,UPI,Delivered,1610.31,0.4651,2024-04,2024,Q2,1,0,0
ORD001488,2025-01-22,CUST00075,Home & Kitchen,Coffee Maker,South,Bengaluru,Mobile App,4,1535.49,0.1,6141.95,5527.76,4008.43,Cash on Delivery,Pending,1519.33,0.2749,2025-01,2025,Q1,0,0,0
ORD001489,2024-05-01,CUST01004,Fashion,Backpack,North,Jaipur,Marketplace,3,1532.72,0.1,4598.16,4138.34,3162.29,Credit Card,Delivered,976.05,0.2359,2024-05,2024,Q2,1,0,0
ORD001490,2024-08-12,CUST00245,Electronics,Power Bank,North,Delhi,Website,2,2031.17,0.1,4062.34,3656.11,2506.55,UPI,Delivered,1149.56,0.3144,2024-08,2024,Q3,1,0,0
ORD001491,2025-02-05,CUST00773,Fashion,Denim Jacket,North,Chandigarh,Marketplace,2,4569.41,0.2,9138.82,7311.06,5909.57,Net Banking,Delivered,1401.49,0.1917,2025-02,2025,Q1,1,0,0
ORD001492,2025-06-09,CUST00414,Home & Kitchen,Storage Box,South,Chennai,Marketplace,2,6166.17,0.05,12332.34,11715.72,7485.35,Credit Card,Cancelled,4230.37,0.3611,2025-06,2025,Q2,0,0,1
ORD001493,2024-03-15,CUST00464,Fashion,Denim Jacket,North,Chandigarh,Mobile App,1,2652.77,0.25,2652.77,1989.58,1462.69,Cash on Delivery,Delivered,526.89,0.2648,2024-03,2024,Q1,1,0,0
ORD001494,2024-12-01,CUST00683,Sports,Cricket Bat,West,Mumbai,Website,2,1694.32,0.1,3388.64,3049.77,2106.61,UPI,Delivered,943.16,0.3093,2024-12,2024,Q4,1,0,0
ORD001495,2025-05-23,CUST00420,Home & Kitchen,Air Fryer,South,Chennai,Mobile App,4,9441.15,0.05,37764.61,35876.38,26376.21,Debit Card,Delivered,9500.17,0.2648,2025-05,2025,Q2,1,0,0
ORD001496,2025-03-02,CUST00612,Home & Kitchen,Air Fryer,South,Chennai,Website,3,9098.53,0.0,27295.6,27295.6,22554.24,Credit Card,Delivered,4741.36,0.1737,2025-03,2025,Q1,1,0,0
ORD001497,2024-05-09,CUST01065,Home & Kitchen,Water Bottle,South,Bengaluru,Website,5,4337.33,0.05,21686.66,20602.33,14301.32,Debit Card,Cancelled,6301.01,0.3058,2024-05,2024,Q2,0,0,1
ORD001498,2025-05-24,CUST00035,Sports,Cricket Bat,West,Mumbai,Mobile App,5,4146.95,0.15,20734.77,17624.56,10782.15,Debit Card,Delivered,6842.41,0.3882,2025-05,2025,Q2,1,0,0
ORD001499,2025-03-19,CUST01126,Home & Kitchen,Air Fryer,South,Chennai,Marketplace,3,9512.62,0.2,28537.87,22830.3,13668.38,Credit Card,Returned,9161.92,0.4013,2025-03,2025,Q1,0,1,0
ORD001500,2025-01-01,CUST00913,Home & Kitchen,Storage Box,West,Mumbai,Marketplace,2,3801.03,0.15,7602.05,6461.74,4501.01,UPI,Pending,1960.73,0.3034,2025-01,2025,Q1,0,0,0
ORD001501,2024-04-04,CUST00535,Electronics,Power Bank,West,Ahmedabad,Marketplace,2,12938.24,0.15,25876.47,21995.0,14374.78,Credit Card,Delivered,7620.22,0.3465,2024-04,2024,Q2,1,0,0
ORD001502,2025-03-22,CUST01370,Home & Kitchen,Mixer Grinder,South,Hyderabad,Website,4,6352.93,0.25,25411.73,19058.8,14478.09,Net Banking,Delivered,4580.71,0.2403,2025-03,2025,Q1,1,0,0
ORD001503,2024-04-11,CUST00866,Beauty,Shampoo,South,Hyderabad,Website,1,812.1,0.1,812.1,730.89,565.93,Net Banking,Delivered,164.96,0.2257,2024-04,2024,Q2,1,0,0
ORD001504,2025-03-26,CUST00229,Fashion,Denim Jacket,Central,Bhopal,Marketplace,2,3965.21,0.1,7930.42,7137.38,3744.8,Debit Card,Delivered,3392.58,0.4753,2025-03,2025,Q1,1,0,0
ORD001505,2025-03-02,CUST00268,Beauty,Shampoo,Central,Indore,Marketplace,4,1043.12,0.05,4172.48,3963.86,2900.91,Credit Card,Delivered,1062.95,0.2682,2025-03,2025,Q1,1,0,0
ORD001506,2024-08-23,CUST00143,Electronics,Power Bank,West,Pune,Mobile App,5,9580.18,0.1,47900.89,43110.8,33149.8,Net Banking,Delivered,9961.0,0.2311,2024-08,2024,Q3,1,0,0
ORD001507,2024-10-05,CUST00327,Beauty,Moisturizer,West,Ahmedabad,Website,1,1229.84,0.1,1229.84,1106.86,722.82,Debit Card,Delivered,384.04,0.347,2024-10,2024,Q4,1,0,0
ORD001508,2024-03-11,CUST01419,Fashion,Running Shoes,Central,Indore,Mobile App,5,4925.29,0.1,24626.43,22163.79,13800.18,Debit Card,Delivered,8363.61,0.3774,2024-03,2024,Q1,1,0,0
ORD001509,2025-03-06,CUST00708,Sports,Cricket Bat,West,Mumbai,Marketplace,5,6924.78,0.1,34623.92,31161.53,24084.81,Cash on Delivery,Delivered,7076.72,0.2271,2025-03,2025,Q1,1,0,0
ORD001510,2024-10-18,CUST00012,Electronics,Wireless Headphones,West,Pune,Website,2,21493.05,0.0,42986.1,42986.1,28333.3,Net Banking,Delivered,14652.8,0.3409,2024-10,2024,Q4,1,0,0
ORD001511,2025-04-18,CUST00340,Electronics,Wireless Headphones,South,Chennai,Website,2,18545.44,0.05,37090.89,35236.34,18397.06,Net Banking,Delivered,16839.28,0.4779,2025-04,2025,Q2,1,0,0
ORD001512,2024-09-07,CUST01301,Sports,Football,East,Patna,Website,2,6722.27,0.15,13444.54,11427.86,7207.98,UPI,Delivered,4219.88,0.3693,2024-09,2024,Q3,1,0,0
ORD001513,2024-11-11,CUST00992,Electronics,Bluetooth Speaker,West,Mumbai,Website,5,18245.58,0.1,91227.9,82105.11,60908.44,Cash on Delivery,Delivered,21196.67,0.2582,2024-11,2024,Q4,1,0,0
ORD001514,2024-11-08,CUST00459,Home & Kitchen,Water Bottle,North,Delhi,Website,3,9366.71,0.2,28100.12,22480.09,16350.57,UPI,Delivered,6129.52,0.2727,2024-11,2024,Q4,1,0,0
ORD001515,2025-06-07,CUST00488,Beauty,Sunscreen,South,Bengaluru,Mobile App,5,1608.15,0.05,8040.75,7638.71,4500.45,Cash on Delivery,Delivered,3138.26,0.4108,2025-06,2025,Q2,1,0,0
ORD001516,2025-04-18,CUST00578,Home & Kitchen,Air Fryer,West,Pune,Website,2,3799.18,0.2,7598.37,6078.69,3650.19,Credit Card,Returned,2428.5,0.3995,2025-04,2025,Q2,0,1,0
ORD001517,2025-04-15,CUST00220,Home & Kitchen,Air Fryer,Central,Indore,Mobile App,1,2364.26,0.05,2364.26,2246.05,1683.82,Net Banking,Delivered,562.23,0.2503,2025-04,2025,Q2,1,0,0
ORD001518,2025-05-29,CUST01429,Electronics,Power Bank,South,Chennai,Mobile App,1,5479.14,0.05,5479.14,5205.19,3917.49,Cash on Delivery,Pending,1287.7,0.2474,2025-05,2025,Q2,0,0,0
ORD001519,2024-12-13,CUST00278,Sports,Yoga Mat,North,Jaipur,Website,4,5788.88,0.15,23155.51,19682.18,14173.98,UPI,Pending,5508.2,0.2799,2024-12,2024,Q4,0,0,0
ORD001520,2024-07-09,CUST00010,Electronics,Power Bank,North,Delhi,Mobile App,2,8010.39,0.1,16020.79,14418.71,11583.88,Cash on Delivery,Delivered,2834.83,0.1966,2024-07,2024,Q3,1,0,0
ORD001521,2025-02-09,CUST00674,Home & Kitchen,Mixer Grinder,West,Ahmedabad,Website,5,5359.51,0.1,26797.57,24117.82,16557.27,Net Banking,Delivered,7560.55,0.3135,2025-02,2025,Q1,1,0,0
ORD001522,2024-12-21,CUST00831,Fashion,Sunglasses,South,Hyderabad,Mobile App,3,3105.3,0.1,9315.91,8384.32,6825.37,Debit Card,Returned,1558.95,0.1859,2024-12,2024,Q4,0,1,0
ORD001523,2025-01-06,CUST01403,Fashion,Sunglasses,North,Jaipur,Mobile App,5,525.08,0.1,2625.38,2362.84,1283.33,UPI,Delivered,1079.51,0.4569,2025-01,2025,Q1,1,0,0
ORD001524,2025-01-13,CUST01540,Beauty,Face Serum,East,Patna,Mobile App,1,2141.13,0.2,2141.13,1712.9,968.7,Cash on Delivery,Cancelled,744.2,0.4345,2025-01,2025,Q1,0,0,1
ORD001525,2025-04-04,CUST00992,Beauty,Shampoo,South,Chennai,Mobile App,3,2796.76,0.2,8390.29,6712.24,4000.84,Credit Card,Delivered,2711.4,0.4039,2025-04,2025,Q2,1,0,0
ORD001526,2025-01-31,CUST01575,Home & Kitchen,Storage Box,North,Jaipur,Website,3,7591.85,0.0,22775.55,22775.55,13561.16,Net Banking,Returned,9214.39,0.4046,2025-01,2025,Q1,0,1,0
ORD001527,2024-09-12,CUST00278,Beauty,Lip Balm,West,Ahmedabad,Marketplace,2,1142.53,0.0,2285.05,2285.05,1624.77,Debit Card,Delivered,660.28,0.289,2024-09,2024,Q3,1,0,0
ORD001528,2024-06-26,CUST00705,Electronics,Bluetooth Speaker,South,Hyderabad,Mobile App,5,5075.63,0.1,25378.13,22840.32,17784.97,Cash on Delivery,Delivered,5055.35,0.2213,2024-06,2024,Q2,1,0,0
ORD001529,2024-12-01,CUST00923,Sports,Football,South,Hyderabad,Website,4,1661.59,0.05,6646.37,6314.05,3955.84,Net Banking,Delivered,2358.21,0.3735,2024-12,2024,Q4,1,0,0
ORD001530,2024-12-08,CUST00221,Electronics,Smartwatch,West,Pune,Website,5,11099.7,0.2,55498.49,44398.79,23586.84,Cash on Delivery,Delivered,20811.95,0.4688,2024-12,2024,Q4,1,0,0
ORD001531,2024-03-19,CUST01537,Home & Kitchen,Air Fryer,West,Mumbai,Marketplace,3,4020.85,0.0,12062.54,12062.54,8210.15,Credit Card,Delivered,3852.39,0.3194,2024-03,2024,Q1,1,0,0
ORD001532,2024-10-01,CUST00032,Electronics,Power Bank,East,Patna,Mobile App,1,18976.87,0.05,18976.87,18028.03,10351.09,Cash on Delivery,Returned,7676.94,0.4258,2024-10,2024,Q4,0,1,0
ORD001533,2024-09-15,CUST00469,Home & Kitchen,Coffee Maker,West,Pune,Website,4,1351.63,0.2,5406.5,4325.2,3391.41,UPI,Delivered,933.79,0.2159,2024-09,2024,Q3,1,0,0
ORD001534,2024-04-25,CUST01019,Beauty,Lip Balm,West,Ahmedabad,Website,4,1217.26,0.05,4869.06,4625.6,2688.18,UPI,Delivered,1937.42,0.4188,2024-04,2024,Q2,1,0,0
ORD001535,2025-04-06,CUST01216,Home & Kitchen,Air Fryer,East,Kolkata,Website,2,8767.5,0.0,17535.0,17535.0,10057.43,UPI,Delivered,7477.57,0.4264,2025-04,2025,Q2,1,0,0
ORD001536,2024-05-05,CUST00567,Electronics,Bluetooth Speaker,West,Mumbai,Mobile App,1,4334.74,0.05,4334.74,4118.0,2519.8,UPI,Delivered,1598.2,0.3881,2024-05,2024,Q2,1,0,0
ORD001537,2024-04-26,CUST00192,Fashion,Sunglasses,West,Mumbai,Website,3,1426.92,0.15,4280.75,3638.63,1995.19,Credit Card,Delivered,1643.44,0.4517,2024-04,2024,Q2,1,0,0
ORD001538,2024-10-09,CUST01170,Fashion,Sunglasses,North,Chandigarh,Website,3,2638.3,0.1,7914.9,7123.41,4217.66,Credit Card,Cancelled,2905.75,0.4079,2024-10,2024,Q4,0,0,1
ORD001539,2025-04-10,CUST00627,Fashion,T-Shirt,Central,Indore,Mobile App,2,3150.99,0.0,6301.98,6301.98,4364.56,Credit Card,Delivered,1937.42,0.3074,2025-04,2025,Q2,1,0,0
ORD001540,2024-10-05,CUST00289,Electronics,Laptop Stand,North,Chandigarh,Mobile App,2,2104.48,0.1,4208.97,3788.07,3154.52,Net Banking,Delivered,633.55,0.1672,2024-10,2024,Q4,1,0,0
ORD001541,2024-09-27,CUST01571,Electronics,Wireless Headphones,South,Bengaluru,Website,3,14998.38,0.05,44995.15,42745.39,35814.84,Net Banking,Delivered,6930.55,0.1621,2024-09,2024,Q3,1,0,0
ORD001542,2024-01-17,CUST01444,Electronics,Smartwatch,East,Kolkata,Mobile App,4,9700.66,0.0,38802.62,38802.62,26312.75,Cash on Delivery,Delivered,12489.87,0.3219,2024-01,2024,Q1,1,0,0
ORD001543,2024-08-24,CUST01340,Electronics,Power Bank,East,Patna,Mobile App,1,8717.45,0.05,8717.45,8281.58,5517.83,Debit Card,Delivered,2763.75,0.3337,2024-08,2024,Q3,1,0,0
ORD001544,2025-02-04,CUST00390,Fashion,Sunglasses,West,Pune,Website,5,3216.03,0.05,16080.15,15276.14,10676.36,Net Banking,Delivered,4599.78,0.3011,2025-02,2025,Q1,1,0,0
ORD001545,2024-10-30,CUST00558,Home & Kitchen,Water Bottle,West,Mumbai,Mobile App,1,6516.93,0.05,6516.93,6191.09,4790.05,Cash on Delivery,Delivered,1401.04,0.2263,2024-10,2024,Q4,1,0,0
ORD001546,2024-04-19,CUST00229,Electronics,Smartwatch,North,Chandigarh,Mobile App,5,17214.44,0.0,86072.18,86072.18,69510.24,Cash on Delivery,Delivered,16561.94,0.1924,2024-04,2024,Q2,1,0,0
ORD001547,2025-01-01,CUST00914,Home & Kitchen,Storage Box,Central,Indore,Mobile App,3,4038.24,0.0,12114.73,12114.73,7140.92,Net Banking,Delivered,4973.81,0.4106,2025-01,2025,Q1,1,0,0
ORD001548,2025-04-23,CUST00510,Home & Kitchen,Mixer Grinder,South,Chennai,Mobile App,1,7197.6,0.1,7197.6,6477.84,3547.69,Credit Card,Cancelled,2930.15,0.4523,2025-04,2025,Q2,0,0,1
ORD001549,2025-04-01,CUST00179,Electronics,Power Bank,North,Jaipur,Mobile App,3,1269.8,0.1,3809.39,3428.45,2027.59,Net Banking,Delivered,1400.86,0.4086,2025-04,2025,Q2,1,0,0
ORD001550,2025-05-09,CUST01521,Fashion,T-Shirt,Central,Nagpur,Mobile App,2,4673.79,0.05,9347.59,8880.21,6250.96,Credit Card,Delivered,2629.25,0.2961,2025-05,2025,Q2,1,0,0
ORD001551,2024-07-03,CUST01059,Fashion,Backpack,South,Bengaluru,Website,1,1520.35,0.05,1520.35,1444.33,1024.37,UPI,Delivered,419.96,0.2908,2024-07,2024,Q3,1,0,0
ORD001552,2024-01-17,CUST01368,Beauty,Moisturizer,West,Mumbai,Mobile App,4,907.93,0.0,3631.72,3631.72,2016.46,Net Banking,Delivered,1615.26,0.4448,2024-01,2024,Q1,1,0,0
ORD001553,2024-03-14,CUST01163,Electronics,Wireless Headphones,West,Pune,Mobile App,4,5292.2,0.1,21168.8,19051.92,10915.29,Debit Card,Delivered,8136.63,0.4271,2024-03,2024,Q1,1,0,0
ORD001554,2025-03-30,CUST01532,Home & Kitchen,Air Fryer,South,Hyderabad,Marketplace,1,1804.02,0.1,1804.02,1623.62,1185.49,Net Banking,Delivered,438.13,0.2698,2025-03,2025,Q1,1,0,0
ORD001555,2025-03-20,CUST01302,Electronics,Wireless Headphones,East,Patna,Website,1,17053.34,0.05,17053.34,16200.68,10552.4,Cash on Delivery,Delivered,5648.28,0.3486,2025-03,2025,Q1,1,0,0
ORD001556,2024-09-12,CUST00408,Electronics,Wireless Headphones,South,Chennai,Website,1,19963.92,0.2,19963.92,15971.14,9297.9,Debit Card,Pending,6673.24,0.4178,2024-09,2024,Q3,0,0,0
ORD001557,2024-06-11,CUST00839,Fashion,Running Shoes,West,Ahmedabad,Marketplace,5,5248.47,0.0,26242.33,26242.33,16370.43,Net Banking,Delivered,9871.9,0.3762,2024-06,2024,Q2,1,0,0
ORD001558,2024-01-27,CUST00187,Electronics,Laptop Stand,West,Ahmedabad,Mobile App,5,6617.82,0.15,33089.12,28125.75,16236.91,Credit Card,Delivered,11888.84,0.4227,2024-01,2024,Q1,1,0,0
ORD001559,2024-02-25,CUST00822,Electronics,Power Bank,East,Patna,Marketplace,2,13618.41,0.05,27236.82,25874.98,15650.53,Credit Card,Delivered,10224.45,0.3951,2024-02,2024,Q1,1,0,0
ORD001560,2024-12-15,CUST01308,Sports,Yoga Mat,West,Mumbai,Mobile App,1,2229.8,0.1,2229.8,2006.82,1443.46,Cash on Delivery,Returned,563.36,0.2807,2024-12,2024,Q4,0,1,0
ORD001561,2025-03-20,CUST01433,Electronics,Smartwatch,West,Pune,Mobile App,5,3920.96,0.0,19604.81,19604.81,12770.39,Cash on Delivery,Delivered,6834.42,0.3486,2025-03,2025,Q1,1,0,0
ORD001562,2025-05-06,CUST00267,Electronics,Smartwatch,West,Ahmedabad,Website,4,6527.11,0.0,26108.45,26108.45,17169.18,UPI,Delivered,8939.27,0.3424,2025-05,2025,Q2,1,0,0
ORD001563,2025-06-01,CUST00709,Fashion,T-Shirt,East,Kolkata,Mobile App,2,3731.33,0.2,7462.65,5970.12,3940.97,Cash on Delivery,Delivered,2029.15,0.3399,2025-06,2025,Q2,1,0,0
ORD001564,2025-06-04,CUST00188,Home & Kitchen,Air Fryer,South,Chennai,Website,4,4980.91,0.05,19923.64,18927.45,12027.01,Debit Card,Delivered,6900.44,0.3646,2025-06,2025,Q2,1,0,0
ORD001565,2024-06-25,CUST00065,Electronics,Laptop Stand,North,Delhi,Website,3,18409.6,0.1,55228.79,49705.91,33423.81,Cash on Delivery,Delivered,16282.1,0.3276,2024-06,2024,Q2,1,0,0
ORD001566,2024-04-30,CUST00064,Electronics,Laptop Stand,West,Pune,Website,4,9203.22,0.05,36812.87,34972.22,23229.9,Net Banking,Delivered,11742.32,0.3358,2024-04,2024,Q2,1,0,0
ORD001567,2024-11-22,CUST00948,Electronics,Bluetooth Speaker,South,Chennai,Mobile App,3,13645.96,0.0,40937.89,40937.89,28445.64,Cash on Delivery,Delivered,12492.25,0.3052,2024-11,2024,Q4,1,0,0
ORD001568,2024-08-24,CUST00649,Electronics,Smartwatch,Central,Bhopal,Mobile App,1,6320.78,0.05,6320.78,6004.74,3583.94,Cash on Delivery,Delivered,2420.8,0.4031,2024-08,2024,Q3,1,0,0
ORD001569,2024-10-08,CUST00475,Sports,Cricket Bat,North,Chandigarh,Mobile App,2,6264.44,0.15,12528.87,10649.54,8401.69,Net Banking,Delivered,2247.85,0.2111,2024-10,2024,Q4,1,0,0
ORD001570,2025-03-01,CUST00319,Fashion,Denim Jacket,North,Delhi,Mobile App,4,362.92,0.1,1451.7,1306.53,925.54,Net Banking,Pending,380.99,0.2916,2025-03,2025,Q1,0,0,0
ORD001571,2025-01-22,CUST01119,Home & Kitchen,Coffee Maker,East,Kolkata,Website,5,4272.04,0.1,21360.18,19224.16,11629.65,Credit Card,Delivered,7594.51,0.3951,2025-01,2025,Q1,1,0,0
ORD001572,2025-04-11,CUST01461,Home & Kitchen,Air Fryer,West,Mumbai,Website,4,4011.58,0.2,16046.32,12837.06,8460.78,Debit Card,Delivered,4376.28,0.3409,2025-04,2025,Q2,1,0,0
ORD001573,2024-10-12,CUST00051,Home & Kitchen,Air Fryer,West,Pune,Marketplace,3,7651.0,0.05,22953.01,21805.36,12780.87,Cash on Delivery,Delivered,9024.49,0.4139,2024-10,2024,Q4,1,0,0
ORD001574,2024-10-08,CUST00403,Fashion,Sunglasses,East,Patna,Marketplace,1,5259.25,0.1,5259.25,4733.33,3410.61,UPI,Delivered,1322.72,0.2794,2024-10,2024,Q4,1,0,0
ORD001575,2024-02-10,CUST00315,Fashion,Backpack,West,Ahmedabad,Website,4,1642.89,0.0,6571.56,6571.56,4613.08,Net Banking,Delivered,1958.48,0.298,2024-02,2024,Q1,1,0,0
ORD001576,2025-01-13,CUST01019,Home & Kitchen,Mixer Grinder,East,Kolkata,Marketplace,2,5430.29,0.1,10860.57,9774.52,6699.87,UPI,Delivered,3074.65,0.3146,2025-01,2025,Q1,1,0,0
ORD001577,2024-01-26,CUST00785,Home & Kitchen,Storage Box,West,Ahmedabad,Mobile App,1,4165.38,0.1,4165.38,3748.84,2618.19,UPI,Returned,1130.65,0.3016,2024-01,2024,Q1,0,1,0
ORD001578,2025-05-14,CUST01007,Sports,Dumbbells,East,Bhubaneswar,Website,4,4737.84,0.05,18951.34,18003.78,10686.33,Debit Card,Delivered,7317.45,0.4064,2025-05,2025,Q2,1,0,0
ORD001579,2025-06-01,CUST00620,Home & Kitchen,Mixer Grinder,West,Pune,Mobile App,2,2281.34,0.05,4562.69,4334.55,3203.51,Debit Card,Delivered,1131.04,0.2609,2025-06,2025,Q2,1,0,0
ORD001580,2024-08-23,CUST00565,Fashion,Running Shoes,East,Bhubaneswar,Website,3,3647.44,0.15,10942.31,9300.97,7463.56,UPI,Delivered,1837.41,0.1976,2024-08,2024,Q3,1,0,0
ORD001581,2024-10-15,CUST00101,Electronics,Bluetooth Speaker,North,Delhi,Mobile App,2,17523.52,0.05,35047.04,33294.69,19565.52,Debit Card,Returned,13729.17,0.4124,2024-10,2024,Q4,0,1,0
ORD001582,2024-11-01,CUST01459,Fashion,Denim Jacket,Central,Indore,Mobile App,5,4664.54,0.2,23322.7,18658.16,15467.88,Credit Card,Delivered,3190.28,0.171,2024-11,2024,Q4,1,0,0
ORD001583,2024-08-21,CUST00944,Electronics,Bluetooth Speaker,East,Bhubaneswar,Mobile App,2,12547.75,0.1,25095.51,22585.96,17945.18,Net Banking,Cancelled,4640.78,0.2055,2024-08,2024,Q3,0,0,1
ORD001584,2024-06-21,CUST01308,Fashion,Denim Jacket,South,Hyderabad,Mobile App,4,5133.29,0.0,20533.18,20533.18,14347.08,Debit Card,Delivered,6186.1,0.3013,2024-06,2024,Q2,1,0,0
ORD001585,2024-12-06,CUST00249,Fashion,Denim Jacket,South,Hyderabad,Website,4,1651.7,0.15,6606.78,5615.77,3154.03,Cash on Delivery,Delivered,2461.74,0.4384,2024-12,2024,Q4,1,0,0
ORD001586,2024-03-05,CUST00971,Fashion,Running Shoes,South,Chennai,Mobile App,2,3078.4,0.2,6156.8,4925.44,3906.05,Credit Card,Delivered,1019.39,0.207,2024-03,2024,Q1,1,0,0
ORD001587,2024-10-27,CUST00134,Home & Kitchen,Coffee Maker,South,Bengaluru,Mobile App,5,1317.69,0.2,6588.46,5270.77,3694.94,UPI,Delivered,1575.83,0.299,2024-10,2024,Q4,1,0,0
ORD001588,2025-03-23,CUST01254,Home & Kitchen,Water Bottle,South,Hyderabad,Mobile App,4,4138.61,0.2,16554.43,13243.55,8117.89,Net Banking,Delivered,5125.66,0.387,2025-03,2025,Q1,1,0,0
ORD001589,2025-02-27,CUST01491,Beauty,Face Serum,East,Bhubaneswar,Marketplace,3,1486.31,0.05,4458.92,4235.97,3175.49,UPI,Cancelled,1060.48,0.2504,2025-02,2025,Q1,0,0,1
ORD001590,2025-02-26,CUST01514,Electronics,Wireless Headphones,Central,Nagpur,Website,4,8524.69,0.1,34098.77,30688.89,21163.28,Credit Card,Delivered,9525.61,0.3104,2025-02,2025,Q1,1,0,0
ORD001591,2024-09-17,CUST00267,Home & Kitchen,Mixer Grinder,South,Chennai,Marketplace,3,1540.13,0.1,4620.4,4158.36,2218.54,Credit Card,Cancelled,1939.82,0.4665,2024-09,2024,Q3,0,0,1
ORD001592,2024-12-20,CUST01017,Home & Kitchen,Storage Box,West,Pune,Website,4,1494.32,0.2,5977.3,4781.84,3896.44,Cash on Delivery,Delivered,885.4,0.1852,2024-12,2024,Q4,1,0,0
ORD001593,2025-05-15,CUST01557,Fashion,Sunglasses,East,Patna,Website,2,3431.76,0.1,6863.52,6177.17,4795.67,Debit Card,Delivered,1381.5,0.2236,2025-05,2025,Q2,1,0,0
ORD001594,2024-10-24,CUST00462,Fashion,Denim Jacket,East,Bhubaneswar,Mobile App,1,4291.86,0.2,4291.86,3433.49,2248.09,Debit Card,Delivered,1185.4,0.3452,2024-10,2024,Q4,1,0,0
ORD001595,2025-02-19,CUST01349,Fashion,Denim Jacket,Central,Nagpur,Marketplace,3,4297.8,0.2,12893.41,10314.73,8001.56,Cash on Delivery,Cancelled,2313.17,0.2243,2025-02,2025,Q1,0,0,1
ORD001596,2024-05-06,CUST00271,Electronics,Laptop Stand,South,Chennai,Marketplace,5,20101.24,0.1,100506.22,90455.59,73043.42,Debit Card,Delivered,17412.17,0.1925,2024-05,2024,Q2,1,0,0
ORD001597,2025-03-16,CUST01164,Fashion,Backpack,North,Jaipur,Marketplace,4,3476.36,0.0,13905.46,13905.46,8423.2,Cash on Delivery,Delivered,5482.26,0.3943,2025-03,2025,Q1,1,0,0
ORD001598,2025-05-03,CUST00513,Fashion,Sunglasses,East,Patna,Mobile App,2,3008.07,0.0,6016.15,6016.15,4269.67,UPI,Delivered,1746.48,0.2903,2025-05,2025,Q2,1,0,0
ORD001599,2025-04-07,CUST01212,Electronics,Power Bank,East,Kolkata,Mobile App,4,5188.83,0.0,20755.31,20755.31,11391.65,UPI,Delivered,9363.66,0.4511,2025-04,2025,Q2,1,0,0
ORD001600,2025-04-13,CUST00800,Fashion,Running Shoes,South,Chennai,Marketplace,2,2929.83,0.05,5859.66,5566.67,3634.79,Debit Card,Delivered,1931.88,0.347,2025-04,2025,Q2,1,0,0
ORD001601,2024-10-09,CUST00126,Fashion,T-Shirt,West,Mumbai,Website,5,859.49,0.05,4297.45,4082.58,3132.66,Credit Card,Delivered,949.92,0.2327,2024-10,2024,Q4,1,0,0
ORD001602,2024-12-12,CUST00738,Electronics,Wireless Headphones,South,Hyderabad,Mobile App,3,21736.79,0.05,65210.38,61949.86,33214.34,Cash on Delivery,Delivered,28735.52,0.4639,2024-12,2024,Q4,1,0,0
ORD001603,2024-07-17,CUST01152,Home & Kitchen,Storage Box,South,Hyderabad,Website,5,3769.41,0.2,18847.06,15077.65,8651.85,UPI,Pending,6425.8,0.4262,2024-07,2024,Q3,0,0,0
ORD001604,2024-08-28,CUST00487,Sports,Football,South,Bengaluru,Website,2,4153.41,0.15,8306.83,7060.81,5761.69,Debit Card,Delivered,1299.12,0.184,2024-08,2024,Q3,1,0,0
ORD001605,2025-02-23,CUST00820,Fashion,Backpack,South,Chennai,Mobile App,1,1738.96,0.15,1738.96,1478.11,843.24,Net Banking,Pending,634.87,0.4295,2025-02,2025,Q1,0,0,0
ORD001606,2024-08-14,CUST00513,Electronics,Smartwatch,Central,Indore,Marketplace,1,12248.14,0.05,12248.14,11635.74,9204.11,Debit Card,Delivered,2431.63,0.209,2024-08,2024,Q3,1,0,0
ORD001607,2024-12-23,CUST00894,Home & Kitchen,Air Fryer,North,Delhi,Mobile App,3,1942.29,0.0,5826.88,5826.88,3734.43,UPI,Delivered,2092.45,0.3591,2024-12,2024,Q4,1,0,0
ORD001608,2025-03-11,CUST00623,Home & Kitchen,Water Bottle,West,Mumbai,Website,5,4658.42,0.2,23292.08,18633.67,13313.12,Cash on Delivery,Delivered,5320.55,0.2855,2025-03,2025,Q1,1,0,0
ORD001609,2024-03-13,CUST00863,Home & Kitchen,Mixer Grinder,East,Patna,Marketplace,5,6718.87,0.1,33594.35,30234.91,23724.5,Debit Card,Delivered,6510.41,0.2153,2024-03,2024,Q1,1,0,0
ORD001610,2025-02-19,CUST01429,Home & Kitchen,Mixer Grinder,South,Bengaluru,Website,1,3421.37,0.1,3421.37,3079.24,2070.51,Cash on Delivery,Pending,1008.73,0.3276,2025-02,2025,Q1,0,0,0
ORD001611,2025-04-03,CUST00053,Electronics,Bluetooth Speaker,West,Mumbai,Marketplace,2,21442.76,0.05,42885.53,40741.25,28881.06,Cash on Delivery,Delivered,11860.19,0.2911,2025-04,2025,Q2,1,0,0
ORD001612,2025-02-26,CUST01441,Home & Kitchen,Mixer Grinder,South,Hyderabad,Website,1,5017.37,0.2,5017.37,4013.89,3006.79,UPI,Delivered,1007.1,0.2509,2025-02,2025,Q1,1,0,0
ORD001613,2025-05-08,CUST00386,Beauty,Lip Balm,North,Chandigarh,Website,5,1190.18,0.1,5950.9,5355.81,4108.38,UPI,Delivered,1247.43,0.2329,2025-05,2025,Q2,1,0,0
ORD001614,2024-01-31,CUST01073,Beauty,Lip Balm,East,Bhubaneswar,Website,5,508.64,0.25,2543.2,1907.4,1555.06,Debit Card,Delivered,352.34,0.1847,2024-01,2024,Q1,1,0,0
ORD001615,2024-08-23,CUST00128,Sports,Dumbbells,West,Pune,Website,5,5489.03,0.0,27445.15,27445.15,19373.02,Credit Card,Delivered,8072.13,0.2941,2024-08,2024,Q3,1,0,0
ORD001616,2024-11-23,CUST00163,Sports,Yoga Mat,East,Kolkata,Mobile App,5,5739.97,0.1,28699.83,25829.85,16440.88,Credit Card,Delivered,9388.97,0.3635,2024-11,2024,Q4,1,0,0
ORD001617,2025-04-21,CUST00870,Fashion,Sunglasses,East,Kolkata,Marketplace,1,2052.69,0.1,2052.69,1847.42,1477.82,Cash on Delivery,Pending,369.6,0.2001,2025-04,2025,Q2,0,0,0
ORD001618,2025-01-17,CUST00860,Electronics,Power Bank,North,Chandigarh,Mobile App,4,7626.83,0.1,30507.32,27456.58,20784.19,Cash on Delivery,Delivered,6672.39,0.243,2025-01,2025,Q1,1,0,0
ORD001619,2024-01-11,CUST00073,Home & Kitchen,Storage Box,West,Mumbai,Mobile App,1,1465.85,0.15,1465.85,1245.97,996.29,Cash on Delivery,Delivered,249.68,0.2004,2024-01,2024,Q1,1,0,0
ORD001620,2024-06-09,CUST00482,Electronics,Laptop Stand,West,Mumbai,Mobile App,5,12447.35,0.1,62236.75,56013.07,29804.08,UPI,Delivered,26208.99,0.4679,2024-06,2024,Q2,1,0,0
ORD001621,2025-03-09,CUST01485,Sports,Dumbbells,South,Chennai,Mobile App,2,3603.44,0.05,7206.88,6846.54,3676.76,Net Banking,Delivered,3169.78,0.463,2025-03,2025,Q1,1,0,0
ORD001622,2024-08-13,CUST00118,Electronics,Power Bank,East,Kolkata,Marketplace,2,15138.26,0.05,30276.52,28762.69,23401.22,Credit Card,Delivered,5361.47,0.1864,2024-08,2024,Q3,1,0,0
ORD001623,2024-12-04,CUST00546,Home & Kitchen,Coffee Maker,South,Hyderabad,Website,4,6528.19,0.15,26112.76,22195.84,17584.34,Net Banking,Delivered,4611.5,0.2078,2024-12,2024,Q4,1,0,0
ORD001624,2024-06-05,CUST00389,Fashion,Backpack,South,Bengaluru,Website,4,1944.46,0.05,7777.86,7388.97,4573.72,Credit Card,Delivered,2815.25,0.381,2024-06,2024,Q2,1,0,0
ORD001625,2024-11-28,CUST01526,Fashion,Sunglasses,East,Kolkata,Mobile App,5,4578.15,0.05,22890.74,21746.2,16522.79,UPI,Returned,5223.41,0.2402,2024-11,2024,Q4,0,1,0
ORD001626,2024-08-11,CUST00675,Fashion,T-Shirt,North,Chandigarh,Mobile App,2,1050.72,0.0,2101.44,2101.44,1111.05,Debit Card,Pending,990.39,0.4713,2024-08,2024,Q3,0,0,0
ORD001627,2024-05-28,CUST00178,Electronics,Smartwatch,South,Hyderabad,Mobile App,1,2147.1,0.0,2147.1,2147.1,1304.68,Cash on Delivery,Delivered,842.42,0.3924,2024-05,2024,Q2,1,0,0
ORD001628,2024-05-02,CUST01069,Sports,Dumbbells,West,Mumbai,Website,4,5599.38,0.15,22397.52,19037.89,14882.27,Credit Card,Pending,4155.62,0.2183,2024-05,2024,Q2,0,0,0
ORD001629,2025-04-12,CUST00381,Electronics,Laptop Stand,Central,Bhopal,Mobile App,1,3245.3,0.2,3245.3,2596.24,1999.51,UPI,Delivered,596.73,0.2298,2025-04,2025,Q2,1,0,0
ORD001630,2024-06-06,CUST00148,Fashion,Backpack,South,Chennai,Mobile App,2,4032.85,0.2,8065.7,6452.56,4844.66,UPI,Returned,1607.9,0.2492,2024-06,2024,Q2,0,1,0
ORD001631,2025-01-19,CUST00157,Electronics,Smartwatch,South,Bengaluru,Website,3,4038.78,0.05,12116.33,11510.51,9308.18,UPI,Delivered,2202.33,0.1913,2025-01,2025,Q1,1,0,0
ORD001632,2025-05-13,CUST01541,Home & Kitchen,Coffee Maker,South,Hyderabad,Website,3,4076.71,0.25,12230.14,9172.6,7549.17,UPI,Delivered,1623.43,0.177,2025-05,2025,Q2,1,0,0
ORD001633,2024-04-24,CUST00377,Electronics,Wireless Headphones,South,Bengaluru,Website,2,10210.96,0.05,20421.92,19400.83,10176.55,Credit Card,Delivered,9224.28,0.4755,2024-04,2024,Q2,1,0,0
ORD001634,2024-05-18,CUST01516,Electronics,Wireless Headphones,North,Jaipur,Mobile App,1,15384.01,0.2,15384.01,12307.21,9899.3,Credit Card,Delivered,2407.91,0.1957,2024-05,2024,Q2,1,0,0
ORD001635,2024-12-13,CUST01596,Sports,Yoga Mat,West,Mumbai,Website,5,2585.55,0.1,12927.75,11634.97,6171.44,Cash on Delivery,Cancelled,5463.53,0.4696,2024-12,2024,Q4,0,0,1
ORD001636,2024-08-05,CUST00332,Electronics,Power Bank,East,Patna,Mobile App,2,4088.63,0.15,8177.27,6950.68,3748.71,Cash on Delivery,Delivered,3201.97,0.4607,2024-08,2024,Q3,1,0,0
ORD001637,2024-09-03,CUST00773,Fashion,T-Shirt,Central,Bhopal,Mobile App,3,2816.16,0.15,8448.48,7181.21,3988.37,Cash on Delivery,Returned,3192.84,0.4446,2024-09,2024,Q3,0,1,0
ORD001638,2025-06-21,CUST00171,Electronics,Power Bank,South,Bengaluru,Marketplace,3,2984.64,0.1,8953.93,8058.54,4282.18,Cash on Delivery,Delivered,3776.36,0.4686,2025-06,2025,Q2,1,0,0
ORD001639,2024-07-21,CUST00657,Fashion,Running Shoes,North,Jaipur,Website,1,1130.39,0.05,1130.39,1073.87,591.42,Net Banking,Delivered,482.45,0.4493,2024-07,2024,Q3,1,0,0
ORD001640,2024-08-05,CUST01052,Fashion,Denim Jacket,East,Bhubaneswar,Website,4,1757.09,0.05,7028.36,6676.94,4380.86,Credit Card,Delivered,2296.08,0.3439,2024-08,2024,Q3,1,0,0
ORD001641,2025-06-06,CUST00544,Electronics,Power Bank,North,Chandigarh,Website,1,14937.08,0.2,14937.08,11949.66,7920.13,UPI,Delivered,4029.53,0.3372,2025-06,2025,Q2,1,0,0
ORD001642,2024-12-04,CUST00416,Fashion,Sunglasses,North,Jaipur,Marketplace,3,4897.31,0.1,14691.93,13222.74,9608.02,Credit Card,Delivered,3614.72,0.2734,2024-12,2024,Q4,1,0,0
ORD001643,2024-05-30,CUST00066,Home & Kitchen,Storage Box,West,Mumbai,Mobile App,3,3035.64,0.15,9106.91,7740.88,5680.12,Net Banking,Delivered,2060.76,0.2662,2024-05,2024,Q2,1,0,0
ORD001644,2024-06-17,CUST00540,Fashion,T-Shirt,South,Chennai,Website,5,3865.65,0.2,19328.26,15462.61,9459.89,Debit Card,Delivered,6002.72,0.3882,2024-06,2024,Q2,1,0,0
ORD001645,2025-04-24,CUST00486,Fashion,Sunglasses,South,Bengaluru,Marketplace,2,484.34,0.1,968.68,871.81,504.4,Net Banking,Pending,367.41,0.4214,2025-04,2025,Q2,0,0,0
ORD001646,2024-09-29,CUST01537,Home & Kitchen,Mixer Grinder,North,Jaipur,Website,4,7079.94,0.0,28319.77,28319.77,16558.89,Net Banking,Delivered,11760.88,0.4153,2024-09,2024,Q3,1,0,0
ORD001647,2024-04-03,CUST01237,Electronics,Laptop Stand,North,Jaipur,Website,3,11527.09,0.05,34581.26,32852.2,26097.24,UPI,Delivered,6754.96,0.2056,2024-04,2024,Q2,1,0,0
ORD001648,2025-05-04,CUST00838,Electronics,Bluetooth Speaker,West,Pune,Marketplace,4,17057.29,0.0,68229.17,68229.17,46332.33,Credit Card,Delivered,21896.84,0.3209,2025-05,2025,Q2,1,0,0
ORD001649,2024-02-06,CUST01377,Fashion,Sunglasses,East,Kolkata,Mobile App,1,4538.43,0.1,4538.43,4084.58,2149.17,Cash on Delivery,Returned,1935.41,0.4738,2024-02,2024,Q1,0,1,0
ORD001650,2024-03-15,CUST00168,Home & Kitchen,Mixer Grinder,South,Bengaluru,Website,1,6582.29,0.1,6582.29,5924.06,4055.05,Net Banking,Delivered,1869.01,0.3155,2024-03,2024,Q1,1,0,0
ORD001651,2024-10-27,CUST00759,Beauty,Lip Balm,West,Pune,Mobile App,3,787.85,0.2,2363.56,1890.85,1079.62,UPI,Delivered,811.23,0.429,2024-10,2024,Q4,1,0,0
ORD001652,2025-03-10,CUST01255,Fashion,Denim Jacket,North,Chandigarh,Website,3,2569.29,0.15,7707.88,6551.7,3654.16,Debit Card,Delivered,2897.54,0.4423,2025-03,2025,Q1,1,0,0
ORD001653,2025-06-07,CUST01546,Electronics,Power Bank,West,Mumbai,Website,2,19379.75,0.1,38759.49,34883.54,26849.57,Credit Card,Delivered,8033.97,0.2303,2025-06,2025,Q2,1,0,0
ORD001654,2024-02-19,CUST00978,Electronics,Laptop Stand,West,Pune,Mobile App,1,10616.57,0.15,10616.57,9024.09,6428.37,Credit Card,Delivered,2595.72,0.2876,2024-02,2024,Q1,1,0,0
ORD001655,2024-07-21,CUST00455,Sports,Yoga Mat,South,Chennai,Mobile App,2,3663.89,0.2,7327.79,5862.23,3354.9,Debit Card,Delivered,2507.33,0.4277,2024-07,2024,Q3,1,0,0
ORD001656,2025-02-21,CUST01007,Beauty,Moisturizer,South,Bengaluru,Mobile App,5,2408.18,0.1,12040.88,10836.79,7978.96,UPI,Delivered,2857.83,0.2637,2025-02,2025,Q1,1,0,0
ORD001657,2024-04-03,CUST00871,Fashion,Running Shoes,North,Jaipur,Website,2,786.25,0.1,1572.51,1415.26,896.62,Debit Card,Delivered,518.64,0.3665,2024-04,2024,Q2,1,0,0
ORD001658,2025-01-20,CUST01284,Beauty,Shampoo,North,Chandigarh,Mobile App,5,251.47,0.0,1257.37,1257.37,906.4,UPI,Delivered,350.97,0.2791,2025-01,2025,Q1,1,0,0
ORD001659,2024-08-13,CUST00266,Sports,Resistance Bands,Central,Nagpur,Website,1,5179.39,0.0,5179.39,5179.39,3288.81,Debit Card,Delivered,1890.58,0.365,2024-08,2024,Q3,1,0,0
ORD001660,2024-06-16,CUST00938,Electronics,Wireless Headphones,North,Chandigarh,Mobile App,3,14428.11,0.05,43284.34,41120.12,29095.22,Debit Card,Delivered,12024.9,0.2924,2024-06,2024,Q2,1,0,0
ORD001661,2024-11-17,CUST01595,Fashion,Sunglasses,Central,Indore,Website,3,3443.94,0.1,10331.82,9298.63,6342.06,UPI,Delivered,2956.57,0.318,2024-11,2024,Q4,1,0,0
ORD001662,2025-01-23,CUST00364,Fashion,T-Shirt,South,Hyderabad,Website,4,357.59,0.2,1430.37,1144.3,761.49,Credit Card,Delivered,382.81,0.3345,2025-01,2025,Q1,1,0,0
ORD001663,2025-05-29,CUST00453,Electronics,Bluetooth Speaker,West,Ahmedabad,Mobile App,4,6100.31,0.25,24401.23,18300.92,12498.82,Debit Card,Delivered,5802.1,0.317,2025-05,2025,Q2,1,0,0
ORD001664,2024-06-01,CUST00051,Home & Kitchen,Storage Box,Central,Bhopal,Mobile App,4,4338.28,0.05,17353.1,16485.45,10208.48,Debit Card,Delivered,6276.97,0.3808,2024-06,2024,Q2,1,0,0
ORD001665,2024-02-25,CUST00413,Fashion,T-Shirt,Central,Nagpur,Website,1,4965.13,0.25,4965.13,3723.85,2636.92,Cash on Delivery,Delivered,1086.93,0.2919,2024-02,2024,Q1,1,0,0
ORD001666,2024-02-26,CUST01264,Fashion,Backpack,Central,Bhopal,Mobile App,2,2780.11,0.05,5560.21,5282.2,4072.65,UPI,Cancelled,1209.55,0.229,2024-02,2024,Q1,0,0,1
ORD001667,2024-01-22,CUST00623,Fashion,Sunglasses,Central,Indore,Website,2,4831.97,0.0,9663.94,9663.94,6495.58,Debit Card,Returned,3168.36,0.3279,2024-01,2024,Q1,0,1,0
ORD001668,2024-11-19,CUST00531,Beauty,Moisturizer,South,Bengaluru,Mobile App,1,1622.81,0.05,1622.81,1541.67,1063.79,Net Banking,Pending,477.88,0.31,2024-11,2024,Q4,0,0,0
ORD001669,2025-01-06,CUST00378,Sports,Dumbbells,East,Bhubaneswar,Mobile App,3,5251.01,0.0,15753.02,15753.02,8495.17,Credit Card,Delivered,7257.85,0.4607,2025-01,2025,Q1,1,0,0
ORD001670,2024-09-05,CUST00896,Fashion,Running Shoes,East,Bhubaneswar,Website,5,5138.72,0.1,25693.59,23124.23,12393.19,Debit Card,Delivered,10731.04,0.4641,2024-09,2024,Q3,1,0,0
ORD001671,2024-03-12,CUST00367,Beauty,Moisturizer,East,Patna,Mobile App,3,236.96,0.05,710.87,675.33,539.91,Net Banking,Cancelled,135.42,0.2005,2024-03,2024,Q1,0,0,1
ORD001672,2024-05-22,CUST00331,Fashion,Backpack,East,Bhubaneswar,Website,5,2560.19,0.2,12800.96,10240.77,7536.34,Cash on Delivery,Delivered,2704.43,0.2641,2024-05,2024,Q2,1,0,0
ORD001673,2024-10-09,CUST00901,Beauty,Moisturizer,East,Bhubaneswar,Website,3,2323.09,0.2,6969.26,5575.4,4245.81,Debit Card,Delivered,1329.59,0.2385,2024-10,2024,Q4,1,0,0
ORD001674,2024-02-05,CUST00113,Beauty,Lip Balm,South,Bengaluru,Marketplace,5,2730.63,0.0,13653.15,13653.15,9968.06,Credit Card,Delivered,3685.09,0.2699,2024-02,2024,Q1,1,0,0
ORD001675,2025-02-13,CUST00598,Sports,Dumbbells,East,Bhubaneswar,Mobile App,2,1782.21,0.05,3564.42,3386.2,2741.54,UPI,Pending,644.66,0.1904,2025-02,2025,Q1,0,0,0
ORD001676,2024-02-25,CUST01145,Fashion,Running Shoes,North,Jaipur,Marketplace,5,4836.65,0.25,24183.23,18137.43,12460.14,UPI,Pending,5677.29,0.313,2024-02,2024,Q1,0,0,0
ORD001677,2024-04-24,CUST00335,Beauty,Sunscreen,Central,Nagpur,Mobile App,4,2871.69,0.2,11486.78,9189.42,6499.54,Net Banking,Returned,2689.88,0.2927,2024-04,2024,Q2,0,1,0
ORD001678,2024-09-13,CUST00460,Electronics,Laptop Stand,South,Chennai,Website,2,15375.19,0.0,30750.37,30750.37,17013.93,Cash on Delivery,Returned,13736.44,0.4467,2024-09,2024,Q3,0,1,0
ORD001679,2024-02-06,CUST01203,Electronics,Bluetooth Speaker,Central,Indore,Marketplace,4,4810.34,0.1,19241.36,17317.23,10954.84,UPI,Delivered,6362.39,0.3674,2024-02,2024,Q1,1,0,0
ORD001680,2025-01-18,CUST00360,Home & Kitchen,Coffee Maker,South,Bengaluru,Website,3,4520.53,0.0,13561.58,13561.58,7201.52,Credit Card,Returned,6360.06,0.469,2025-01,2025,Q1,0,1,0
ORD001681,2024-06-07,CUST01079,Beauty,Moisturizer,Central,Nagpur,Website,2,887.5,0.05,1774.99,1686.24,1207.97,UPI,Returned,478.27,0.2836,2024-06,2024,Q2,0,1,0
ORD001682,2024-09-23,CUST01139,Home & Kitchen,Air Fryer,South,Chennai,Marketplace,1,3188.83,0.15,3188.83,2710.5,1633.46,Net Banking,Delivered,1077.04,0.3974,2024-09,2024,Q3,1,0,0
ORD001683,2025-06-09,CUST00306,Home & Kitchen,Air Fryer,West,Mumbai,Mobile App,2,2792.37,0.1,5584.73,5026.26,4177.3,Credit Card,Delivered,848.96,0.1689,2025-06,2025,Q2,1,0,0
ORD001684,2024-05-26,CUST00044,Beauty,Face Serum,Central,Indore,Mobile App,4,1192.73,0.15,4770.93,4055.29,2670.52,UPI,Returned,1384.77,0.3415,2024-05,2024,Q2,0,1,0
ORD001685,2025-03-06,CUST01162,Fashion,Backpack,South,Chennai,Marketplace,5,2163.7,0.25,10818.52,8113.89,6364.33,Cash on Delivery,Delivered,1749.56,0.2156,2025-03,2025,Q1,1,0,0
ORD001686,2024-11-07,CUST00625,Fashion,Sunglasses,North,Chandigarh,Mobile App,3,1512.11,0.25,4536.33,3402.25,2647.52,UPI,Delivered,754.73,0.2218,2024-11,2024,Q4,1,0,0
ORD001687,2025-02-08,CUST00705,Home & Kitchen,Mixer Grinder,West,Pune,Mobile App,3,5592.92,0.1,16778.76,15100.89,11074.83,Cash on Delivery,Delivered,4026.06,0.2666,2025-02,2025,Q1,1,0,0
ORD001688,2024-07-08,CUST00042,Fashion,Running Shoes,East,Patna,Website,3,2434.96,0.15,7304.89,6209.16,4834.42,Credit Card,Delivered,1374.74,0.2214,2024-07,2024,Q3,1,0,0
ORD001689,2024-07-03,CUST01312,Fashion,Backpack,West,Ahmedabad,Mobile App,3,5080.24,0.1,15240.73,13716.66,9359.89,Cash on Delivery,Delivered,4356.77,0.3176,2024-07,2024,Q3,1,0,0
ORD001690,2024-09-29,CUST00199,Fashion,Running Shoes,South,Chennai,Website,5,1399.84,0.05,6999.21,6649.25,3621.74,Cash on Delivery,Delivered,3027.51,0.4553,2024-09,2024,Q3,1,0,0
ORD001691,2024-11-29,CUST00607,Electronics,Bluetooth Speaker,South,Bengaluru,Mobile App,3,8150.17,0.1,24450.51,22005.46,15597.05,Credit Card,Delivered,6408.41,0.2912,2024-11,2024,Q4,1,0,0
ORD001692,2024-06-29,CUST00661,Home & Kitchen,Water Bottle,West,Pune,Mobile App,5,5834.56,0.2,29172.79,23338.23,13860.45,Debit Card,Delivered,9477.78,0.4061,2024-06,2024,Q2,1,0,0
ORD001693,2025-06-29,CUST00248,Electronics,Bluetooth Speaker,East,Kolkata,Website,3,17982.18,0.15,53946.55,45854.57,24496.73,Credit Card,Delivered,21357.84,0.4658,2025-06,2025,Q2,1,0,0
ORD001694,2024-03-16,CUST01558,Electronics,Power Bank,South,Chennai,Website,2,15356.18,0.15,30712.36,26105.5,13613.32,Credit Card,Delivered,12492.18,0.4785,2024-03,2024,Q1,1,0,0
ORD001695,2024-11-22,CUST01498,Home & Kitchen,Water Bottle,East,Kolkata,Website,1,742.92,0.0,742.92,742.92,544.33,Cash on Delivery,Delivered,198.59,0.2673,2024-11,2024,Q4,1,0,0
ORD001696,2024-08-23,CUST00591,Home & Kitchen,Air Fryer,West,Ahmedabad,Website,2,9375.96,0.1,18751.92,16876.73,12966.39,UPI,Delivered,3910.34,0.2317,2024-08,2024,Q3,1,0,0
ORD001697,2025-05-19,CUST01303,Home & Kitchen,Air Fryer,South,Bengaluru,Marketplace,1,3566.0,0.1,3566.0,3209.4,2692.9,Debit Card,Delivered,516.5,0.1609,2025-05,2025,Q2,1,0,0
ORD001698,2025-02-07,CUST00464,Fashion,Sunglasses,South,Chennai,Mobile App,3,4304.35,0.0,12913.05,12913.05,7760.66,Net Banking,Delivered,5152.39,0.399,2025-02,2025,Q1,1,0,0
ORD001699,2024-05-10,CUST00658,Electronics,Bluetooth Speaker,West,Ahmedabad,Mobile App,1,19897.05,0.25,19897.05,14922.79,11809.87,Credit Card,Delivered,3112.92,0.2086,2024-05,2024,Q2,1,0,0
ORD001700,2024-01-20,CUST00573,Home & Kitchen,Air Fryer,West,Pune,Marketplace,2,2507.3,0.0,5014.6,5014.6,3464.24,UPI,Delivered,1550.36,0.3092,2024-01,2024,Q1,1,0,0
ORD001701,2024-08-12,CUST01207,Sports,Resistance Bands,South,Chennai,Website,5,5057.16,0.2,25285.81,20228.65,13652.72,Net Banking,Pending,6575.93,0.3251,2024-08,2024,Q3,0,0,0
ORD001702,2024-08-16,CUST01225,Fashion,Running Shoes,North,Delhi,Website,4,3970.69,0.1,15882.76,14294.48,11331.76,Cash on Delivery,Delivered,2962.72,0.2073,2024-08,2024,Q3,1,0,0
ORD001703,2025-01-24,CUST01401,Electronics,Smartwatch,West,Ahmedabad,Website,2,10525.91,0.1,21051.81,18946.63,15134.98,Debit Card,Delivered,3811.65,0.2012,2025-01,2025,Q1,1,0,0
ORD001704,2024-05-02,CUST00302,Electronics,Wireless Headphones,North,Chandigarh,Marketplace,2,6449.6,0.15,12899.2,10964.32,8782.36,Credit Card,Delivered,2181.96,0.199,2024-05,2024,Q2,1,0,0
ORD001705,2025-03-11,CUST01081,Fashion,Sunglasses,West,Pune,Mobile App,4,4387.03,0.05,17548.13,16670.72,12703.01,Cash on Delivery,Delivered,3967.71,0.238,2025-03,2025,Q1,1,0,0
ORD001706,2024-07-02,CUST00311,Home & Kitchen,Air Fryer,West,Mumbai,Mobile App,2,9355.38,0.1,18710.76,16839.69,8884.46,Cash on Delivery,Delivered,7955.23,0.4724,2024-07,2024,Q3,1,0,0
ORD001707,2025-04-05,CUST00690,Home & Kitchen,Water Bottle,North,Chandigarh,Mobile App,3,997.36,0.0,2992.09,2992.09,2094.96,Cash on Delivery,Delivered,897.13,0.2998,2025-04,2025,Q2,1,0,0
ORD001708,2024-11-22,CUST00320,Home & Kitchen,Coffee Maker,South,Hyderabad,Mobile App,1,2275.42,0.1,2275.42,2047.88,1181.25,Net Banking,Cancelled,866.63,0.4232,2024-11,2024,Q4,0,0,1
ORD001709,2024-08-14,CUST01033,Home & Kitchen,Mixer Grinder,Central,Indore,Website,3,6107.7,0.1,18323.09,16490.78,11367.01,Net Banking,Delivered,5123.77,0.3107,2024-08,2024,Q3,1,0,0
ORD001710,2024-08-19,CUST00583,Fashion,T-Shirt,West,Mumbai,Mobile App,4,4369.17,0.15,17476.69,14855.18,8948.26,Cash on Delivery,Delivered,5906.92,0.3976,2024-08,2024,Q3,1,0,0
ORD001711,2025-06-12,CUST00403,Sports,Cricket Bat,West,Pune,Marketplace,5,3247.11,0.2,16235.55,12988.44,8985.17,Credit Card,Delivered,4003.27,0.3082,2025-06,2025,Q2,1,0,0
ORD001712,2024-05-13,CUST00430,Electronics,Laptop Stand,East,Kolkata,Website,1,5920.38,0.25,5920.38,4440.28,2381.6,Debit Card,Delivered,2058.68,0.4636,2024-05,2024,Q2,1,0,0
ORD001713,2024-08-03,CUST00429,Fashion,T-Shirt,South,Hyderabad,Website,3,2485.26,0.15,7455.77,6337.4,4165.64,Cash on Delivery,Delivered,2171.76,0.3427,2024-08,2024,Q3,1,0,0
ORD001714,2024-06-11,CUST00114,Home & Kitchen,Coffee Maker,East,Bhubaneswar,Mobile App,3,1960.33,0.2,5880.99,4704.79,2716.44,Credit Card,Delivered,1988.35,0.4226,2024-06,2024,Q2,1,0,0
ORD001715,2024-02-21,CUST00147,Sports,Dumbbells,South,Bengaluru,Mobile App,4,2316.23,0.1,9264.92,8338.42,5296.25,Debit Card,Delivered,3042.17,0.3648,2024-02,2024,Q1,1,0,0
ORD001716,2024-07-24,CUST01142,Electronics,Smartwatch,East,Kolkata,Mobile App,2,15025.88,0.05,30051.76,28549.17,17474.68,Cash on Delivery,Delivered,11074.49,0.3879,2024-07,2024,Q3,1,0,0
ORD001717,2024-02-21,CUST00823,Electronics,Bluetooth Speaker,South,Bengaluru,Website,1,11486.45,0.05,11486.45,10912.13,7681.98,Net Banking,Delivered,3230.15,0.296,2024-02,2024,Q1,1,0,0
ORD001718,2024-03-13,CUST01496,Electronics,Smartwatch,South,Hyderabad,Website,3,20449.41,0.0,61348.23,61348.23,38495.78,Credit Card,Delivered,22852.45,0.3725,2024-03,2024,Q1,1,0,0
ORD001719,2024-04-23,CUST01267,Electronics,Wireless Headphones,Central,Indore,Marketplace,2,8157.74,0.1,16315.48,14683.93,10327.65,Cash on Delivery,Cancelled,4356.28,0.2967,2024-04,2024,Q2,0,0,1
ORD001720,2024-03-24,CUST00916,Electronics,Smartwatch,West,Ahmedabad,Mobile App,5,11042.3,0.25,55211.5,41408.63,33450.31,Debit Card,Delivered,7958.32,0.1922,2024-03,2024,Q1,1,0,0
ORD001721,2024-03-19,CUST00925,Electronics,Power Bank,West,Mumbai,Marketplace,1,6520.68,0.15,6520.68,5542.58,3198.58,Debit Card,Pending,2344.0,0.4229,2024-03,2024,Q1,0,0,0
ORD001722,2024-03-16,CUST00247,Home & Kitchen,Coffee Maker,Central,Indore,Website,1,8290.39,0.0,8290.39,8290.39,6495.78,UPI,Delivered,1794.61,0.2165,2024-03,2024,Q1,1,0,0
ORD001723,2024-08-03,CUST01230,Electronics,Wireless Headphones,South,Chennai,Website,2,13064.36,0.15,26128.71,22209.41,15027.39,Net Banking,Delivered,7182.02,0.3234,2024-08,2024,Q3,1,0,0
ORD001724,2025-01-08,CUST00148,Sports,Football,Central,Indore,Mobile App,3,5917.89,0.0,17753.68,17753.68,14120.36,Net Banking,Delivered,3633.32,0.2047,2025-01,2025,Q1,1,0,0
ORD001725,2025-06-28,CUST01328,Electronics,Smartwatch,Central,Indore,Marketplace,1,15920.07,0.05,15920.07,15124.06,12569.21,Net Banking,Delivered,2554.85,0.1689,2025-06,2025,Q2,1,0,0
ORD001726,2024-11-04,CUST01201,Home & Kitchen,Water Bottle,South,Bengaluru,Website,3,2587.77,0.1,7763.3,6986.97,4832.33,Net Banking,Delivered,2154.64,0.3084,2024-11,2024,Q4,1,0,0
ORD001727,2025-01-15,CUST00541,Electronics,Smartwatch,North,Jaipur,Marketplace,5,18481.57,0.1,92407.83,83167.05,61548.4,Cash on Delivery,Delivered,21618.65,0.2599,2025-01,2025,Q1,1,0,0
ORD001728,2024-11-12,CUST01518,Electronics,Laptop Stand,South,Chennai,Mobile App,1,8756.3,0.05,8756.3,8318.48,5130.53,Credit Card,Delivered,3187.95,0.3832,2024-11,2024,Q4,1,0,0
ORD001729,2024-10-22,CUST01438,Electronics,Wireless Headphones,North,Delhi,Website,2,11064.46,0.0,22128.92,22128.92,12818.55,Debit Card,Delivered,9310.37,0.4207,2024-10,2024,Q4,1,0,0
ORD001730,2025-05-23,CUST00793,Electronics,Wireless Headphones,West,Ahmedabad,Marketplace,5,19357.84,0.1,96789.22,87110.3,59870.7,Cash on Delivery,Delivered,27239.6,0.3127,2025-05,2025,Q2,1,0,0
ORD001731,2025-06-14,CUST01509,Electronics,Laptop Stand,East,Kolkata,Mobile App,1,13965.56,0.05,13965.56,13267.28,11032.82,Net Banking,Returned,2234.46,0.1684,2025-06,2025,Q2,0,1,0
ORD001732,2025-04-10,CUST00228,Beauty,Sunscreen,West,Pune,Mobile App,2,896.82,0.1,1793.65,1614.28,1019.43,Net Banking,Delivered,594.85,0.3685,2025-04,2025,Q2,1,0,0
ORD001733,2024-04-12,CUST00232,Fashion,Running Shoes,East,Bhubaneswar,Website,4,900.1,0.2,3600.41,2880.33,2174.49,Credit Card,Delivered,705.84,0.2451,2024-04,2024,Q2,1,0,0
ORD001734,2024-01-09,CUST00158,Home & Kitchen,Water Bottle,West,Mumbai,Website,4,946.7,0.25,3786.8,2840.1,1738.72,Net Banking,Delivered,1101.38,0.3878,2024-01,2024,Q1,1,0,0
ORD001735,2024-05-01,CUST00069,Fashion,Sunglasses,South,Bengaluru,Mobile App,3,3911.17,0.2,11733.5,9386.8,4927.0,Credit Card,Delivered,4459.8,0.4751,2024-05,2024,Q2,1,0,0
ORD001736,2025-01-10,CUST00383,Electronics,Smartwatch,East,Kolkata,Website,2,21114.62,0.15,42229.24,35894.85,29406.05,Credit Card,Returned,6488.8,0.1808,2025-01,2025,Q1,0,1,0
ORD001737,2025-02-05,CUST01234,Electronics,Bluetooth Speaker,West,Pune,Website,1,5055.35,0.0,5055.35,5055.35,2830.43,Net Banking,Delivered,2224.92,0.4401,2025-02,2025,Q1,1,0,0
ORD001738,2024-04-22,CUST01078,Fashion,Running Shoes,North,Jaipur,Mobile App,2,1755.52,0.1,3511.04,3159.94,2160.02,Debit Card,Delivered,999.92,0.3164,2024-04,2024,Q2,1,0,0
ORD001739,2024-11-16,CUST01391,Beauty,Moisturizer,East,Bhubaneswar,Marketplace,2,201.97,0.05,403.94,383.75,301.67,Credit Card,Delivered,82.08,0.2139,2024-11,2024,Q4,1,0,0
ORD001740,2024-02-06,CUST00772,Home & Kitchen,Water Bottle,North,Chandigarh,Website,3,4443.08,0.15,13329.25,11329.86,7369.02,Credit Card,Delivered,3960.84,0.3496,2024-02,2024,Q1,1,0,0
ORD001741,2024-02-16,CUST00077,Home & Kitchen,Storage Box,East,Kolkata,Website,2,6957.95,0.25,13915.9,10436.93,8577.38,Credit Card,Delivered,1859.55,0.1782,2024-02,2024,Q1,1,0,0
ORD001742,2024-05-26,CUST01224,Home & Kitchen,Coffee Maker,North,Delhi,Website,4,2287.82,0.1,9151.28,8236.15,6467.81,Net Banking,Delivered,1768.34,0.2147,2024-05,2024,Q2,1,0,0
ORD001743,2024-11-22,CUST00930,Electronics,Laptop Stand,South,Bengaluru,Marketplace,4,21737.5,0.0,86949.99,86949.99,64243.93,Cash on Delivery,Delivered,22706.06,0.2611,2024-11,2024,Q4,1,0,0
ORD001744,2024-02-14,CUST01023,Electronics,Bluetooth Speaker,South,Chennai,Website,2,7878.14,0.15,15756.28,13392.84,8836.7,Credit Card,Delivered,4556.14,0.3402,2024-02,2024,Q1,1,0,0
ORD001745,2025-05-13,CUST01206,Home & Kitchen,Storage Box,North,Chandigarh,Website,2,7813.2,0.1,15626.39,14063.75,11500.48,Debit Card,Delivered,2563.27,0.1823,2025-05,2025,Q2,1,0,0
ORD001746,2025-05-26,CUST00474,Electronics,Laptop Stand,South,Hyderabad,Website,2,8979.59,0.1,17959.17,16163.26,8860.1,Debit Card,Delivered,7303.16,0.4518,2025-05,2025,Q2,1,0,0
ORD001747,2024-04-28,CUST01072,Sports,Football,West,Pune,Website,4,6296.31,0.15,25185.24,21407.45,13579.58,Credit Card,Cancelled,7827.87,0.3657,2024-04,2024,Q2,0,0,1
ORD001748,2025-03-29,CUST01487,Home & Kitchen,Air Fryer,North,Jaipur,Website,2,6068.09,0.15,12136.17,10315.75,8648.49,Credit Card,Delivered,1667.26,0.1616,2025-03,2025,Q1,1,0,0
ORD001749,2024-05-19,CUST00083,Home & Kitchen,Air Fryer,West,Mumbai,Website,1,2856.47,0.05,2856.47,2713.65,1676.76,Cash on Delivery,Delivered,1036.89,0.3821,2024-05,2024,Q2,1,0,0
ORD001750,2025-06-10,CUST00833,Sports,Cricket Bat,North,Jaipur,Website,5,1924.47,0.0,9622.37,9622.37,7542.2,Cash on Delivery,Returned,2080.17,0.2162,2025-06,2025,Q2,0,1,0
ORD001751,2025-04-20,CUST00098,Sports,Cricket Bat,North,Jaipur,Website,3,4536.68,0.25,13610.04,10207.53,6216.93,Net Banking,Delivered,3990.6,0.3909,2025-04,2025,Q2,1,0,0
ORD001752,2025-01-23,CUST00235,Home & Kitchen,Air Fryer,Central,Indore,Website,1,2370.9,0.0,2370.9,2370.9,1750.22,Cash on Delivery,Delivered,620.68,0.2618,2025-01,2025,Q1,1,0,0
ORD001753,2025-03-27,CUST00967,Electronics,Bluetooth Speaker,North,Jaipur,Marketplace,1,19208.18,0.1,19208.18,17287.36,14434.77,Credit Card,Cancelled,2852.59,0.165,2025-03,2025,Q1,0,0,1
ORD001754,2024-11-05,CUST00660,Fashion,Denim Jacket,North,Chandigarh,Website,3,768.58,0.1,2305.73,2075.15,1678.21,Credit Card,Delivered,396.94,0.1913,2024-11,2024,Q4,1,0,0
ORD001755,2024-04-14,CUST01264,Fashion,Running Shoes,Central,Bhopal,Website,5,318.57,0.2,1592.86,1274.29,961.89,Cash on Delivery,Pending,312.4,0.2452,2024-04,2024,Q2,0,0,0
ORD001756,2024-10-06,CUST01274,Electronics,Power Bank,West,Mumbai,Mobile App,2,2184.2,0.15,4368.4,3713.14,2830.6,Credit Card,Delivered,882.54,0.2377,2024-10,2024,Q4,1,0,0
ORD001757,2024-03-07,CUST01121,Fashion,Running Shoes,North,Delhi,Website,4,4529.43,0.2,18117.71,14494.17,8735.98,Credit Card,Delivered,5758.19,0.3973,2024-03,2024,Q1,1,0,0
ORD001758,2025-01-13,CUST00803,Electronics,Wireless Headphones,North,Chandigarh,Marketplace,2,2785.24,0.1,5570.49,5013.44,3122.94,Net Banking,Delivered,1890.5,0.3771,2025-01,2025,Q1,1,0,0
ORD001759,2025-05-18,CUST00117,Beauty,Lip Balm,Central,Indore,Mobile App,2,1778.34,0.15,3556.68,3023.17,1856.87,UPI,Returned,1166.3,0.3858,2025-05,2025,Q2,0,1,0
ORD001760,2025-02-14,CUST00581,Fashion,T-Shirt,North,Chandigarh,Website,2,5452.97,0.1,10905.95,9815.35,5196.41,Debit Card,Delivered,4618.94,0.4706,2025-02,2025,Q1,1,0,0
ORD001761,2024-10-23,CUST01366,Electronics,Wireless Headphones,South,Chennai,Mobile App,1,13808.79,0.2,13808.79,11047.03,8738.91,Debit Card,Delivered,2308.12,0.2089,2024-10,2024,Q4,1,0,0
ORD001762,2025-05-31,CUST01279,Home & Kitchen,Coffee Maker,North,Jaipur,Mobile App,2,1584.45,0.15,3168.89,2693.56,1624.72,UPI,Delivered,1068.84,0.3968,2025-05,2025,Q2,1,0,0
ORD001763,2024-08-15,CUST01293,Fashion,T-Shirt,East,Patna,Marketplace,4,4996.91,0.15,19987.65,16989.5,11866.41,Credit Card,Delivered,5123.09,0.3015,2024-08,2024,Q3,1,0,0
ORD001764,2024-08-22,CUST00729,Fashion,T-Shirt,West,Ahmedabad,Mobile App,5,971.77,0.2,4858.84,3887.07,3216.0,Net Banking,Delivered,671.07,0.1726,2024-08,2024,Q3,1,0,0
ORD001765,2025-01-26,CUST01011,Electronics,Smartwatch,South,Bengaluru,Website,2,19327.52,0.2,38655.03,30924.02,23494.75,Debit Card,Delivered,7429.27,0.2402,2025-01,2025,Q1,1,0,0
ORD001766,2024-03-19,CUST00426,Electronics,Wireless Headphones,East,Patna,Website,4,10392.66,0.05,41570.64,39492.11,24945.26,Debit Card,Delivered,14546.85,0.3683,2024-03,2024,Q1,1,0,0
ORD001767,2025-02-10,CUST01138,Fashion,Denim Jacket,Central,Bhopal,Website,1,601.96,0.0,601.96,601.96,341.93,Credit Card,Delivered,260.03,0.432,2025-02,2025,Q1,1,0,0
ORD001768,2025-02-28,CUST00468,Sports,Football,North,Jaipur,Website,1,4694.71,0.0,4694.71,4694.71,2555.1,Cash on Delivery,Delivered,2139.61,0.4557,2025-02,2025,Q1,1,0,0
ORD001769,2025-02-05,CUST00852,Electronics,Laptop Stand,North,Jaipur,Website,1,3339.44,0.15,3339.44,2838.52,1835.44,Net Banking,Delivered,1003.08,0.3534,2025-02,2025,Q1,1,0,0
ORD001770,2025-05-12,CUST01109,Home & Kitchen,Mixer Grinder,West,Ahmedabad,Mobile App,2,5992.25,0.0,11984.5,11984.5,8678.81,Credit Card,Delivered,3305.69,0.2758,2025-05,2025,Q2,1,0,0
ORD001771,2025-05-19,CUST00208,Fashion,T-Shirt,South,Chennai,Mobile App,3,1995.89,0.15,5987.67,5089.52,3145.29,Debit Card,Delivered,1944.23,0.382,2025-05,2025,Q2,1,0,0
ORD001772,2024-02-09,CUST01159,Fashion,Sunglasses,Central,Indore,Website,4,1679.99,0.0,6719.95,6719.95,5110.67,UPI,Delivered,1609.28,0.2395,2024-02,2024,Q1,1,0,0
ORD001773,2025-02-12,CUST00283,Fashion,Sunglasses,West,Mumbai,Mobile App,2,4182.41,0.0,8364.82,8364.82,4934.97,Net Banking,Delivered,3429.85,0.41,2025-02,2025,Q1,1,0,0
ORD001774,2024-04-20,CUST01337,Electronics,Power Bank,North,Jaipur,Marketplace,3,3415.68,0.15,10247.04,8709.99,4717.8,Net Banking,Returned,3992.19,0.4583,2024-04,2024,Q2,0,1,0
ORD001775,2025-03-26,CUST00452,Electronics,Smartwatch,South,Hyderabad,Website,4,1889.07,0.2,7556.28,6045.02,4280.95,UPI,Cancelled,1764.07,0.2918,2025-03,2025,Q1,0,0,1
ORD001776,2024-06-05,CUST00010,Beauty,Shampoo,South,Bengaluru,Website,2,1999.54,0.2,3999.08,3199.27,2017.98,Credit Card,Delivered,1181.29,0.3692,2024-06,2024,Q2,1,0,0
ORD001777,2024-09-15,CUST01417,Home & Kitchen,Mixer Grinder,Central,Indore,Mobile App,3,5869.26,0.0,17607.78,17607.78,13474.59,Net Banking,Pending,4133.19,0.2347,2024-09,2024,Q3,0,0,0
ORD001778,2025-06-25,CUST01209,Fashion,Denim Jacket,West,Mumbai,Mobile App,3,1406.95,0.1,4220.85,3798.77,2550.95,Credit Card,Delivered,1247.82,0.3285,2025-06,2025,Q2,1,0,0
ORD001779,2025-05-08,CUST01133,Beauty,Sunscreen,North,Chandigarh,Mobile App,4,2102.51,0.05,8410.05,7989.55,5467.16,Credit Card,Pending,2522.39,0.3157,2025-05,2025,Q2,0,0,0
ORD001780,2024-08-17,CUST00646,Beauty,Face Serum,East,Kolkata,Mobile App,5,2456.84,0.0,12284.19,12284.19,7868.41,Net Banking,Delivered,4415.78,0.3595,2024-08,2024,Q3,1,0,0
ORD001781,2025-01-23,CUST01393,Home & Kitchen,Coffee Maker,West,Mumbai,Marketplace,5,3759.93,0.0,18799.64,18799.64,12263.98,Debit Card,Delivered,6535.66,0.3476,2025-01,2025,Q1,1,0,0
ORD001782,2024-07-05,CUST00198,Sports,Football,West,Mumbai,Mobile App,2,4098.36,0.1,8196.72,7377.05,4434.11,Credit Card,Delivered,2942.94,0.3989,2024-07,2024,Q3,1,0,0
ORD001783,2024-09-14,CUST01229,Home & Kitchen,Mixer Grinder,West,Mumbai,Mobile App,1,3804.36,0.15,3804.36,3233.71,2013.44,Cash on Delivery,Delivered,1220.27,0.3774,2024-09,2024,Q3,1,0,0
ORD001784,2024-04-27,CUST00862,Beauty,Sunscreen,North,Delhi,Mobile App,5,371.13,0.0,1855.63,1855.63,1505.99,UPI,Delivered,349.64,0.1884,2024-04,2024,Q2,1,0,0
ORD001785,2024-03-21,CUST00632,Beauty,Moisturizer,East,Kolkata,Marketplace,2,1612.63,0.05,3225.26,3064.0,2472.49,Credit Card,Delivered,591.51,0.1931,2024-03,2024,Q1,1,0,0
ORD001786,2024-09-08,CUST01001,Sports,Yoga Mat,South,Chennai,Mobile App,2,6158.87,0.2,12317.74,9854.19,7200.62,UPI,Delivered,2653.57,0.2693,2024-09,2024,Q3,1,0,0
ORD001787,2024-10-12,CUST00916,Fashion,Denim Jacket,North,Chandigarh,Mobile App,4,4640.07,0.25,18560.3,13920.22,10058.32,UPI,Cancelled,3861.9,0.2774,2024-10,2024,Q4,0,0,1
ORD001788,2024-08-18,CUST00998,Beauty,Face Serum,South,Chennai,Marketplace,4,2675.11,0.0,10700.45,10700.45,8428.45,Cash on Delivery,Delivered,2272.0,0.2123,2024-08,2024,Q3,1,0,0
ORD001789,2024-05-01,CUST01153,Electronics,Power Bank,West,Mumbai,Mobile App,5,2907.78,0.05,14538.9,13811.96,8729.66,Net Banking,Delivered,5082.3,0.368,2024-05,2024,Q2,1,0,0
ORD001790,2024-05-21,CUST01229,Fashion,Backpack,East,Patna,Website,1,667.04,0.05,667.04,633.69,345.97,Debit Card,Delivered,287.72,0.454,2024-05,2024,Q2,1,0,0
ORD001791,2024-07-15,CUST00293,Beauty,Lip Balm,North,Chandigarh,Mobile App,2,2716.31,0.1,5432.62,4889.36,3677.19,Net Banking,Cancelled,1212.17,0.2479,2024-07,2024,Q3,0,0,1
ORD001792,2024-08-28,CUST01324,Electronics,Smartwatch,East,Bhubaneswar,Website,4,18197.96,0.25,72791.86,54593.89,31114.87,Debit Card,Delivered,23479.02,0.4301,2024-08,2024,Q3,1,0,0
ORD001793,2025-06-11,CUST00007,Fashion,Running Shoes,West,Ahmedabad,Mobile App,1,4257.32,0.1,4257.32,3831.59,2924.37,UPI,Delivered,907.22,0.2368,2025-06,2025,Q2,1,0,0
ORD001794,2024-05-30,CUST00434,Fashion,Denim Jacket,Central,Bhopal,Website,2,4562.13,0.05,9124.27,8668.05,5015.01,Debit Card,Delivered,3653.04,0.4214,2024-05,2024,Q2,1,0,0
ORD001795,2025-04-30,CUST01014,Fashion,Backpack,West,Mumbai,Website,1,4741.47,0.05,4741.47,4504.39,2726.37,UPI,Delivered,1778.02,0.3947,2025-04,2025,Q2,1,0,0
ORD001796,2024-08-15,CUST01021,Electronics,Bluetooth Speaker,North,Delhi,Marketplace,4,13459.96,0.15,53839.86,45763.88,36614.96,Cash on Delivery,Returned,9148.92,0.1999,2024-08,2024,Q3,0,1,0
ORD001797,2024-12-03,CUST00338,Home & Kitchen,Coffee Maker,West,Ahmedabad,Marketplace,5,2852.5,0.1,14262.51,12836.26,9330.65,UPI,Delivered,3505.61,0.2731,2024-12,2024,Q4,1,0,0
ORD001798,2024-07-06,CUST00039,Beauty,Face Serum,Central,Bhopal,Marketplace,3,1089.91,0.05,3269.73,3106.24,2006.23,UPI,Delivered,1100.01,0.3541,2024-07,2024,Q3,1,0,0
ORD001799,2024-08-04,CUST01308,Home & Kitchen,Water Bottle,East,Kolkata,Mobile App,2,1089.48,0.05,2178.95,2070.01,1717.61,UPI,Returned,352.4,0.1702,2024-08,2024,Q3,0,1,0
ORD001800,2024-01-20,CUST00819,Fashion,Sunglasses,East,Bhubaneswar,Mobile App,5,5372.5,0.0,26862.49,26862.49,16237.95,Net Banking,Delivered,10624.54,0.3955,2024-01,2024,Q1,1,0,0
ORD001801,2024-01-23,CUST01044,Fashion,T-Shirt,South,Bengaluru,Mobile App,5,4521.47,0.15,22607.36,19216.26,12711.42,Credit Card,Delivered,6504.84,0.3385,2024-01,2024,Q1,1,0,0
ORD001802,2024-02-18,CUST00321,Home & Kitchen,Air Fryer,East,Bhubaneswar,Mobile App,1,2367.74,0.15,2367.74,2012.58,1450.3,UPI,Delivered,562.28,0.2794,2024-02,2024,Q1,1,0,0
ORD001803,2024-09-10,CUST00138,Electronics,Smartwatch,South,Chennai,Website,2,4009.65,0.0,8019.3,8019.3,5092.6,Debit Card,Delivered,2926.7,0.365,2024-09,2024,Q3,1,0,0
ORD001804,2024-01-13,CUST01166,Sports,Yoga Mat,South,Chennai,Mobile App,1,6892.36,0.0,6892.36,6892.36,5021.7,Debit Card,Delivered,1870.66,0.2714,2024-01,2024,Q1,1,0,0
ORD001805,2024-11-13,CUST00730,Electronics,Power Bank,South,Hyderabad,Marketplace,4,20613.67,0.1,82454.7,74209.23,44178.65,Credit Card,Delivered,30030.58,0.4047,2024-11,2024,Q4,1,0,0
ORD001806,2024-09-19,CUST01136,Sports,Cricket Bat,Central,Bhopal,Marketplace,4,3642.89,0.05,14571.57,13843.0,9360.16,UPI,Delivered,4482.84,0.3238,2024-09,2024,Q3,1,0,0
ORD001807,2025-02-01,CUST01305,Electronics,Power Bank,Central,Indore,Marketplace,3,9721.0,0.1,29163.01,26246.71,18451.25,Net Banking,Delivered,7795.46,0.297,2025-02,2025,Q1,1,0,0
ORD001808,2025-05-15,CUST00053,Electronics,Laptop Stand,West,Mumbai,Website,2,7619.07,0.0,15238.15,15238.15,12159.29,Credit Card,Delivered,3078.86,0.202,2025-05,2025,Q2,1,0,0
ORD001809,2025-05-08,CUST00143,Home & Kitchen,Storage Box,West,Ahmedabad,Mobile App,2,5701.63,0.1,11403.25,10262.93,5651.43,Debit Card,Delivered,4611.5,0.4493,2025-05,2025,Q2,1,0,0
ORD001810,2024-06-11,CUST01089,Fashion,Backpack,East,Kolkata,Mobile App,1,762.15,0.15,762.15,647.83,425.34,Credit Card,Delivered,222.49,0.3434,2024-06,2024,Q2,1,0,0
ORD001811,2025-06-17,CUST00331,Beauty,Sunscreen,North,Delhi,Mobile App,4,2884.05,0.15,11536.19,9805.76,6505.05,Credit Card,Pending,3300.71,0.3366,2025-06,2025,Q2,0,0,0
ORD001812,2024-05-26,CUST01091,Electronics,Smartwatch,North,Delhi,Marketplace,4,13018.05,0.05,52072.2,49468.59,27587.45,Net Banking,Delivered,21881.14,0.4423,2024-05,2024,Q2,1,0,0
ORD001813,2025-03-06,CUST01131,Sports,Resistance Bands,East,Bhubaneswar,Website,3,3508.68,0.05,10526.04,9999.73,5612.94,Cash on Delivery,Delivered,4386.79,0.4387,2025-03,2025,Q1,1,0,0
ORD001814,2025-03-26,CUST00861,Fashion,Sunglasses,North,Jaipur,Marketplace,3,1563.37,0.05,4690.1,4455.59,2471.88,UPI,Delivered,1983.71,0.4452,2025-03,2025,Q1,1,0,0
ORD001815,2024-05-03,CUST00432,Fashion,Sunglasses,West,Ahmedabad,Mobile App,2,3308.21,0.2,6616.41,5293.13,4244.47,UPI,Pending,1048.66,0.1981,2024-05,2024,Q2,0,0,0
ORD001816,2024-01-10,CUST01121,Sports,Football,North,Jaipur,Mobile App,3,1570.71,0.2,4712.13,3769.7,3131.93,UPI,Delivered,637.77,0.1692,2024-01,2024,Q1,1,0,0
ORD001817,2025-04-21,CUST01024,Fashion,T-Shirt,West,Ahmedabad,Mobile App,4,3171.18,0.05,12684.7,12050.47,9495.17,Debit Card,Delivered,2555.3,0.212,2025-04,2025,Q2,1,0,0
ORD001818,2024-05-24,CUST01307,Fashion,Sunglasses,North,Delhi,Website,3,900.87,0.0,2702.62,2702.62,2163.97,Net Banking,Pending,538.65,0.1993,2024-05,2024,Q2,0,0,0
ORD001819,2024-04-27,CUST01052,Beauty,Lip Balm,East,Patna,Marketplace,3,1636.35,0.15,4909.05,4172.69,2771.85,Credit Card,Delivered,1400.84,0.3357,2024-04,2024,Q2,1,0,0
ORD001820,2025-05-28,CUST00233,Electronics,Power Bank,North,Delhi,Marketplace,2,6847.56,0.0,13695.12,13695.12,8592.29,Debit Card,Delivered,5102.83,0.3726,2025-05,2025,Q2,1,0,0
ORD001821,2024-02-21,CUST00716,Electronics,Power Bank,East,Bhubaneswar,Mobile App,4,2899.19,0.0,11596.78,11596.78,7796.06,Cash on Delivery,Delivered,3800.72,0.3277,2024-02,2024,Q1,1,0,0
ORD001822,2025-05-29,CUST00426,Fashion,Denim Jacket,Central,Indore,Mobile App,1,5010.2,0.1,5010.2,4509.18,2489.44,UPI,Delivered,2019.74,0.4479,2025-05,2025,Q2,1,0,0
ORD001823,2025-06-04,CUST01074,Sports,Dumbbells,Central,Nagpur,Mobile App,4,1644.71,0.2,6578.84,5263.07,3483.34,Credit Card,Delivered,1779.73,0.3382,2025-06,2025,Q2,1,0,0
ORD001824,2025-03-05,CUST01285,Electronics,Power Bank,West,Ahmedabad,Website,4,7584.71,0.05,30338.82,28821.88,18249.62,Credit Card,Delivered,10572.26,0.3668,2025-03,2025,Q1,1,0,0
ORD001825,2025-04-17,CUST00546,Beauty,Moisturizer,West,Mumbai,Website,4,2260.4,0.05,9041.6,8589.52,6648.96,Net Banking,Delivered,1940.56,0.2259,2025-04,2025,Q2,1,0,0
ORD001826,2024-06-05,CUST00575,Home & Kitchen,Water Bottle,East,Kolkata,Website,5,5083.2,0.05,25416.01,24145.21,18689.43,Net Banking,Delivered,5455.78,0.226,2024-06,2024,Q2,1,0,0
ORD001827,2025-04-14,CUST01577,Home & Kitchen,Storage Box,West,Ahmedabad,Mobile App,1,5945.41,0.0,5945.41,5945.41,3902.08,Credit Card,Returned,2043.33,0.3437,2025-04,2025,Q2,0,1,0
ORD001828,2024-09-07,CUST01072,Home & Kitchen,Storage Box,West,Pune,Mobile App,5,1968.31,0.0,9841.54,9841.54,5918.91,Credit Card,Delivered,3922.63,0.3986,2024-09,2024,Q3,1,0,0
ORD001829,2025-04-20,CUST00723,Electronics,Laptop Stand,West,Ahmedabad,Website,4,16818.58,0.1,67274.33,60546.89,39180.53,Credit Card,Returned,21366.36,0.3529,2025-04,2025,Q2,0,1,0
ORD001830,2024-02-25,CUST01448,Home & Kitchen,Storage Box,South,Bengaluru,Website,2,5585.19,0.1,11170.39,10053.35,5945.13,UPI,Delivered,4108.22,0.4086,2024-02,2024,Q1,1,0,0
ORD001831,2024-03-08,CUST00561,Home & Kitchen,Coffee Maker,Central,Bhopal,Mobile App,3,9925.95,0.15,29777.84,25311.16,13250.26,Net Banking,Delivered,12060.9,0.4765,2024-03,2024,Q1,1,0,0
ORD001832,2024-05-06,CUST00903,Electronics,Power Bank,South,Chennai,Marketplace,1,20851.63,0.1,20851.63,18766.47,12722.03,UPI,Delivered,6044.44,0.3221,2024-05,2024,Q2,1,0,0
ORD001833,2024-02-03,CUST01129,Beauty,Face Serum,West,Mumbai,Website,2,1542.98,0.0,3085.96,3085.96,1938.77,Net Banking,Delivered,1147.19,0.3717,2024-02,2024,Q1,1,0,0
ORD001834,2024-02-11,CUST00414,Beauty,Face Serum,West,Mumbai,Marketplace,5,251.09,0.1,1255.43,1129.88,816.3,Cash on Delivery,Delivered,313.58,0.2775,2024-02,2024,Q1,1,0,0
ORD001835,2025-01-25,CUST00382,Fashion,Denim Jacket,North,Jaipur,Website,4,3945.71,0.25,15782.82,11837.12,8953.32,Net Banking,Delivered,2883.8,0.2436,2025-01,2025,Q1,1,0,0
ORD001836,2024-12-16,CUST01442,Fashion,Backpack,South,Hyderabad,Website,3,3424.31,0.1,10272.93,9245.64,7753.04,Net Banking,Delivered,1492.6,0.1614,2024-12,2024,Q4,1,0,0
ORD001837,2025-02-21,CUST00131,Fashion,T-Shirt,East,Patna,Mobile App,3,4932.4,0.25,14797.19,11097.89,7720.31,Cash on Delivery,Delivered,3377.58,0.3043,2025-02,2025,Q1,1,0,0
ORD001838,2024-09-11,CUST01375,Beauty,Face Serum,East,Patna,Website,5,2653.62,0.1,13268.12,11941.3,9606.83,Net Banking,Pending,2334.47,0.1955,2024-09,2024,Q3,0,0,0
ORD001839,2024-06-28,CUST00978,Electronics,Smartwatch,West,Ahmedabad,Mobile App,1,14973.55,0.05,14973.55,14224.87,8821.27,Credit Card,Delivered,5403.6,0.3799,2024-06,2024,Q2,1,0,0
ORD001840,2025-06-22,CUST00852,Fashion,Sunglasses,East,Bhubaneswar,Website,2,4016.96,0.0,8033.91,8033.91,6053.12,Debit Card,Returned,1980.79,0.2466,2025-06,2025,Q2,0,1,0
ORD001841,2024-02-21,CUST01177,Beauty,Moisturizer,East,Bhubaneswar,Mobile App,5,765.26,0.1,3826.32,3443.69,2061.02,Debit Card,Delivered,1382.67,0.4015,2024-02,2024,Q1,1,0,0
ORD001842,2024-09-12,CUST00933,Sports,Football,West,Pune,Website,4,3065.65,0.05,12262.6,11649.47,9133.96,Cash on Delivery,Delivered,2515.51,0.2159,2024-09,2024,Q3,1,0,0
ORD001843,2024-09-17,CUST01509,Home & Kitchen,Mixer Grinder,West,Mumbai,Website,3,3518.03,0.0,10554.1,10554.1,6775.83,Credit Card,Pending,3778.27,0.358,2024-09,2024,Q3,0,0,0
ORD001844,2024-04-06,CUST01328,Fashion,Backpack,West,Mumbai,Website,3,2317.65,0.15,6952.94,5910.0,3980.74,Cash on Delivery,Returned,1929.26,0.3264,2024-04,2024,Q2,0,1,0
ORD001845,2024-04-18,CUST00361,Beauty,Lip Balm,North,Jaipur,Website,1,1317.09,0.15,1317.09,1119.52,660.29,Cash on Delivery,Delivered,459.23,0.4102,2024-04,2024,Q2,1,0,0
ORD001846,2024-07-30,CUST01517,Home & Kitchen,Coffee Maker,West,Pune,Website,1,3861.72,0.15,3861.72,3282.47,1866.33,Cash on Delivery,Cancelled,1416.14,0.4314,2024-07,2024,Q3,0,0,1
ORD001847,2024-03-30,CUST01250,Fashion,Running Shoes,West,Ahmedabad,Mobile App,5,1145.54,0.05,5727.7,5441.32,3472.28,Cash on Delivery,Delivered,1969.04,0.3619,2024-03,2024,Q1,1,0,0
ORD001848,2024-02-01,CUST00624,Home & Kitchen,Mixer Grinder,West,Ahmedabad,Marketplace,4,9272.72,0.0,37090.9,37090.9,24101.28,UPI,Delivered,12989.62,0.3502,2024-02,2024,Q1,1,0,0
ORD001849,2024-10-27,CUST00097,Beauty,Shampoo,North,Delhi,Website,5,579.24,0.1,2896.19,2606.57,1713.82,UPI,Delivered,892.75,0.3425,2024-10,2024,Q4,1,0,0
ORD001850,2025-01-24,CUST00516,Electronics,Bluetooth Speaker,North,Jaipur,Mobile App,3,5281.91,0.05,15845.73,15053.45,10219.12,Net Banking,Delivered,4834.33,0.3211,2025-01,2025,Q1,1,0,0
ORD001851,2024-12-17,CUST00511,Home & Kitchen,Coffee Maker,North,Jaipur,Mobile App,5,3944.13,0.1,19720.66,17748.6,13733.61,Credit Card,Delivered,4014.99,0.2262,2024-12,2024,Q4,1,0,0
ORD001852,2024-12-01,CUST01257,Electronics,Bluetooth Speaker,North,Jaipur,Website,2,5005.54,0.1,10011.09,9009.98,5977.84,Credit Card,Delivered,3032.14,0.3365,2024-12,2024,Q4,1,0,0
ORD001853,2025-06-16,CUST00074,Electronics,Bluetooth Speaker,South,Chennai,Mobile App,4,3437.88,0.05,13751.53,13063.95,10199.93,Net Banking,Delivered,2864.02,0.2192,2025-06,2025,Q2,1,0,0
ORD001854,2025-03-28,CUST01572,Beauty,Moisturizer,South,Chennai,Website,3,573.54,0.2,1720.62,1376.5,887.32,UPI,Delivered,489.18,0.3554,2025-03,2025,Q1,1,0,0
ORD001855,2024-02-03,CUST01136,Home & Kitchen,Water Bottle,Central,Indore,Marketplace,1,9152.4,0.0,9152.4,9152.4,4974.76,Cash on Delivery,Delivered,4177.64,0.4565,2024-02,2024,Q1,1,0,0
ORD001856,2024-10-12,CUST00494,Electronics,Bluetooth Speaker,South,Hyderabad,Website,5,8310.33,0.05,41551.65,39474.07,23255.1,Debit Card,Delivered,16218.97,0.4109,2024-10,2024,Q4,1,0,0
ORD001857,2025-02-20,CUST00999,Beauty,Shampoo,South,Hyderabad,Website,1,1296.5,0.2,1296.5,1037.2,767.77,Cash on Delivery,Cancelled,269.43,0.2598,2025-02,2025,Q1,0,0,1
ORD001858,2024-03-18,CUST01510,Electronics,Smartwatch,South,Chennai,Website,4,2525.87,0.0,10103.47,10103.47,7543.22,Credit Card,Delivered,2560.25,0.2534,2024-03,2024,Q1,1,0,0
ORD001859,2024-05-31,CUST00991,Electronics,Laptop Stand,Central,Indore,Mobile App,4,7096.13,0.2,28384.5,22707.6,17663.11,Debit Card,Delivered,5044.49,0.2221,2024-05,2024,Q2,1,0,0
ORD001860,2024-01-12,CUST00906,Electronics,Wireless Headphones,North,Chandigarh,Mobile App,1,1614.51,0.15,1614.51,1372.33,899.48,Cash on Delivery,Returned,472.85,0.3446,2024-01,2024,Q1,0,1,0
ORD001861,2024-09-26,CUST01286,Home & Kitchen,Water Bottle,Central,Nagpur,Mobile App,1,8326.42,0.1,8326.42,7493.77,5897.08,Cash on Delivery,Delivered,1596.69,0.2131,2024-09,2024,Q3,1,0,0
ORD001862,2024-04-01,CUST00474,Electronics,Bluetooth Speaker,West,Pune,Mobile App,1,6210.44,0.0,6210.44,6210.44,4552.63,Debit Card,Pending,1657.81,0.2669,2024-04,2024,Q2,0,0,0
ORD001863,2024-11-22,CUST00976,Home & Kitchen,Mixer Grinder,Central,Nagpur,Website,4,2303.28,0.1,9213.12,8291.81,4861.58,Cash on Delivery,Delivered,3430.23,0.4137,2024-11,2024,Q4,1,0,0
ORD001864,2024-10-21,CUST00578,Fashion,T-Shirt,North,Jaipur,Marketplace,3,2671.59,0.05,8014.78,7614.04,4637.92,UPI,Delivered,2976.12,0.3909,2024-10,2024,Q4,1,0,0
ORD001865,2025-01-23,CUST00360,Electronics,Wireless Headphones,Central,Bhopal,Website,5,10487.61,0.1,52438.07,47194.27,32012.61,Debit Card,Delivered,15181.66,0.3217,2025-01,2025,Q1,1,0,0
ORD001866,2024-05-14,CUST01056,Beauty,Moisturizer,East,Kolkata,Website,3,674.45,0.15,2023.34,1719.84,1082.91,UPI,Returned,636.93,0.3703,2024-05,2024,Q2,0,1,0
ORD001867,2024-02-02,CUST00181,Fashion,Denim Jacket,South,Hyderabad,Marketplace,4,848.15,0.0,3392.58,3392.58,2069.53,Cash on Delivery,Returned,1323.05,0.39,2024-02,2024,Q1,0,1,0
ORD001868,2024-11-06,CUST00442,Sports,Yoga Mat,East,Bhubaneswar,Mobile App,2,1579.01,0.15,3158.02,2684.31,1999.5,UPI,Delivered,684.81,0.2551,2024-11,2024,Q4,1,0,0
ORD001869,2025-01-03,CUST00730,Fashion,Denim Jacket,Central,Nagpur,Website,4,5020.81,0.1,20083.25,18074.93,11627.14,Net Banking,Delivered,6447.79,0.3567,2025-01,2025,Q1,1,0,0
ORD001870,2025-04-01,CUST01200,Sports,Resistance Bands,West,Pune,Website,4,2837.11,0.05,11348.43,10781.0,8091.12,Cash on Delivery,Returned,2689.88,0.2495,2025-04,2025,Q2,0,1,0
ORD001871,2024-03-09,CUST01497,Beauty,Face Serum,Central,Indore,Website,2,808.27,0.15,1616.53,1374.05,986.94,Credit Card,Delivered,387.11,0.2817,2024-03,2024,Q1,1,0,0
ORD001872,2024-11-23,CUST00657,Home & Kitchen,Water Bottle,West,Pune,Mobile App,5,1420.4,0.05,7102.01,6746.91,5332.42,Credit Card,Cancelled,1414.49,0.2097,2024-11,2024,Q4,0,0,1
ORD001873,2025-01-03,CUST00959,Home & Kitchen,Water Bottle,North,Chandigarh,Mobile App,4,5442.4,0.15,21769.58,18504.14,13788.44,UPI,Delivered,4715.7,0.2548,2025-01,2025,Q1,1,0,0
ORD001874,2025-05-05,CUST01110,Fashion,Backpack,Central,Indore,Website,4,1678.65,0.15,6714.59,5707.4,4639.97,UPI,Delivered,1067.43,0.187,2025-05,2025,Q2,1,0,0
ORD001875,2024-08-21,CUST00002,Fashion,Sunglasses,North,Delhi,Website,2,3739.02,0.0,7478.03,7478.03,5098.3,Net Banking,Pending,2379.73,0.3182,2024-08,2024,Q3,0,0,0
ORD001876,2024-10-12,CUST01026,Beauty,Lip Balm,West,Pune,Website,3,1113.7,0.05,3341.09,3174.03,1717.99,Credit Card,Delivered,1456.04,0.4587,2024-10,2024,Q4,1,0,0
ORD001877,2024-10-01,CUST00970,Home & Kitchen,Mixer Grinder,Central,Bhopal,Mobile App,2,575.05,0.05,1150.09,1092.59,731.01,Credit Card,Delivered,361.58,0.3309,2024-10,2024,Q4,1,0,0
ORD001878,2025-05-02,CUST00324,Fashion,Denim Jacket,South,Hyderabad,Mobile App,2,3479.58,0.1,6959.17,6263.25,3989.22,Cash on Delivery,Delivered,2274.03,0.3631,2025-05,2025,Q2,1,0,0
ORD001879,2024-02-20,CUST00155,Home & Kitchen,Storage Box,Central,Nagpur,Mobile App,2,8058.44,0.2,16116.89,12893.51,8876.01,UPI,Delivered,4017.5,0.3116,2024-02,2024,Q1,1,0,0
ORD001880,2025-02-05,CUST00060,Home & Kitchen,Water Bottle,South,Bengaluru,Website,5,3869.29,0.0,19346.43,19346.43,11213.11,Credit Card,Delivered,8133.32,0.4204,2025-02,2025,Q1,1,0,0
ORD001881,2025-03-16,CUST00781,Home & Kitchen,Storage Box,Central,Nagpur,Mobile App,1,4109.0,0.1,4109.0,3698.1,2218.31,Cash on Delivery,Delivered,1479.79,0.4001,2025-03,2025,Q1,1,0,0
ORD001882,2025-02-25,CUST00332,Electronics,Smartwatch,South,Chennai,Website,4,7349.14,0.0,29396.57,29396.57,21355.78,Net Banking,Delivered,8040.79,0.2735,2025-02,2025,Q1,1,0,0
ORD001883,2025-06-19,CUST00854,Sports,Yoga Mat,North,Jaipur,Marketplace,2,6543.39,0.05,13086.79,12432.45,8816.12,Net Banking,Delivered,3616.33,0.2909,2025-06,2025,Q2,1,0,0
ORD001884,2025-06-29,CUST01553,Fashion,Running Shoes,North,Delhi,Website,3,3646.4,0.2,10939.19,8751.35,5402.74,Credit Card,Delivered,3348.61,0.3826,2025-06,2025,Q2,1,0,0
ORD001885,2024-02-04,CUST01485,Fashion,T-Shirt,South,Chennai,Mobile App,5,3957.28,0.05,19786.41,18797.09,11981.13,Debit Card,Pending,6815.96,0.3626,2024-02,2024,Q1,0,0,0
ORD001886,2025-04-21,CUST01006,Beauty,Shampoo,West,Pune,Mobile App,1,1662.88,0.15,1662.88,1413.45,985.17,Cash on Delivery,Delivered,428.28,0.303,2025-04,2025,Q2,1,0,0
ORD001887,2024-04-16,CUST00942,Home & Kitchen,Storage Box,North,Chandigarh,Mobile App,2,2847.42,0.2,5694.83,4555.86,3720.91,Credit Card,Pending,834.95,0.1833,2024-04,2024,Q2,0,0,0
ORD001888,2024-12-14,CUST00660,Fashion,Running Shoes,East,Bhubaneswar,Mobile App,1,2928.96,0.0,2928.96,2928.96,1677.69,Cash on Delivery,Delivered,1251.27,0.4272,2024-12,2024,Q4,1,0,0
ORD001889,2025-05-17,CUST01277,Electronics,Bluetooth Speaker,South,Chennai,Website,3,2370.82,0.2,7112.46,5689.96,3574.02,Net Banking,Delivered,2115.94,0.3719,2025-05,2025,Q2,1,0,0
ORD001890,2024-09-02,CUST00250,Electronics,Power Bank,South,Hyderabad,Mobile App,2,13416.43,0.15,26832.86,22807.93,15340.28,Cash on Delivery,Delivered,7467.65,0.3274,2024-09,2024,Q3,1,0,0
ORD001891,2024-01-09,CUST00793,Fashion,Denim Jacket,South,Chennai,Marketplace,3,2205.95,0.25,6617.84,4963.38,3751.98,Debit Card,Delivered,1211.4,0.2441,2024-01,2024,Q1,1,0,0
ORD001892,2024-11-02,CUST01179,Beauty,Moisturizer,Central,Bhopal,Mobile App,2,2994.08,0.1,5988.16,5389.35,4238.45,Net Banking,Delivered,1150.9,0.2136,2024-11,2024,Q4,1,0,0
ORD001893,2024-11-29,CUST00496,Sports,Football,South,Hyderabad,Mobile App,2,6419.98,0.05,12839.95,12197.95,6759.19,Net Banking,Delivered,5438.76,0.4459,2024-11,2024,Q4,1,0,0
ORD001894,2024-04-13,CUST00648,Electronics,Laptop Stand,West,Ahmedabad,Website,5,14821.31,0.0,74106.56,74106.56,45093.41,Debit Card,Delivered,29013.15,0.3915,2024-04,2024,Q2,1,0,0
ORD001895,2024-12-04,CUST01092,Electronics,Bluetooth Speaker,Central,Nagpur,Website,2,5716.88,0.15,11433.75,9718.69,5345.08,Cash on Delivery,Delivered,4373.61,0.45,2024-12,2024,Q4,1,0,0
ORD001896,2024-10-13,CUST00725,Sports,Yoga Mat,East,Patna,Website,3,4519.37,0.0,13558.11,13558.11,7535.31,Debit Card,Delivered,6022.8,0.4442,2024-10,2024,Q4,1,0,0
ORD001897,2024-10-25,CUST00753,Fashion,Backpack,North,Jaipur,Website,1,554.56,0.15,554.56,471.37,289.55,Net Banking,Delivered,181.82,0.3857,2024-10,2024,Q4,1,0,0
ORD001898,2024-12-14,CUST00176,Fashion,Denim Jacket,Central,Bhopal,Mobile App,1,3103.98,0.05,3103.98,2948.78,1902.8,Debit Card,Pending,1045.98,0.3547,2024-12,2024,Q4,0,0,0
ORD001899,2024-01-16,CUST01307,Beauty,Face Serum,East,Patna,Website,2,2860.44,0.1,5720.87,5148.78,3030.37,UPI,Delivered,2118.41,0.4114,2024-01,2024,Q1,1,0,0
ORD001900,2024-10-10,CUST00441,Fashion,Sunglasses,West,Ahmedabad,Website,3,2726.93,0.15,8180.8,6953.68,5556.98,Net Banking,Delivered,1396.7,0.2009,2024-10,2024,Q4,1,0,0
ORD001901,2024-03-22,CUST00565,Fashion,Running Shoes,North,Jaipur,Mobile App,3,4217.13,0.0,12651.38,12651.38,9999.55,Credit Card,Pending,2651.83,0.2096,2024-03,2024,Q1,0,0,0
ORD001902,2024-03-17,CUST00025,Electronics,Wireless Headphones,Central,Nagpur,Website,2,2722.49,0.2,5444.97,4355.98,3525.52,Credit Card,Delivered,830.46,0.1906,2024-03,2024,Q1,1,0,0
ORD001903,2024-09-05,CUST00934,Sports,Dumbbells,West,Ahmedabad,Marketplace,5,6390.64,0.15,31953.19,27160.21,20643.45,Net Banking,Delivered,6516.76,0.2399,2024-09,2024,Q3,1,0,0
ORD001904,2024-06-18,CUST01158,Electronics,Smartwatch,North,Jaipur,Mobile App,3,14431.83,0.05,43295.49,41130.72,28719.37,Credit Card,Delivered,12411.35,0.3018,2024-06,2024,Q2,1,0,0
ORD001905,2025-05-17,CUST00558,Fashion,Denim Jacket,West,Ahmedabad,Website,4,4442.2,0.1,17768.8,15991.92,12220.94,UPI,Delivered,3770.98,0.2358,2025-05,2025,Q2,1,0,0
ORD001906,2025-04-04,CUST01156,Home & Kitchen,Water Bottle,South,Chennai,Marketplace,3,8858.36,0.1,26575.07,23917.56,14850.03,Credit Card,Delivered,9067.53,0.3791,2025-04,2025,Q2,1,0,0
ORD001907,2024-02-23,CUST00972,Electronics,Smartwatch,West,Mumbai,Mobile App,3,8437.04,0.1,25311.13,22780.02,13688.19,Credit Card,Delivered,9091.83,0.3991,2024-02,2024,Q1,1,0,0
ORD001908,2024-09-20,CUST00598,Home & Kitchen,Water Bottle,Central,Bhopal,Website,4,7564.75,0.15,30258.98,25720.14,20052.62,Net Banking,Delivered,5667.52,0.2204,2024-09,2024,Q3,1,0,0
ORD001909,2024-11-03,CUST01310,Electronics,Bluetooth Speaker,South,Hyderabad,Website,3,20803.7,0.1,62411.11,56170.0,29607.42,Debit Card,Delivered,26562.58,0.4729,2024-11,2024,Q4,1,0,0
ORD001910,2024-11-07,CUST00471,Fashion,Sunglasses,West,Pune,Website,5,4851.41,0.05,24257.07,23044.22,18335.15,Cash on Delivery,Returned,4709.07,0.2043,2024-11,2024,Q4,0,1,0
ORD001911,2025-03-14,CUST00863,Beauty,Face Serum,Central,Nagpur,Mobile App,3,2298.48,0.15,6895.45,5861.14,4501.21,Credit Card,Delivered,1359.93,0.232,2025-03,2025,Q1,1,0,0
ORD001912,2024-05-01,CUST00885,Sports,Cricket Bat,North,Delhi,Marketplace,5,3328.95,0.05,16644.74,15812.5,8719.22,Cash on Delivery,Delivered,7093.28,0.4486,2024-05,2024,Q2,1,0,0
ORD001913,2024-06-27,CUST00004,Electronics,Wireless Headphones,South,Bengaluru,Website,2,20645.24,0.0,41290.47,41290.47,33574.12,Credit Card,Delivered,7716.35,0.1869,2024-06,2024,Q2,1,0,0
ORD001914,2024-03-23,CUST00929,Fashion,Denim Jacket,West,Pune,Marketplace,3,4451.21,0.15,13353.63,11350.59,9121.88,Debit Card,Delivered,2228.71,0.1964,2024-03,2024,Q1,1,0,0
ORD001915,2024-12-09,CUST00851,Fashion,Backpack,North,Jaipur,Mobile App,3,2832.84,0.15,8498.52,7223.75,4716.65,UPI,Delivered,2507.1,0.3471,2024-12,2024,Q4,1,0,0
ORD001916,2025-03-05,CUST00166,Electronics,Bluetooth Speaker,South,Bengaluru,Website,2,13814.76,0.25,27629.52,20722.14,13110.4,UPI,Returned,7611.74,0.3673,2025-03,2025,Q1,0,1,0
ORD001917,2024-08-04,CUST00920,Electronics,Power Bank,North,Jaipur,Mobile App,4,13684.77,0.0,54739.07,54739.07,29668.84,Credit Card,Delivered,25070.23,0.458,2024-08,2024,Q3,1,0,0
ORD001918,2024-04-22,CUST01237,Fashion,T-Shirt,Central,Nagpur,Website,4,2318.87,0.15,9275.48,7884.16,5942.5,Debit Card,Cancelled,1941.66,0.2463,2024-04,2024,Q2,0,0,1
ORD001919,2025-02-26,CUST00141,Beauty,Moisturizer,West,Ahmedabad,Mobile App,1,1097.36,0.05,1097.36,1042.49,813.01,Cash on Delivery,Delivered,229.48,0.2201,2025-02,2025,Q1,1,0,0
ORD001920,2024-01-16,CUST00977,Sports,Football,South,Hyderabad,Mobile App,3,604.85,0.0,1814.56,1814.56,1171.72,UPI,Delivered,642.84,0.3543,2024-01,2024,Q1,1,0,0
ORD001921,2025-06-08,CUST01564,Beauty,Face Serum,East,Bhubaneswar,Mobile App,3,1881.43,0.15,5644.3,4797.65,3974.83,UPI,Delivered,822.82,0.1715,2025-06,2025,Q2,1,0,0
ORD001922,2025-02-21,CUST01088,Home & Kitchen,Mixer Grinder,South,Chennai,Mobile App,1,4713.32,0.2,4713.32,3770.65,2454.78,Credit Card,Delivered,1315.87,0.349,2025-02,2025,Q1,1,0,0
ORD001923,2024-09-02,CUST00738,Fashion,Denim Jacket,South,Bengaluru,Website,5,4332.59,0.0,21662.97,21662.97,13570.75,UPI,Returned,8092.22,0.3736,2024-09,2024,Q3,0,1,0
ORD001924,2024-09-24,CUST01439,Home & Kitchen,Mixer Grinder,Central,Bhopal,Mobile App,5,1873.6,0.15,9368.0,7962.8,4831.05,Cash on Delivery,Pending,3131.75,0.3933,2024-09,2024,Q3,0,0,0
ORD001925,2024-07-10,CUST00215,Home & Kitchen,Water Bottle,West,Ahmedabad,Website,2,5766.99,0.1,11533.98,10380.58,5435.91,UPI,Delivered,4944.67,0.4763,2024-07,2024,Q3,1,0,0
ORD001926,2025-05-04,CUST00924,Beauty,Face Serum,North,Jaipur,Mobile App,5,2266.75,0.0,11333.74,11333.74,6413.04,Cash on Delivery,Delivered,4920.7,0.4342,2025-05,2025,Q2,1,0,0
ORD001927,2024-01-07,CUST01055,Beauty,Shampoo,North,Chandigarh,Mobile App,2,2675.62,0.1,5351.23,4816.11,2840.8,Credit Card,Delivered,1975.31,0.4101,2024-01,2024,Q1,1,0,0
ORD001928,2024-04-11,CUST00077,Fashion,T-Shirt,South,Hyderabad,Website,2,4436.61,0.15,8873.22,7542.23,5646.58,Cash on Delivery,Delivered,1895.65,0.2513,2024-04,2024,Q2,1,0,0
ORD001929,2025-02-11,CUST00307,Electronics,Power Bank,West,Mumbai,Mobile App,5,5716.23,0.05,28581.14,27152.09,19781.55,Cash on Delivery,Cancelled,7370.54,0.2715,2025-02,2025,Q1,0,0,1
ORD001930,2024-06-30,CUST00913,Home & Kitchen,Coffee Maker,East,Kolkata,Marketplace,5,4651.93,0.1,23259.66,20933.69,12325.75,Cash on Delivery,Returned,8607.94,0.4112,2024-06,2024,Q2,0,1,0
ORD001931,2025-04-28,CUST01074,Electronics,Laptop Stand,West,Pune,Website,2,18169.16,0.1,36338.32,32704.49,20995.63,Cash on Delivery,Delivered,11708.86,0.358,2025-04,2025,Q2,1,0,0
ORD001932,2025-01-29,CUST00448,Beauty,Moisturizer,North,Jaipur,Website,2,472.84,0.1,945.68,851.12,602.82,Credit Card,Delivered,248.3,0.2917,2025-01,2025,Q1,1,0,0
ORD001933,2024-12-05,CUST00659,Beauty,Sunscreen,North,Jaipur,Marketplace,2,215.76,0.0,431.51,431.51,323.76,Net Banking,Delivered,107.75,0.2497,2024-12,2024,Q4,1,0,0
ORD001934,2024-05-04,CUST01090,Electronics,Laptop Stand,South,Hyderabad,Website,1,13950.47,0.1,13950.47,12555.43,7199.85,Cash on Delivery,Returned,5355.58,0.4266,2024-05,2024,Q2,0,1,0
ORD001935,2024-07-31,CUST00783,Fashion,Backpack,West,Ahmedabad,Marketplace,3,2372.49,0.1,7117.46,6405.71,4005.34,Net Banking,Delivered,2400.37,0.3747,2024-07,2024,Q3,1,0,0
ORD001936,2024-06-11,CUST00417,Fashion,Backpack,South,Chennai,Website,3,1583.31,0.1,4749.94,4274.95,2331.19,Net Banking,Delivered,1943.76,0.4547,2024-06,2024,Q2,1,0,0
ORD001937,2024-11-23,CUST00438,Fashion,Backpack,West,Pune,Mobile App,4,3757.82,0.0,15031.27,15031.27,10283.84,Net Banking,Delivered,4747.43,0.3158,2024-11,2024,Q4,1,0,0
ORD001938,2025-04-15,CUST00877,Fashion,Backpack,South,Hyderabad,Marketplace,3,2572.26,0.0,7716.77,7716.77,5731.09,Debit Card,Delivered,1985.68,0.2573,2025-04,2025,Q2,1,0,0
ORD001939,2024-01-09,CUST01200,Sports,Resistance Bands,South,Chennai,Website,4,1083.65,0.1,4334.6,3901.14,2750.35,Cash on Delivery,Delivered,1150.79,0.295,2024-01,2024,Q1,1,0,0
ORD001940,2024-10-13,CUST01429,Electronics,Bluetooth Speaker,South,Chennai,Website,3,6875.51,0.0,20626.54,20626.54,16448.04,UPI,Delivered,4178.5,0.2026,2024-10,2024,Q4,1,0,0
ORD001941,2024-06-11,CUST00453,Home & Kitchen,Water Bottle,South,Bengaluru,Website,5,2345.09,0.15,11725.46,9966.64,6905.34,Credit Card,Pending,3061.3,0.3072,2024-06,2024,Q2,0,0,0
ORD001942,2024-12-01,CUST00513,Electronics,Bluetooth Speaker,North,Chandigarh,Website,4,8409.48,0.2,33637.92,26910.33,17157.8,Credit Card,Delivered,9752.53,0.3624,2024-12,2024,Q4,1,0,0
ORD001943,2024-06-13,CUST00148,Electronics,Power Bank,South,Bengaluru,Mobile App,5,15980.35,0.1,79901.75,71911.58,48576.65,Cash on Delivery,Delivered,23334.93,0.3245,2024-06,2024,Q2,1,0,0
ORD001944,2025-01-27,CUST00187,Sports,Resistance Bands,South,Bengaluru,Mobile App,5,741.47,0.0,3707.37,3707.37,3043.56,UPI,Delivered,663.81,0.1791,2025-01,2025,Q1,1,0,0
ORD001945,2024-12-21,CUST01540,Home & Kitchen,Air Fryer,Central,Nagpur,Website,1,8985.68,0.0,8985.68,8985.68,6280.61,Credit Card,Pending,2705.07,0.301,2024-12,2024,Q4,0,0,0
ORD001946,2025-03-23,CUST01355,Electronics,Smartwatch,East,Kolkata,Mobile App,3,4404.07,0.1,13212.21,11890.99,9452.46,Net Banking,Delivered,2438.53,0.2051,2025-03,2025,Q1,1,0,0
ORD001947,2025-01-17,CUST00832,Home & Kitchen,Air Fryer,North,Delhi,Mobile App,1,2626.57,0.1,2626.57,2363.92,1763.5,Net Banking,Delivered,600.42,0.254,2025-01,2025,Q1,1,0,0
ORD001948,2025-02-08,CUST01087,Home & Kitchen,Air Fryer,North,Chandigarh,Marketplace,5,8519.63,0.15,42598.17,36208.44,27127.05,UPI,Delivered,9081.39,0.2508,2025-02,2025,Q1,1,0,0
ORD001949,2024-07-13,CUST00266,Electronics,Smartwatch,South,Bengaluru,Mobile App,2,3808.62,0.05,7617.24,7236.38,3973.81,UPI,Delivered,3262.57,0.4509,2024-07,2024,Q3,1,0,0
ORD001950,2024-11-29,CUST01556,Beauty,Moisturizer,West,Mumbai,Website,5,1516.15,0.2,7580.76,6064.61,4142.59,UPI,Delivered,1922.02,0.3169,2024-11,2024,Q4,1,0,0
ORD001951,2025-02-14,CUST01189,Sports,Dumbbells,West,Ahmedabad,Website,2,967.63,0.15,1935.27,1644.98,1329.17,Credit Card,Delivered,315.81,0.192,2025-02,2025,Q1,1,0,0
ORD001952,2024-07-24,CUST01536,Fashion,Backpack,Central,Nagpur,Website,3,772.48,0.1,2317.43,2085.68,1147.51,Debit Card,Returned,938.17,0.4498,2024-07,2024,Q3,0,1,0
ORD001953,2024-02-25,CUST01049,Electronics,Wireless Headphones,South,Hyderabad,Mobile App,1,14188.56,0.1,14188.56,12769.7,10233.88,UPI,Delivered,2535.82,0.1986,2024-02,2024,Q1,1,0,0
ORD001954,2024-04-09,CUST00828,Beauty,Moisturizer,North,Delhi,Website,1,1991.74,0.05,1991.74,1892.15,1548.68,Credit Card,Delivered,343.47,0.1815,2024-04,2024,Q2,1,0,0
ORD001955,2024-08-12,CUST00677,Fashion,Denim Jacket,South,Hyderabad,Mobile App,4,3763.03,0.1,15052.12,13546.91,7358.17,Net Banking,Delivered,6188.74,0.4568,2024-08,2024,Q3,1,0,0
ORD001956,2024-01-18,CUST00469,Electronics,Bluetooth Speaker,South,Bengaluru,Website,3,10056.0,0.1,30168.01,27151.21,19924.08,UPI,Delivered,7227.13,0.2662,2024-01,2024,Q1,1,0,0
ORD001957,2024-10-17,CUST00339,Sports,Football,Central,Nagpur,Mobile App,1,2921.85,0.05,2921.85,2775.76,1523.82,Credit Card,Delivered,1251.94,0.451,2024-10,2024,Q4,1,0,0
ORD001958,2025-03-20,CUST01053,Fashion,Sunglasses,North,Jaipur,Mobile App,3,4833.07,0.05,14499.21,13774.25,9661.43,Credit Card,Delivered,4112.82,0.2986,2025-03,2025,Q1,1,0,0
ORD001959,2025-05-25,CUST01041,Electronics,Wireless Headphones,North,Chandigarh,Mobile App,4,13593.65,0.25,54374.58,40780.94,32531.26,Net Banking,Cancelled,8249.68,0.2023,2025-05,2025,Q2,0,0,1
ORD001960,2024-04-05,CUST00971,Home & Kitchen,Coffee Maker,East,Kolkata,Mobile App,1,9102.35,0.15,9102.35,7737.0,5024.87,UPI,Delivered,2712.13,0.3505,2024-04,2024,Q2,1,0,0
ORD001961,2024-05-01,CUST01378,Fashion,Denim Jacket,North,Chandigarh,Marketplace,5,4240.51,0.05,21202.55,20142.43,15301.56,Net Banking,Delivered,4840.87,0.2403,2024-05,2024,Q2,1,0,0
ORD001962,2024-02-02,CUST00100,Home & Kitchen,Coffee Maker,Central,Bhopal,Mobile App,2,8969.62,0.1,17939.24,16145.32,13264.62,UPI,Delivered,2880.7,0.1784,2024-02,2024,Q1,1,0,0
ORD001963,2024-06-02,CUST00232,Home & Kitchen,Coffee Maker,Central,Bhopal,Mobile App,4,7156.66,0.0,28626.64,28626.64,24024.29,Debit Card,Delivered,4602.35,0.1608,2024-06,2024,Q2,1,0,0
ORD001964,2024-02-10,CUST01174,Fashion,Running Shoes,East,Kolkata,Marketplace,5,1110.91,0.15,5554.57,4721.39,2919.12,Cash on Delivery,Pending,1802.27,0.3817,2024-02,2024,Q1,0,0,0
ORD001965,2025-03-28,CUST01182,Electronics,Wireless Headphones,East,Patna,Marketplace,1,4323.38,0.05,4323.38,4107.21,2781.56,Net Banking,Delivered,1325.65,0.3228,2025-03,2025,Q1,1,0,0
ORD001966,2025-06-27,CUST00414,Sports,Yoga Mat,South,Hyderabad,Mobile App,2,2760.59,0.25,5521.17,4140.88,3244.8,Debit Card,Delivered,896.08,0.2164,2025-06,2025,Q2,1,0,0
ORD001967,2024-03-05,CUST01509,Beauty,Shampoo,South,Hyderabad,Mobile App,1,1385.15,0.15,1385.15,1177.38,641.22,UPI,Cancelled,536.16,0.4554,2024-03,2024,Q1,0,0,1
ORD001968,2024-10-12,CUST01387,Electronics,Wireless Headphones,West,Mumbai,Mobile App,3,12971.6,0.05,38914.79,36969.05,29184.29,Net Banking,Delivered,7784.76,0.2106,2024-10,2024,Q4,1,0,0
ORD001969,2024-06-05,CUST00452,Home & Kitchen,Air Fryer,South,Hyderabad,Marketplace,5,6755.62,0.2,33778.08,27022.46,18287.24,Debit Card,Delivered,8735.22,0.3233,2024-06,2024,Q2,1,0,0
ORD001970,2025-06-29,CUST00407,Electronics,Wireless Headphones,West,Ahmedabad,Website,1,8979.85,0.2,8979.85,7183.88,4416.06,Debit Card,Delivered,2767.82,0.3853,2025-06,2025,Q2,1,0,0
ORD001971,2024-02-13,CUST00939,Fashion,T-Shirt,North,Delhi,Website,5,4118.86,0.1,20594.28,18534.85,11028.47,Credit Card,Delivered,7506.38,0.405,2024-02,2024,Q1,1,0,0
ORD001972,2024-03-21,CUST01266,Fashion,T-Shirt,East,Patna,Marketplace,5,451.41,0.0,2257.07,2257.07,1842.09,Cash on Delivery,Delivered,414.98,0.1839,2024-03,2024,Q1,1,0,0
ORD001973,2024-07-13,CUST00897,Beauty,Sunscreen,Central,Nagpur,Mobile App,2,419.79,0.15,839.57,713.64,561.75,UPI,Cancelled,151.89,0.2128,2024-07,2024,Q3,0,0,1
ORD001974,2024-06-09,CUST01153,Electronics,Smartwatch,North,Chandigarh,Mobile App,3,17893.72,0.15,53681.16,45628.99,37479.97,Debit Card,Delivered,8149.02,0.1786,2024-06,2024,Q2,1,0,0
ORD001975,2024-08-10,CUST01038,Electronics,Power Bank,West,Pune,Website,1,8900.89,0.1,8900.89,8010.8,6661.13,Cash on Delivery,Delivered,1349.67,0.1685,2024-08,2024,Q3,1,0,0
ORD001976,2024-05-12,CUST00530,Home & Kitchen,Mixer Grinder,North,Delhi,Website,4,5769.59,0.15,23078.38,19616.62,12083.26,Debit Card,Delivered,7533.36,0.384,2024-05,2024,Q2,1,0,0
ORD001977,2024-03-04,CUST01551,Home & Kitchen,Coffee Maker,South,Bengaluru,Marketplace,4,9182.09,0.1,36728.38,33055.54,20990.24,Cash on Delivery,Returned,12065.3,0.365,2024-03,2024,Q1,0,1,0
ORD001978,2024-03-04,CUST00302,Electronics,Power Bank,West,Ahmedabad,Website,5,9441.22,0.15,47206.08,40125.17,23103.53,Debit Card,Delivered,17021.64,0.4242,2024-03,2024,Q1,1,0,0
ORD001979,2024-03-29,CUST00853,Electronics,Power Bank,East,Bhubaneswar,Mobile App,2,5043.92,0.25,10087.84,7565.88,5656.19,Debit Card,Delivered,1909.69,0.2524,2024-03,2024,Q1,1,0,0
ORD001980,2024-09-07,CUST01084,Fashion,Running Shoes,West,Pune,Website,4,573.52,0.1,2294.09,2064.68,1297.16,Debit Card,Delivered,767.52,0.3717,2024-09,2024,Q3,1,0,0
ORD001981,2024-08-09,CUST01498,Home & Kitchen,Mixer Grinder,Central,Bhopal,Marketplace,3,6075.99,0.15,18227.97,15493.77,9927.74,Net Banking,Delivered,5566.03,0.3592,2024-08,2024,Q3,1,0,0
ORD001982,2025-06-23,CUST00337,Home & Kitchen,Water Bottle,Central,Indore,Marketplace,1,5171.83,0.05,5171.83,4913.23,3076.54,Debit Card,Delivered,1836.69,0.3738,2025-06,2025,Q2,1,0,0
ORD001983,2024-05-30,CUST00188,Beauty,Face Serum,West,Pune,Website,1,2325.68,0.05,2325.68,2209.4,1335.74,Net Banking,Delivered,873.66,0.3954,2024-05,2024,Q2,1,0,0
ORD001984,2024-02-28,CUST01073,Sports,Resistance Bands,West,Pune,Mobile App,3,5991.55,0.05,17974.66,17075.93,10183.04,Debit Card,Delivered,6892.89,0.4037,2024-02,2024,Q1,1,0,0
ORD001985,2025-03-03,CUST00907,Home & Kitchen,Mixer Grinder,South,Chennai,Marketplace,2,2862.34,0.05,5724.67,5438.44,3713.21,UPI,Delivered,1725.23,0.3172,2025-03,2025,Q1,1,0,0
ORD001986,2024-01-27,CUST01206,Fashion,Sunglasses,North,Chandigarh,Website,4,4122.78,0.0,16491.13,16491.13,10226.05,Credit Card,Delivered,6265.08,0.3799,2024-01,2024,Q1,1,0,0
ORD001987,2024-07-03,CUST01451,Electronics,Bluetooth Speaker,South,Bengaluru,Website,5,19347.97,0.25,96739.84,72554.88,53776.32,Cash on Delivery,Delivered,18778.56,0.2588,2024-07,2024,Q3,1,0,0
ORD001988,2025-04-23,CUST01141,Fashion,T-Shirt,West,Pune,Mobile App,1,3284.15,0.0,3284.15,3284.15,1733.72,UPI,Delivered,1550.43,0.4721,2025-04,2025,Q2,1,0,0
ORD001989,2024-06-04,CUST00180,Fashion,Sunglasses,North,Jaipur,Mobile App,1,2794.26,0.25,2794.26,2095.69,1125.94,Credit Card,Delivered,969.75,0.4627,2024-06,2024,Q2,1,0,0
ORD001990,2024-12-10,CUST00336,Sports,Dumbbells,South,Bengaluru,Mobile App,4,2046.07,0.2,8184.28,6547.42,4096.29,Debit Card,Delivered,2451.13,0.3744,2024-12,2024,Q4,1,0,0
ORD001991,2024-12-15,CUST00366,Sports,Football,North,Delhi,Website,1,4824.71,0.2,4824.71,3859.77,2443.95,Debit Card,Delivered,1415.82,0.3668,2024-12,2024,Q4,1,0,0
ORD001992,2024-05-21,CUST00974,Electronics,Wireless Headphones,South,Chennai,Marketplace,5,16865.78,0.15,84328.88,71679.55,46291.87,Debit Card,Delivered,25387.68,0.3542,2024-05,2024,Q2,1,0,0
ORD001993,2025-06-16,CUST00683,Home & Kitchen,Storage Box,North,Delhi,Marketplace,4,7341.97,0.0,29367.9,29367.9,20434.9,Net Banking,Delivered,8933.0,0.3042,2025-06,2025,Q2,1,0,0
ORD001994,2024-07-17,CUST01254,Sports,Yoga Mat,North,Delhi,Website,3,3199.99,0.15,9599.98,8159.99,6748.92,Credit Card,Cancelled,1411.07,0.1729,2024-07,2024,Q3,0,0,1
ORD001995,2025-02-12,CUST01257,Electronics,Laptop Stand,West,Ahmedabad,Marketplace,1,20867.2,0.0,20867.2,20867.2,16464.09,Net Banking,Delivered,4403.11,0.211,2025-02,2025,Q1,1,0,0
ORD001996,2025-03-15,CUST00092,Home & Kitchen,Storage Box,West,Mumbai,Marketplace,4,3344.4,0.15,13377.6,11370.96,9311.71,Cash on Delivery,Delivered,2059.25,0.1811,2025-03,2025,Q1,1,0,0
ORD001997,2024-09-21,CUST00610,Fashion,Running Shoes,North,Delhi,Marketplace,2,4224.25,0.15,8448.5,7181.22,4015.72,UPI,Delivered,3165.5,0.4408,2024-09,2024,Q3,1,0,0
ORD001998,2024-02-14,CUST01207,Fashion,Running Shoes,Central,Nagpur,Marketplace,3,1126.18,0.2,3378.54,2702.83,1867.18,Credit Card,Delivered,835.65,0.3092,2024-02,2024,Q1,1,0,0
ORD001999,2024-12-13,CUST01509,Electronics,Laptop Stand,South,Chennai,Marketplace,2,15964.2,0.2,31928.39,25542.72,14677.45,Debit Card,Delivered,10865.27,0.4254,2024-12,2024,Q4,1,0,0
ORD002000,2024-02-05,CUST00113,Home & Kitchen,Coffee Maker,East,Kolkata,Mobile App,3,4683.95,0.05,14051.85,13349.26,8119.42,Debit Card,Delivered,5229.84,0.3918,2024-02,2024,Q1,1,0,0
ORD002001,2024-04-28,CUST01497,Fashion,Sunglasses,North,Delhi,Mobile App,4,4873.7,0.0,19494.79,19494.79,11598.39,Credit Card,Delivered,7896.4,0.4051,2024-04,2024,Q2,1,0,0
ORD002002,2024-02-07,CUST00081,Electronics,Wireless Headphones,South,Chennai,Marketplace,5,15409.73,0.0,77048.66,77048.66,43503.77,Net Banking,Pending,33544.89,0.4354,2024-02,2024,Q1,0,0,0
ORD002003,2024-03-12,CUST00633,Electronics,Power Bank,East,Bhubaneswar,Website,5,8318.18,0.15,41590.92,35352.28,18654.23,UPI,Delivered,16698.05,0.4723,2024-03,2024,Q1,1,0,0
ORD002004,2025-04-18,CUST00671,Sports,Football,South,Chennai,Marketplace,5,5847.72,0.05,29238.62,27776.69,18531.22,UPI,Delivered,9245.47,0.3328,2025-04,2025,Q2,1,0,0
ORD002005,2025-03-28,CUST01572,Beauty,Lip Balm,West,Pune,Mobile App,3,1212.05,0.1,3636.15,3272.53,2117.48,Credit Card,Cancelled,1155.05,0.353,2025-03,2025,Q1,0,0,1
ORD002006,2024-01-21,CUST00175,Electronics,Power Bank,South,Hyderabad,Mobile App,2,20566.61,0.0,41133.21,41133.21,31558.77,Cash on Delivery,Delivered,9574.44,0.2328,2024-01,2024,Q1,1,0,0
ORD002007,2024-03-24,CUST00722,Electronics,Laptop Stand,Central,Indore,Website,2,18515.56,0.0,37031.13,37031.13,19432.24,UPI,Delivered,17598.89,0.4752,2024-03,2024,Q1,1,0,0
ORD002008,2025-01-20,CUST01560,Beauty,Lip Balm,North,Jaipur,Website,1,856.9,0.25,856.9,642.67,358.54,Net Banking,Delivered,284.13,0.4421,2025-01,2025,Q1,1,0,0
ORD002009,2024-09-01,CUST01038,Beauty,Sunscreen,West,Mumbai,Mobile App,1,1915.01,0.15,1915.01,1627.76,911.64,Net Banking,Delivered,716.12,0.4399,2024-09,2024,Q3,1,0,0
ORD002010,2024-08-14,CUST01314,Electronics,Wireless Headphones,West,Ahmedabad,Website,4,14530.33,0.0,58121.3,58121.3,30511.25,Cash on Delivery,Delivered,27610.05,0.475,2024-08,2024,Q3,1,0,0
ORD002011,2024-06-17,CUST00504,Electronics,Bluetooth Speaker,West,Pune,Marketplace,1,18582.32,0.2,18582.32,14865.86,8236.3,Cash on Delivery,Delivered,6629.56,0.446,2024-06,2024,Q2,1,0,0
ORD002012,2025-06-19,CUST01246,Electronics,Wireless Headphones,East,Kolkata,Mobile App,1,20662.97,0.0,20662.97,20662.97,11383.91,Net Banking,Pending,9279.06,0.4491,2025-06,2025,Q2,0,0,0
ORD002013,2024-07-19,CUST00758,Electronics,Laptop Stand,Central,Bhopal,Website,1,9814.48,0.15,9814.48,8342.31,5550.53,Credit Card,Delivered,2791.78,0.3347,2024-07,2024,Q3,1,0,0
ORD002014,2025-04-12,CUST00009,Fashion,Running Shoes,Central,Indore,Mobile App,4,3140.31,0.15,12561.24,10677.05,8607.64,UPI,Cancelled,2069.41,0.1938,2025-04,2025,Q2,0,0,1
ORD002015,2025-01-10,CUST00572,Home & Kitchen,Storage Box,South,Bengaluru,Website,2,1538.99,0.1,3077.99,2770.19,1566.72,Credit Card,Delivered,1203.47,0.4344,2025-01,2025,Q1,1,0,0
ORD002016,2025-01-17,CUST00762,Sports,Football,Central,Nagpur,Website,2,1860.28,0.1,3720.55,3348.5,2363.7,UPI,Delivered,984.8,0.2941,2025-01,2025,Q1,1,0,0
ORD002017,2024-09-04,CUST00224,Electronics,Laptop Stand,South,Hyderabad,Marketplace,1,10721.5,0.0,10721.5,10721.5,9003.12,Net Banking,Cancelled,1718.38,0.1603,2024-09,2024,Q3,0,0,1
ORD002018,2024-07-15,CUST01073,Electronics,Power Bank,Central,Nagpur,Website,3,2760.77,0.05,8282.32,7868.2,6123.74,UPI,Delivered,1744.46,0.2217,2024-07,2024,Q3,1,0,0
ORD002019,2024-07-16,CUST01543,Fashion,Running Shoes,West,Ahmedabad,Website,4,815.28,0.0,3261.12,3261.12,1756.73,UPI,Pending,1504.39,0.4613,2024-07,2024,Q3,0,0,0
ORD002020,2025-06-23,CUST00120,Fashion,Running Shoes,Central,Indore,Mobile App,4,1459.59,0.15,5838.36,4962.61,3881.43,Net Banking,Delivered,1081.18,0.2179,2025-06,2025,Q2,1,0,0
ORD002021,2024-02-01,CUST01041,Electronics,Smartwatch,West,Ahmedabad,Website,4,7037.93,0.1,28151.72,25336.55,14061.94,UPI,Delivered,11274.61,0.445,2024-02,2024,Q1,1,0,0
ORD002022,2024-07-12,CUST01067,Electronics,Laptop Stand,East,Bhubaneswar,Mobile App,3,15986.68,0.1,47960.05,43164.04,25299.6,Cash on Delivery,Delivered,17864.44,0.4139,2024-07,2024,Q3,1,0,0
ORD002023,2024-08-02,CUST00685,Home & Kitchen,Mixer Grinder,South,Bengaluru,Website,1,3987.55,0.1,3987.55,3588.8,1981.78,Cash on Delivery,Pending,1607.02,0.4478,2024-08,2024,Q3,0,0,0
ORD002024,2024-10-11,CUST00340,Beauty,Lip Balm,West,Mumbai,Website,5,2084.81,0.15,10424.07,8860.46,5418.48,Credit Card,Delivered,3441.98,0.3885,2024-10,2024,Q4,1,0,0
ORD002025,2024-02-21,CUST00970,Home & Kitchen,Air Fryer,South,Chennai,Mobile App,4,6419.27,0.1,25677.08,23109.37,13430.35,Cash on Delivery,Delivered,9679.02,0.4188,2024-02,2024,Q1,1,0,0
ORD002026,2025-05-07,CUST01155,Electronics,Power Bank,South,Hyderabad,Website,4,20782.94,0.25,83131.74,62348.81,39227.36,Credit Card,Returned,23121.45,0.3708,2025-05,2025,Q2,0,1,0
ORD002027,2024-10-06,CUST01153,Beauty,Moisturizer,North,Chandigarh,Mobile App,4,1396.39,0.15,5585.55,4747.72,3966.89,Cash on Delivery,Delivered,780.83,0.1645,2024-10,2024,Q4,1,0,0
ORD002028,2025-05-10,CUST00054,Electronics,Wireless Headphones,West,Mumbai,Website,1,3334.85,0.0,3334.85,3334.85,1844.63,Credit Card,Delivered,1490.22,0.4469,2025-05,2025,Q2,1,0,0
ORD002029,2025-03-17,CUST00155,Beauty,Moisturizer,South,Bengaluru,Mobile App,3,1405.37,0.1,4216.1,3794.49,2614.53,Credit Card,Delivered,1179.96,0.311,2025-03,2025,Q1,1,0,0
ORD002030,2024-06-02,CUST01376,Fashion,T-Shirt,North,Delhi,Mobile App,1,4709.3,0.0,4709.3,4709.3,2848.27,Cash on Delivery,Delivered,1861.03,0.3952,2024-06,2024,Q2,1,0,0
ORD002031,2024-08-13,CUST01111,Electronics,Power Bank,West,Pune,Mobile App,5,18305.17,0.0,91525.84,91525.84,74120.69,Cash on Delivery,Delivered,17405.15,0.1902,2024-08,2024,Q3,1,0,0
ORD002032,2025-05-06,CUST00513,Fashion,T-Shirt,North,Chandigarh,Website,5,2588.05,0.15,12940.23,10999.2,7890.42,UPI,Delivered,3108.78,0.2826,2025-05,2025,Q2,1,0,0
ORD002033,2024-03-25,CUST00442,Electronics,Smartwatch,West,Mumbai,Mobile App,2,6280.89,0.05,12561.78,11933.69,7178.58,Debit Card,Delivered,4755.11,0.3985,2024-03,2024,Q1,1,0,0
ORD002034,2024-07-29,CUST00268,Beauty,Moisturizer,West,Pune,Website,2,888.09,0.05,1776.18,1687.38,1161.89,Net Banking,Delivered,525.49,0.3114,2024-07,2024,Q3,1,0,0
ORD002035,2025-05-04,CUST00865,Home & Kitchen,Coffee Maker,South,Chennai,Website,3,4889.15,0.15,14667.44,12467.33,9237.73,Cash on Delivery,Delivered,3229.6,0.259,2025-05,2025,Q2,1,0,0
ORD002036,2024-09-11,CUST01275,Sports,Dumbbells,Central,Indore,Website,1,4886.77,0.2,4886.77,3909.42,3179.95,Debit Card,Delivered,729.47,0.1866,2024-09,2024,Q3,1,0,0
ORD002037,2024-07-13,CUST00526,Fashion,Denim Jacket,West,Mumbai,Mobile App,2,4431.68,0.2,8863.37,7090.69,4860.61,Net Banking,Delivered,2230.08,0.3145,2024-07,2024,Q3,1,0,0
ORD002038,2024-12-09,CUST01375,Home & Kitchen,Mixer Grinder,East,Patna,Website,4,4233.82,0.05,16935.3,16088.53,9093.91,Cash on Delivery,Delivered,6994.62,0.4348,2024-12,2024,Q4,1,0,0
ORD002039,2024-12-13,CUST01449,Electronics,Smartwatch,West,Ahmedabad,Website,1,8712.54,0.2,8712.54,6970.03,5313.69,Net Banking,Delivered,1656.34,0.2376,2024-12,2024,Q4,1,0,0
ORD002040,2024-10-31,CUST00215,Home & Kitchen,Mixer Grinder,North,Jaipur,Website,5,7314.79,0.25,36573.95,27430.47,16434.45,Net Banking,Returned,10996.02,0.4009,2024-10,2024,Q4,0,1,0
ORD002041,2024-01-21,CUST01003,Fashion,Sunglasses,Central,Nagpur,Website,5,4998.84,0.15,24994.18,21245.06,14136.25,UPI,Delivered,7108.81,0.3346,2024-01,2024,Q1,1,0,0
ORD002042,2025-04-25,CUST00636,Electronics,Wireless Headphones,South,Hyderabad,Mobile App,3,3723.9,0.05,11171.7,10613.12,6160.93,Credit Card,Delivered,4452.19,0.4195,2025-04,2025,Q2,1,0,0
ORD002043,2024-10-14,CUST00305,Sports,Dumbbells,South,Bengaluru,Website,2,3755.68,0.0,7511.36,7511.36,5623.18,Debit Card,Delivered,1888.18,0.2514,2024-10,2024,Q4,1,0,0
ORD002044,2024-10-04,CUST01554,Fashion,Sunglasses,South,Hyderabad,Website,4,4377.65,0.1,17510.59,15759.53,11361.53,UPI,Delivered,4398.0,0.2791,2024-10,2024,Q4,1,0,0
ORD002045,2024-08-30,CUST00942,Home & Kitchen,Mixer Grinder,West,Mumbai,Website,5,5683.38,0.0,28416.89,28416.89,17330.0,Debit Card,Delivered,11086.89,0.3902,2024-08,2024,Q3,1,0,0
ORD002046,2024-06-26,CUST01036,Home & Kitchen,Water Bottle,North,Chandigarh,Website,5,2500.27,0.0,12501.37,12501.37,6834.06,UPI,Delivered,5667.31,0.4533,2024-06,2024,Q2,1,0,0
ORD002047,2024-11-03,CUST00680,Fashion,T-Shirt,South,Chennai,Mobile App,5,1584.01,0.1,7920.05,7128.04,4979.66,Net Banking,Delivered,2148.38,0.3014,2024-11,2024,Q4,1,0,0
ORD002048,2024-03-20,CUST00129,Electronics,Bluetooth Speaker,South,Bengaluru,Website,3,11063.57,0.1,33190.72,29871.64,16810.26,UPI,Delivered,13061.38,0.4373,2024-03,2024,Q1,1,0,0
ORD002049,2024-07-19,CUST01128,Sports,Resistance Bands,South,Hyderabad,Mobile App,1,2056.5,0.2,2056.5,1645.2,1264.41,Credit Card,Delivered,380.79,0.2315,2024-07,2024,Q3,1,0,0
ORD002050,2024-04-24,CUST00659,Beauty,Shampoo,South,Bengaluru,Website,4,1029.48,0.15,4117.93,3500.24,2749.66,Credit Card,Pending,750.58,0.2144,2024-04,2024,Q2,0,0,0
ORD002051,2024-10-21,CUST00013,Home & Kitchen,Coffee Maker,East,Kolkata,Website,2,7980.35,0.0,15960.7,15960.7,12554.05,Cash on Delivery,Delivered,3406.65,0.2134,2024-10,2024,Q4,1,0,0
ORD002052,2024-01-21,CUST01090,Electronics,Power Bank,South,Chennai,Marketplace,4,12395.5,0.15,49582.01,42144.71,28907.67,Credit Card,Returned,13237.04,0.3141,2024-01,2024,Q1,0,1,0
ORD002053,2024-05-19,CUST01026,Home & Kitchen,Water Bottle,North,Jaipur,Website,1,2551.33,0.15,2551.33,2168.63,1131.77,Debit Card,Delivered,1036.86,0.4781,2024-05,2024,Q2,1,0,0
ORD002054,2024-06-02,CUST00428,Beauty,Moisturizer,South,Hyderabad,Website,2,1703.33,0.1,3406.65,3065.99,2340.69,UPI,Delivered,725.3,0.2366,2024-06,2024,Q2,1,0,0
ORD002055,2024-01-28,CUST00589,Electronics,Smartwatch,North,Chandigarh,Mobile App,5,18614.27,0.2,93071.36,74457.09,42453.71,UPI,Delivered,32003.38,0.4298,2024-01,2024,Q1,1,0,0
ORD002056,2024-02-12,CUST00403,Home & Kitchen,Mixer Grinder,West,Pune,Marketplace,4,2165.68,0.0,8662.71,8662.71,4747.81,Credit Card,Pending,3914.9,0.4519,2024-02,2024,Q1,0,0,0
ORD002057,2024-07-12,CUST00402,Home & Kitchen,Water Bottle,South,Chennai,Marketplace,3,6874.25,0.1,20622.74,18560.46,13598.69,Debit Card,Delivered,4961.77,0.2673,2024-07,2024,Q3,1,0,0
ORD002058,2024-11-04,CUST00598,Electronics,Power Bank,South,Bengaluru,Marketplace,5,15418.81,0.15,77094.04,65529.93,44665.21,Cash on Delivery,Delivered,20864.72,0.3184,2024-11,2024,Q4,1,0,0
ORD002059,2024-06-20,CUST00591,Sports,Cricket Bat,Central,Bhopal,Website,1,3457.04,0.1,3457.04,3111.33,2600.55,Credit Card,Delivered,510.78,0.1642,2024-06,2024,Q2,1,0,0
ORD002060,2024-07-03,CUST00943,Fashion,Denim Jacket,East,Patna,Marketplace,2,5366.85,0.05,10733.7,10197.02,5575.82,Debit Card,Delivered,4621.2,0.4532,2024-07,2024,Q3,1,0,0
ORD002061,2024-04-19,CUST00800,Electronics,Smartwatch,North,Delhi,Marketplace,5,4989.59,0.05,24947.94,23700.54,13496.17,Credit Card,Cancelled,10204.37,0.4306,2024-04,2024,Q2,0,0,1
ORD002062,2024-07-29,CUST00324,Electronics,Power Bank,North,Chandigarh,Mobile App,4,19444.04,0.0,77776.17,77776.17,64082.36,Debit Card,Delivered,13693.81,0.1761,2024-07,2024,Q3,1,0,0
ORD002063,2024-03-13,CUST00482,Electronics,Power Bank,South,Chennai,Website,3,14026.35,0.1,42079.06,37871.15,29514.04,Debit Card,Delivered,8357.11,0.2207,2024-03,2024,Q1,1,0,0
ORD002064,2024-01-06,CUST01529,Fashion,Denim Jacket,Central,Indore,Website,1,4424.48,0.15,4424.48,3760.81,2765.03,Net Banking,Delivered,995.78,0.2648,2024-01,2024,Q1,1,0,0
ORD002065,2024-06-25,CUST00582,Sports,Resistance Bands,West,Pune,Website,1,1965.22,0.1,1965.22,1768.7,986.41,UPI,Cancelled,782.29,0.4423,2024-06,2024,Q2,0,0,1
ORD002066,2024-08-29,CUST01285,Home & Kitchen,Coffee Maker,Central,Indore,Mobile App,3,5865.09,0.15,17595.27,14955.98,7912.98,UPI,Pending,7043.0,0.4709,2024-08,2024,Q3,0,0,0
ORD002067,2024-01-28,CUST01277,Fashion,Sunglasses,West,Ahmedabad,Mobile App,5,5157.33,0.25,25786.66,19340.0,12814.99,Credit Card,Delivered,6525.01,0.3374,2024-01,2024,Q1,1,0,0
ORD002068,2024-08-16,CUST00020,Sports,Yoga Mat,Central,Nagpur,Mobile App,4,2383.53,0.05,9534.14,9057.43,5421.01,Debit Card,Delivered,3636.42,0.4015,2024-08,2024,Q3,1,0,0
ORD002069,2024-01-24,CUST01075,Beauty,Sunscreen,West,Mumbai,Website,3,1040.54,0.15,3121.62,2653.38,1627.08,Net Banking,Delivered,1026.3,0.3868,2024-01,2024,Q1,1,0,0
ORD002070,2025-03-21,CUST01051,Electronics,Smartwatch,West,Mumbai,Website,4,4528.97,0.0,18115.87,18115.87,9603.1,Net Banking,Delivered,8512.77,0.4699,2025-03,2025,Q1,1,0,0
ORD002071,2024-12-11,CUST00908,Electronics,Wireless Headphones,West,Ahmedabad,Website,1,21623.42,0.05,21623.42,20542.25,15708.39,Net Banking,Cancelled,4833.86,0.2353,2024-12,2024,Q4,0,0,1
ORD002072,2025-01-22,CUST00995,Beauty,Lip Balm,North,Delhi,Mobile App,4,747.69,0.1,2990.76,2691.69,1686.86,Credit Card,Delivered,1004.83,0.3733,2025-01,2025,Q1,1,0,0
ORD002073,2024-07-30,CUST01010,Beauty,Sunscreen,North,Jaipur,Mobile App,2,493.42,0.0,986.84,986.84,632.86,UPI,Delivered,353.98,0.3587,2024-07,2024,Q3,1,0,0
ORD002074,2025-05-01,CUST00563,Beauty,Face Serum,South,Hyderabad,Mobile App,4,2205.42,0.2,8821.67,7057.33,5690.18,Credit Card,Delivered,1367.15,0.1937,2025-05,2025,Q2,1,0,0
ORD002075,2025-03-07,CUST00298,Electronics,Wireless Headphones,North,Chandigarh,Mobile App,5,14539.74,0.15,72698.72,61793.92,45851.83,UPI,Delivered,15942.09,0.258,2025-03,2025,Q1,1,0,0
ORD002076,2024-07-03,CUST01224,Fashion,Running Shoes,North,Chandigarh,Marketplace,1,2670.37,0.05,2670.37,2536.85,1615.69,Net Banking,Delivered,921.16,0.3631,2024-07,2024,Q3,1,0,0
ORD002077,2025-02-17,CUST01173,Fashion,Sunglasses,West,Pune,Mobile App,3,3921.73,0.2,11765.19,9412.16,7171.52,Cash on Delivery,Delivered,2240.64,0.2381,2025-02,2025,Q1,1,0,0
ORD002078,2024-11-29,CUST00481,Electronics,Laptop Stand,East,Bhubaneswar,Marketplace,2,5833.97,0.0,11667.94,11667.94,9768.71,Net Banking,Delivered,1899.23,0.1628,2024-11,2024,Q4,1,0,0
ORD002079,2024-09-29,CUST00434,Beauty,Shampoo,North,Chandigarh,Website,3,560.12,0.05,1680.36,1596.34,967.19,Cash on Delivery,Delivered,629.15,0.3941,2024-09,2024,Q3,1,0,0
ORD002080,2025-01-29,CUST01225,Electronics,Smartwatch,South,Hyderabad,Website,2,6239.15,0.1,12478.29,11230.46,8034.01,Debit Card,Delivered,3196.45,0.2846,2025-01,2025,Q1,1,0,0
ORD002081,2024-01-03,CUST00230,Beauty,Shampoo,North,Delhi,Website,3,2962.3,0.0,8886.89,8886.89,6467.31,Cash on Delivery,Returned,2419.58,0.2723,2024-01,2024,Q1,0,1,0
ORD002082,2024-06-14,CUST00977,Beauty,Sunscreen,North,Delhi,Mobile App,3,1798.98,0.15,5396.93,4587.39,2738.46,Cash on Delivery,Delivered,1848.93,0.403,2024-06,2024,Q2,1,0,0
ORD002083,2024-05-12,CUST00727,Home & Kitchen,Water Bottle,North,Chandigarh,Mobile App,1,3726.95,0.2,3726.95,2981.56,2114.88,Credit Card,Delivered,866.68,0.2907,2024-05,2024,Q2,1,0,0
ORD002084,2024-11-15,CUST01230,Sports,Football,North,Delhi,Website,4,4653.0,0.2,18611.99,14889.59,12009.46,Cash on Delivery,Delivered,2880.13,0.1934,2024-11,2024,Q4,1,0,0
ORD002085,2025-03-30,CUST01469,Electronics,Wireless Headphones,South,Bengaluru,Mobile App,2,20218.3,0.05,40436.6,38414.77,20749.91,Net Banking,Returned,17664.86,0.4598,2025-03,2025,Q1,0,1,0
ORD002086,2024-05-21,CUST00400,Sports,Cricket Bat,East,Bhubaneswar,Marketplace,4,4125.43,0.2,16501.71,13201.37,7386.72,UPI,Delivered,5814.65,0.4405,2024-05,2024,Q2,1,0,0
ORD002087,2024-02-29,CUST00536,Beauty,Moisturizer,Central,Bhopal,Mobile App,4,1263.16,0.0,5052.65,5052.65,3956.08,UPI,Cancelled,1096.57,0.217,2024-02,2024,Q1,0,0,1
ORD002088,2025-04-21,CUST00036,Home & Kitchen,Mixer Grinder,West,Mumbai,Marketplace,1,3382.92,0.05,3382.92,3213.77,2219.86,Debit Card,Delivered,993.91,0.3093,2025-04,2025,Q2,1,0,0
ORD002089,2025-05-20,CUST00566,Electronics,Bluetooth Speaker,Central,Nagpur,Mobile App,1,21193.58,0.0,21193.58,21193.58,16229.57,UPI,Delivered,4964.01,0.2342,2025-05,2025,Q2,1,0,0
ORD002090,2024-06-08,CUST01330,Electronics,Power Bank,North,Chandigarh,Mobile App,2,7456.63,0.1,14913.26,13421.93,8363.85,Credit Card,Delivered,5058.08,0.3769,2024-06,2024,Q2,1,0,0
ORD002091,2024-06-09,CUST00641,Sports,Resistance Bands,Central,Indore,Website,1,6964.72,0.15,6964.72,5920.01,4231.37,Cash on Delivery,Returned,1688.64,0.2852,2024-06,2024,Q2,0,1,0
ORD002092,2024-05-04,CUST00144,Sports,Cricket Bat,South,Bengaluru,Mobile App,5,3238.3,0.05,16191.51,15381.94,11806.39,Cash on Delivery,Delivered,3575.55,0.2325,2024-05,2024,Q2,1,0,0
ORD002093,2024-06-27,CUST00908,Home & Kitchen,Water Bottle,North,Delhi,Marketplace,4,3969.51,0.2,15878.05,12702.44,7384.27,Debit Card,Pending,5318.17,0.4187,2024-06,2024,Q2,0,0,0
ORD002094,2024-08-16,CUST00845,Electronics,Wireless Headphones,North,Jaipur,Mobile App,2,10432.68,0.15,20865.36,17735.55,13063.95,Credit Card,Delivered,4671.6,0.2634,2024-08,2024,Q3,1,0,0
ORD002095,2025-06-04,CUST00407,Fashion,Sunglasses,South,Chennai,Website,1,3012.71,0.1,3012.71,2711.44,1794.88,Net Banking,Delivered,916.56,0.338,2025-06,2025,Q2,1,0,0
ORD002096,2024-09-12,CUST00929,Fashion,T-Shirt,Central,Indore,Mobile App,4,5307.7,0.1,21230.8,19107.72,14023.54,Net Banking,Delivered,5084.18,0.2661,2024-09,2024,Q3,1,0,0
ORD002097,2024-02-25,CUST01177,Home & Kitchen,Mixer Grinder,South,Chennai,Website,1,7772.43,0.0,7772.43,7772.43,4110.77,Credit Card,Returned,3661.66,0.4711,2024-02,2024,Q1,0,1,0
ORD002098,2024-11-05,CUST01598,Electronics,Power Bank,South,Hyderabad,Website,1,2644.91,0.1,2644.91,2380.42,1706.5,Debit Card,Delivered,673.92,0.2831,2024-11,2024,Q4,1,0,0
ORD002099,2024-04-11,CUST01331,Home & Kitchen,Storage Box,Central,Bhopal,Mobile App,5,612.46,0.1,3062.31,2756.08,1550.02,Net Banking,Delivered,1206.06,0.4376,2024-04,2024,Q2,1,0,0
ORD002100,2024-09-04,CUST01440,Fashion,Backpack,North,Jaipur,Mobile App,4,4301.5,0.1,17205.99,15485.39,8172.48,Credit Card,Delivered,7312.91,0.4722,2024-09,2024,Q3,1,0,0
ORD002101,2024-10-26,CUST00427,Beauty,Sunscreen,South,Bengaluru,Mobile App,4,611.27,0.15,2445.07,2078.31,1709.52,Debit Card,Delivered,368.79,0.1774,2024-10,2024,Q4,1,0,0
ORD002102,2024-09-10,CUST00809,Home & Kitchen,Mixer Grinder,Central,Nagpur,Marketplace,4,8154.2,0.0,32616.8,32616.8,17048.78,Debit Card,Returned,15568.02,0.4773,2024-09,2024,Q3,0,1,0
ORD002103,2024-06-13,CUST01150,Fashion,T-Shirt,South,Chennai,Website,1,820.76,0.1,820.76,738.69,440.97,Net Banking,Delivered,297.72,0.403,2024-06,2024,Q2,1,0,0
ORD002104,2024-07-05,CUST00253,Home & Kitchen,Coffee Maker,South,Bengaluru,Mobile App,3,2483.31,0.1,7449.94,6704.95,4003.04,Net Banking,Returned,2701.91,0.403,2024-07,2024,Q3,0,1,0
ORD002105,2024-04-03,CUST00135,Fashion,Backpack,South,Chennai,Website,3,5125.79,0.0,15377.37,15377.37,9837.78,UPI,Delivered,5539.59,0.3602,2024-04,2024,Q2,1,0,0
ORD002106,2025-03-05,CUST01407,Electronics,Smartwatch,West,Mumbai,Mobile App,4,9015.57,0.0,36062.29,36062.29,19776.58,UPI,Delivered,16285.71,0.4516,2025-03,2025,Q1,1,0,0
ORD002107,2024-02-25,CUST00488,Sports,Resistance Bands,North,Jaipur,Marketplace,3,638.41,0.1,1915.22,1723.69,1306.3,Net Banking,Cancelled,417.39,0.2421,2024-02,2024,Q1,0,0,1
ORD002108,2024-10-28,CUST00732,Fashion,Running Shoes,West,Pune,Website,4,3736.3,0.0,14945.2,14945.2,11043.27,Credit Card,Delivered,3901.93,0.2611,2024-10,2024,Q4,1,0,0
ORD002109,2025-03-13,CUST01314,Fashion,Denim Jacket,North,Chandigarh,Mobile App,1,3825.27,0.0,3825.27,3825.27,3050.82,Debit Card,Delivered,774.45,0.2025,2025-03,2025,Q1,1,0,0
ORD002110,2024-05-29,CUST00579,Fashion,Denim Jacket,South,Bengaluru,Website,5,1106.59,0.15,5532.93,4702.99,2910.38,Cash on Delivery,Returned,1792.61,0.3812,2024-05,2024,Q2,0,1,0
ORD002111,2025-02-28,CUST00488,Home & Kitchen,Water Bottle,North,Jaipur,Website,3,9755.91,0.15,29267.73,24877.57,13733.27,Credit Card,Delivered,11144.3,0.448,2025-02,2025,Q1,1,0,0
ORD002112,2024-07-30,CUST01224,Beauty,Moisturizer,South,Bengaluru,Marketplace,4,1438.47,0.05,5753.9,5466.2,2899.52,UPI,Delivered,2566.68,0.4696,2024-07,2024,Q3,1,0,0
ORD002113,2024-05-20,CUST01227,Fashion,Backpack,West,Pune,Website,3,640.84,0.15,1922.53,1634.15,1264.5,Credit Card,Delivered,369.65,0.2262,2024-05,2024,Q2,1,0,0
ORD002114,2024-11-19,CUST00016,Fashion,Denim Jacket,Central,Indore,Website,3,1123.76,0.05,3371.28,3202.71,1860.85,Credit Card,Delivered,1341.86,0.419,2024-11,2024,Q4,1,0,0
ORD002115,2024-07-28,CUST00404,Electronics,Smartwatch,East,Patna,Website,4,18464.23,0.0,73856.91,73856.91,60501.75,Cash on Delivery,Delivered,13355.16,0.1808,2024-07,2024,Q3,1,0,0
ORD002116,2024-07-01,CUST00032,Home & Kitchen,Coffee Maker,North,Delhi,Mobile App,2,3788.59,0.15,7577.17,6440.6,4224.04,Net Banking,Delivered,2216.56,0.3442,2024-07,2024,Q3,1,0,0
ORD002117,2024-02-05,CUST00560,Sports,Resistance Bands,South,Bengaluru,Mobile App,5,4882.43,0.15,24412.15,20750.33,14586.8,Debit Card,Delivered,6163.53,0.297,2024-02,2024,Q1,1,0,0
ORD002118,2025-03-09,CUST00696,Sports,Dumbbells,East,Bhubaneswar,Mobile App,5,1071.06,0.0,5355.31,5355.31,3736.82,UPI,Delivered,1618.49,0.3022,2025-03,2025,Q1,1,0,0
ORD002119,2024-01-14,CUST00496,Fashion,Denim Jacket,North,Chandigarh,Website,1,2723.57,0.15,2723.57,2315.03,1905.12,UPI,Delivered,409.91,0.1771,2024-01,2024,Q1,1,0,0
ORD002120,2024-04-04,CUST00293,Home & Kitchen,Air Fryer,North,Delhi,Mobile App,2,715.0,0.15,1430.0,1215.5,703.93,UPI,Delivered,511.57,0.4209,2024-04,2024,Q2,1,0,0
ORD002121,2024-06-11,CUST01105,Sports,Cricket Bat,Central,Bhopal,Website,5,4471.4,0.15,22357.02,19003.47,14688.13,Debit Card,Delivered,4315.34,0.2271,2024-06,2024,Q2,1,0,0
ORD002122,2024-01-14,CUST01519,Electronics,Laptop Stand,Central,Nagpur,Mobile App,5,13007.13,0.1,65035.66,58532.09,38991.62,Cash on Delivery,Delivered,19540.47,0.3338,2024-01,2024,Q1,1,0,0
ORD002123,2024-09-29,CUST01403,Electronics,Power Bank,North,Jaipur,Website,4,14911.05,0.15,59644.19,50697.56,27653.25,UPI,Delivered,23044.31,0.4545,2024-09,2024,Q3,1,0,0
ORD002124,2024-03-14,CUST01366,Fashion,T-Shirt,West,Ahmedabad,Marketplace,2,1555.46,0.1,3110.92,2799.83,1857.29,UPI,Pending,942.54,0.3366,2024-03,2024,Q1,0,0,0
ORD002125,2024-09-03,CUST00583,Fashion,Sunglasses,South,Chennai,Website,4,2095.7,0.25,8382.81,6287.11,5206.98,Debit Card,Delivered,1080.13,0.1718,2024-09,2024,Q3,1,0,0
ORD002126,2025-03-25,CUST01504,Home & Kitchen,Air Fryer,North,Jaipur,Website,5,9458.14,0.15,47290.71,40197.1,22600.33,Credit Card,Delivered,17596.77,0.4378,2025-03,2025,Q1,1,0,0
ORD002127,2024-08-10,CUST01471,Home & Kitchen,Water Bottle,East,Patna,Mobile App,5,7409.99,0.05,37049.94,35197.44,27947.77,UPI,Delivered,7249.67,0.206,2024-08,2024,Q3,1,0,0
ORD002128,2024-10-30,CUST01289,Beauty,Face Serum,South,Bengaluru,Mobile App,4,1682.92,0.05,6731.69,6395.1,4968.5,Cash on Delivery,Delivered,1426.6,0.2231,2024-10,2024,Q4,1,0,0
ORD002129,2024-09-15,CUST00369,Fashion,Denim Jacket,West,Ahmedabad,Marketplace,3,3040.97,0.05,9122.92,8666.78,6520.56,Net Banking,Delivered,2146.22,0.2476,2024-09,2024,Q3,1,0,0
ORD002130,2024-06-19,CUST00559,Electronics,Laptop Stand,North,Chandigarh,Mobile App,1,1501.05,0.15,1501.05,1275.89,1046.47,Debit Card,Delivered,229.42,0.1798,2024-06,2024,Q2,1,0,0
ORD002131,2024-11-13,CUST00960,Fashion,Backpack,South,Hyderabad,Website,4,1964.17,0.1,7856.68,7071.01,4317.26,Cash on Delivery,Returned,2753.75,0.3894,2024-11,2024,Q4,0,1,0
ORD002132,2025-02-18,CUST00923,Sports,Cricket Bat,East,Kolkata,Mobile App,4,1607.73,0.15,6430.93,5466.29,2869.2,Cash on Delivery,Delivered,2597.09,0.4751,2025-02,2025,Q1,1,0,0
ORD002133,2025-04-15,CUST01307,Electronics,Laptop Stand,Central,Bhopal,Website,2,21635.22,0.05,43270.45,41106.93,26506.35,Cash on Delivery,Delivered,14600.58,0.3552,2025-04,2025,Q2,1,0,0
ORD002134,2025-01-29,CUST00825,Beauty,Sunscreen,West,Pune,Marketplace,3,2870.97,0.2,8612.91,6890.33,5004.31,Debit Card,Cancelled,1886.02,0.2737,2025-01,2025,Q1,0,0,1
ORD002135,2024-08-15,CUST00473,Fashion,Running Shoes,North,Chandigarh,Mobile App,5,4546.11,0.0,22730.56,22730.56,14608.55,Net Banking,Delivered,8122.01,0.3573,2024-08,2024,Q3,1,0,0
ORD002136,2024-05-08,CUST00396,Home & Kitchen,Air Fryer,North,Delhi,Mobile App,4,5279.17,0.15,21116.67,17949.17,10844.79,UPI,Delivered,7104.38,0.3958,2024-05,2024,Q2,1,0,0
ORD002137,2025-04-15,CUST00181,Fashion,Backpack,South,Bengaluru,Website,2,3437.5,0.1,6874.99,6187.49,4306.11,Credit Card,Delivered,1881.38,0.3041,2025-04,2025,Q2,1,0,0
ORD002138,2024-02-05,CUST01187,Home & Kitchen,Air Fryer,South,Chennai,Mobile App,5,7774.41,0.15,38872.07,33041.26,18845.53,Net Banking,Delivered,14195.73,0.4296,2024-02,2024,Q1,1,0,0
ORD002139,2024-08-19,CUST01599,Home & Kitchen,Coffee Maker,South,Chennai,Marketplace,2,6659.37,0.05,13318.74,12652.81,8702.13,UPI,Delivered,3950.68,0.3122,2024-08,2024,Q3,1,0,0
ORD002140,2024-04-19,CUST00214,Beauty,Sunscreen,West,Pune,Website,1,1771.18,0.2,1771.18,1416.94,781.69,Credit Card,Delivered,635.25,0.4483,2024-04,2024,Q2,1,0,0
ORD002141,2024-01-28,CUST01246,Beauty,Sunscreen,East,Patna,Mobile App,5,1245.17,0.0,6225.87,6225.87,3624.3,Net Banking,Pending,2601.57,0.4179,2024-01,2024,Q1,0,0,0
ORD002142,2024-07-18,CUST00790,Fashion,Denim Jacket,Central,Bhopal,Website,4,2657.28,0.15,10629.14,9034.77,5703.02,Debit Card,Cancelled,3331.75,0.3688,2024-07,2024,Q3,0,0,1
ORD002143,2025-02-28,CUST00825,Fashion,Running Shoes,North,Chandigarh,Mobile App,2,4679.42,0.25,9358.84,7019.13,4719.28,Debit Card,Delivered,2299.85,0.3277,2025-02,2025,Q1,1,0,0
ORD002144,2025-03-06,CUST00038,Home & Kitchen,Mixer Grinder,East,Bhubaneswar,Mobile App,2,7681.75,0.25,15363.5,11522.63,9665.54,UPI,Cancelled,1857.09,0.1612,2025-03,2025,Q1,0,0,1
ORD002145,2025-01-04,CUST00551,Sports,Dumbbells,West,Ahmedabad,Marketplace,3,3517.37,0.15,10552.11,8969.29,4831.55,UPI,Delivered,4137.74,0.4613,2025-01,2025,Q1,1,0,0
ORD002146,2024-12-13,CUST01146,Beauty,Moisturizer,West,Pune,Marketplace,4,2882.12,0.2,11528.5,9222.8,6060.33,UPI,Delivered,3162.47,0.3429,2024-12,2024,Q4,1,0,0
ORD002147,2024-06-13,CUST00395,Sports,Cricket Bat,North,Delhi,Marketplace,4,4148.3,0.1,16593.21,14933.89,8925.65,Credit Card,Delivered,6008.24,0.4023,2024-06,2024,Q2,1,0,0
ORD002148,2025-01-30,CUST00832,Fashion,T-Shirt,West,Ahmedabad,Mobile App,3,1026.21,0.1,3078.62,2770.76,1557.66,UPI,Delivered,1213.1,0.4378,2025-01,2025,Q1,1,0,0
ORD002149,2024-07-02,CUST00405,Fashion,Sunglasses,West,Mumbai,Mobile App,5,4908.42,0.2,24542.08,19633.67,13679.44,Credit Card,Delivered,5954.23,0.3033,2024-07,2024,Q3,1,0,0
ORD002150,2024-03-19,CUST00589,Electronics,Bluetooth Speaker,South,Chennai,Website,3,9294.57,0.2,27883.72,22306.98,14600.79,Debit Card,Returned,7706.19,0.3455,2024-03,2024,Q1,0,1,0
ORD002151,2024-07-28,CUST00632,Fashion,T-Shirt,North,Jaipur,Website,4,2342.13,0.15,9368.53,7963.25,4429.33,Debit Card,Delivered,3533.92,0.4438,2024-07,2024,Q3,1,0,0
ORD002152,2024-06-02,CUST00455,Sports,Football,East,Bhubaneswar,Website,4,5863.21,0.05,23452.83,22280.19,13375.62,Credit Card,Delivered,8904.57,0.3997,2024-06,2024,Q2,1,0,0
ORD002153,2025-05-15,CUST00046,Electronics,Smartwatch,North,Chandigarh,Website,5,11494.8,0.05,57474.01,54600.31,34924.68,Credit Card,Delivered,19675.63,0.3604,2025-05,2025,Q2,1,0,0
ORD002154,2024-06-27,CUST01221,Sports,Yoga Mat,South,Bengaluru,Marketplace,2,6322.34,0.25,12644.68,9483.51,5012.56,UPI,Delivered,4470.95,0.4714,2024-06,2024,Q2,1,0,0
ORD002155,2024-02-12,CUST00478,Beauty,Moisturizer,West,Pune,Mobile App,1,2562.92,0.05,2562.92,2434.78,1843.72,Credit Card,Delivered,591.06,0.2428,2024-02,2024,Q1,1,0,0
ORD002156,2025-03-19,CUST01582,Electronics,Laptop Stand,South,Bengaluru,Website,2,3259.44,0.15,6518.88,5541.05,4055.49,Cash on Delivery,Delivered,1485.56,0.2681,2025-03,2025,Q1,1,0,0
ORD002157,2025-02-16,CUST00085,Beauty,Face Serum,East,Patna,Website,3,965.35,0.1,2896.05,2606.45,1925.23,Debit Card,Delivered,681.22,0.2614,2025-02,2025,Q1,1,0,0
ORD002158,2024-02-17,CUST00100,Electronics,Laptop Stand,North,Chandigarh,Mobile App,3,15556.09,0.1,46668.26,42001.43,27605.56,Debit Card,Delivered,14395.87,0.3427,2024-02,2024,Q1,1,0,0
ORD002159,2025-01-21,CUST00724,Fashion,Sunglasses,North,Chandigarh,Marketplace,4,1795.51,0.2,7182.03,5745.62,4605.16,Cash on Delivery,Delivered,1140.46,0.1985,2025-01,2025,Q1,1,0,0
ORD002160,2024-10-22,CUST00148,Fashion,Running Shoes,East,Bhubaneswar,Website,1,4922.01,0.25,4922.01,3691.51,2707.64,UPI,Delivered,983.87,0.2665,2024-10,2024,Q4,1,0,0
ORD002161,2024-09-11,CUST00725,Fashion,Backpack,South,Chennai,Website,2,710.27,0.15,1420.53,1207.45,922.0,UPI,Delivered,285.45,0.2364,2024-09,2024,Q3,1,0,0
ORD002162,2024-02-08,CUST00465,Electronics,Bluetooth Speaker,East,Bhubaneswar,Mobile App,2,9925.39,0.05,19850.78,18858.24,14932.47,Net Banking,Cancelled,3925.77,0.2082,2024-02,2024,Q1,0,0,1
ORD002163,2024-10-13,CUST01528,Home & Kitchen,Coffee Maker,West,Ahmedabad,Marketplace,3,8088.21,0.05,24264.62,23051.38,14269.59,Debit Card,Delivered,8781.79,0.381,2024-10,2024,Q4,1,0,0
ORD002164,2024-05-14,CUST01400,Sports,Dumbbells,South,Bengaluru,Marketplace,4,2975.79,0.05,11903.18,11308.02,9083.38,Debit Card,Delivered,2224.64,0.1967,2024-05,2024,Q2,1,0,0
ORD002165,2024-04-14,CUST00039,Home & Kitchen,Storage Box,West,Ahmedabad,Mobile App,3,1697.78,0.1,5093.35,4584.01,2858.67,Credit Card,Delivered,1725.34,0.3764,2024-04,2024,Q2,1,0,0
ORD002166,2025-03-24,CUST01283,Fashion,Running Shoes,Central,Indore,Marketplace,2,4861.11,0.1,9722.23,8750.0,5172.79,Cash on Delivery,Delivered,3577.21,0.4088,2025-03,2025,Q1,1,0,0
ORD002167,2024-10-01,CUST00693,Sports,Resistance Bands,West,Mumbai,Website,1,5695.07,0.1,5695.07,5125.56,3721.3,Credit Card,Delivered,1404.26,0.274,2024-10,2024,Q4,1,0,0
ORD002168,2025-06-29,CUST01191,Beauty,Lip Balm,East,Patna,Marketplace,5,2921.71,0.2,14608.55,11686.84,8346.93,Net Banking,Delivered,3339.91,0.2858,2025-06,2025,Q2,1,0,0
ORD002169,2025-02-20,CUST00503,Beauty,Lip Balm,West,Mumbai,Website,2,1326.5,0.15,2653.01,2255.06,1224.51,Net Banking,Delivered,1030.55,0.457,2025-02,2025,Q1,1,0,0
ORD002170,2024-06-29,CUST01148,Home & Kitchen,Water Bottle,West,Ahmedabad,Marketplace,2,6582.37,0.05,13164.75,12506.51,7784.4,Credit Card,Delivered,4722.11,0.3776,2024-06,2024,Q2,1,0,0
ORD002171,2025-01-20,CUST01450,Fashion,T-Shirt,Central,Bhopal,Marketplace,1,1866.31,0.15,1866.31,1586.37,1102.91,UPI,Delivered,483.46,0.3048,2025-01,2025,Q1,1,0,0
ORD002172,2024-08-02,CUST00728,Beauty,Face Serum,North,Delhi,Marketplace,2,469.19,0.15,938.38,797.62,586.47,Credit Card,Delivered,211.15,0.2647,2024-08,2024,Q3,1,0,0
ORD002173,2025-01-08,CUST01489,Home & Kitchen,Water Bottle,East,Kolkata,Website,2,3052.02,0.0,6104.04,6104.04,4926.11,Net Banking,Delivered,1177.93,0.193,2025-01,2025,Q1,1,0,0
ORD002174,2024-04-10,CUST00782,Sports,Cricket Bat,West,Ahmedabad,Mobile App,1,2202.75,0.1,2202.75,1982.48,1209.37,Debit Card,Delivered,773.11,0.39,2024-04,2024,Q2,1,0,0
ORD002175,2024-10-21,CUST01259,Electronics,Smartwatch,North,Delhi,Marketplace,3,10760.78,0.05,32282.33,30668.22,19871.62,UPI,Delivered,10796.6,0.352,2024-10,2024,Q4,1,0,0
ORD002176,2024-12-01,CUST01327,Electronics,Power Bank,West,Ahmedabad,Website,4,14381.37,0.1,57525.46,51772.92,38752.05,Net Banking,Delivered,13020.87,0.2515,2024-12,2024,Q4,1,0,0
ORD002177,2024-03-30,CUST00434,Home & Kitchen,Mixer Grinder,North,Chandigarh,Website,4,5538.58,0.2,22154.3,17723.44,12180.61,Net Banking,Returned,5542.83,0.3127,2024-03,2024,Q1,0,1,0
ORD002178,2024-12-14,CUST00158,Home & Kitchen,Storage Box,West,Pune,Website,2,9214.48,0.15,18428.97,15664.62,10749.4,Net Banking,Delivered,4915.22,0.3138,2024-12,2024,Q4,1,0,0
ORD002179,2025-03-25,CUST01344,Beauty,Sunscreen,West,Pune,Mobile App,3,613.03,0.0,1839.1,1839.1,1360.68,Cash on Delivery,Delivered,478.42,0.2601,2025-03,2025,Q1,1,0,0
ORD002180,2024-07-07,CUST01075,Electronics,Smartwatch,South,Hyderabad,Marketplace,5,15858.32,0.15,79291.59,67397.85,54945.23,Credit Card,Delivered,12452.62,0.1848,2024-07,2024,Q3,1,0,0
ORD002181,2024-04-19,CUST00855,Fashion,T-Shirt,North,Chandigarh,Website,1,2162.67,0.1,2162.67,1946.4,1602.28,Cash on Delivery,Delivered,344.12,0.1768,2024-04,2024,Q2,1,0,0
ORD002182,2025-01-23,CUST00240,Electronics,Wireless Headphones,Central,Nagpur,Mobile App,2,3952.89,0.1,7905.78,7115.2,4958.81,Net Banking,Returned,2156.39,0.3031,2025-01,2025,Q1,0,1,0
ORD002183,2024-08-09,CUST01457,Home & Kitchen,Coffee Maker,East,Kolkata,Mobile App,4,3547.61,0.1,14190.46,12771.41,7204.45,Debit Card,Delivered,5566.96,0.4359,2024-08,2024,Q3,1,0,0
ORD002184,2024-08-16,CUST00673,Home & Kitchen,Air Fryer,East,Patna,Website,5,6218.75,0.15,31093.74,26429.68,21028.53,Net Banking,Delivered,5401.15,0.2044,2024-08,2024,Q3,1,0,0
ORD002185,2025-01-01,CUST01597,Home & Kitchen,Storage Box,South,Hyderabad,Website,1,8145.74,0.1,8145.74,7331.17,5777.8,Debit Card,Delivered,1553.37,0.2119,2025-01,2025,Q1,1,0,0
ORD002186,2024-04-29,CUST01007,Electronics,Wireless Headphones,East,Kolkata,Website,2,2419.76,0.15,4839.53,4113.6,2638.43,Cash on Delivery,Pending,1475.17,0.3586,2024-04,2024,Q2,0,0,0
ORD002187,2024-05-14,CUST01195,Beauty,Moisturizer,West,Mumbai,Mobile App,1,761.27,0.15,761.27,647.08,528.42,Credit Card,Delivered,118.66,0.1834,2024-05,2024,Q2,1,0,0
ORD002188,2025-06-13,CUST00043,Home & Kitchen,Air Fryer,North,Chandigarh,Website,5,6531.33,0.0,32656.65,32656.65,26706.45,Debit Card,Delivered,5950.2,0.1822,2025-06,2025,Q2,1,0,0
ORD002189,2025-05-10,CUST00044,Home & Kitchen,Mixer Grinder,Central,Bhopal,Website,3,8868.37,0.1,26605.11,23944.6,14934.36,UPI,Delivered,9010.24,0.3763,2025-05,2025,Q2,1,0,0
ORD002190,2024-01-07,CUST01183,Fashion,Running Shoes,Central,Nagpur,Marketplace,4,3983.75,0.2,15935.0,12748.0,9524.44,Credit Card,Delivered,3223.56,0.2529,2024-01,2024,Q1,1,0,0
ORD002191,2025-01-24,CUST00263,Fashion,T-Shirt,East,Kolkata,Website,4,2374.11,0.15,9496.45,8071.98,5520.4,Debit Card,Delivered,2551.58,0.3161,2025-01,2025,Q1,1,0,0
ORD002192,2024-03-27,CUST00781,Electronics,Bluetooth Speaker,North,Delhi,Mobile App,3,21157.82,0.0,63473.45,63473.45,45163.18,Net Banking,Delivered,18310.27,0.2885,2024-03,2024,Q1,1,0,0
ORD002193,2024-04-30,CUST00654,Electronics,Wireless Headphones,Central,Nagpur,Marketplace,3,15041.94,0.0,45125.82,45125.82,26434.68,Credit Card,Pending,18691.14,0.4142,2024-04,2024,Q2,0,0,0
ORD002194,2024-05-09,CUST00229,Fashion,Denim Jacket,South,Bengaluru,Marketplace,2,5075.68,0.15,10151.37,8628.66,6165.67,Cash on Delivery,Delivered,2462.99,0.2854,2024-05,2024,Q2,1,0,0
ORD002195,2024-07-09,CUST00805,Home & Kitchen,Water Bottle,West,Mumbai,Website,4,4874.42,0.15,19497.67,16573.02,10559.46,Net Banking,Delivered,6013.56,0.3629,2024-07,2024,Q3,1,0,0
ORD002196,2024-05-07,CUST00313,Electronics,Laptop Stand,South,Chennai,Marketplace,1,21017.1,0.05,21017.1,19966.25,16343.86,Cash on Delivery,Delivered,3622.39,0.1814,2024-05,2024,Q2,1,0,0
ORD002197,2024-03-04,CUST01091,Fashion,Backpack,North,Delhi,Mobile App,4,5057.02,0.1,20228.06,18205.26,12677.48,Credit Card,Pending,5527.78,0.3036,2024-03,2024,Q1,0,0,0
ORD002198,2025-01-09,CUST00777,Beauty,Moisturizer,South,Bengaluru,Mobile App,4,1078.11,0.0,4312.43,4312.43,3322.72,Debit Card,Delivered,989.71,0.2295,2025-01,2025,Q1,1,0,0
ORD002199,2024-12-25,CUST01175,Electronics,Power Bank,Central,Bhopal,Mobile App,1,13769.85,0.25,13769.85,10327.39,8491.84,Debit Card,Delivered,1835.55,0.1777,2024-12,2024,Q4,1,0,0
ORD002200,2025-03-18,CUST00097,Sports,Dumbbells,North,Chandigarh,Website,2,852.83,0.0,1705.67,1705.67,1060.94,Debit Card,Pending,644.73,0.378,2025-03,2025,Q1,0,0,0
ORD002201,2025-06-01,CUST00191,Sports,Football,South,Bengaluru,Marketplace,1,4416.85,0.15,4416.85,3754.32,2364.08,Cash on Delivery,Delivered,1390.24,0.3703,2025-06,2025,Q2,1,0,0
ORD002202,2024-11-26,CUST00995,Electronics,Laptop Stand,South,Chennai,Marketplace,1,2930.93,0.1,2930.93,2637.84,2187.94,Debit Card,Delivered,449.9,0.1706,2024-11,2024,Q4,1,0,0
ORD002203,2024-02-21,CUST01386,Fashion,Running Shoes,North,Jaipur,Marketplace,4,3450.19,0.2,13800.75,11040.6,7837.69,Debit Card,Delivered,3202.91,0.2901,2024-02,2024,Q1,1,0,0
ORD002204,2024-08-16,CUST00167,Beauty,Moisturizer,North,Delhi,Website,4,1904.66,0.15,7618.63,6475.83,5305.89,Net Banking,Delivered,1169.94,0.1807,2024-08,2024,Q3,1,0,0
ORD002205,2024-02-01,CUST01053,Electronics,Power Bank,East,Patna,Mobile App,1,10771.83,0.0,10771.83,10771.83,6892.48,Debit Card,Cancelled,3879.35,0.3601,2024-02,2024,Q1,0,0,1
ORD002206,2025-06-15,CUST00430,Home & Kitchen,Mixer Grinder,West,Mumbai,Website,5,7181.81,0.15,35909.05,30522.7,17404.04,Net Banking,Cancelled,13118.66,0.4298,2025-06,2025,Q2,0,0,1
ORD002207,2024-07-05,CUST01320,Fashion,Denim Jacket,West,Ahmedabad,Marketplace,1,4625.35,0.0,4625.35,4625.35,2500.38,UPI,Delivered,2124.97,0.4594,2024-07,2024,Q3,1,0,0
ORD002208,2024-12-23,CUST00728,Electronics,Wireless Headphones,East,Patna,Website,5,11950.91,0.05,59754.57,56766.84,31600.49,Net Banking,Delivered,25166.35,0.4433,2024-12,2024,Q4,1,0,0
ORD002209,2024-06-13,CUST00703,Fashion,Running Shoes,North,Jaipur,Website,1,604.56,0.05,604.56,574.34,432.48,Debit Card,Returned,141.86,0.247,2024-06,2024,Q2,0,1,0
ORD002210,2025-04-16,CUST00947,Electronics,Wireless Headphones,South,Chennai,Website,4,16383.01,0.1,65532.05,58978.85,31973.22,UPI,Pending,27005.63,0.4579,2025-04,2025,Q2,0,0,0
ORD002211,2024-12-04,CUST00165,Fashion,T-Shirt,East,Patna,Website,1,4822.33,0.05,4822.33,4581.21,3526.89,Debit Card,Delivered,1054.32,0.2301,2024-12,2024,Q4,1,0,0
ORD002212,2025-03-08,CUST01371,Home & Kitchen,Air Fryer,East,Kolkata,Mobile App,5,5439.69,0.05,27198.46,25838.53,21428.66,Net Banking,Delivered,4409.87,0.1707,2025-03,2025,Q1,1,0,0
ORD002213,2024-03-27,CUST00946,Fashion,Denim Jacket,South,Hyderabad,Website,1,4802.12,0.0,4802.12,4802.12,3938.57,Net Banking,Delivered,863.55,0.1798,2024-03,2024,Q1,1,0,0
ORD002214,2024-05-29,CUST01356,Home & Kitchen,Mixer Grinder,North,Jaipur,Mobile App,1,2412.46,0.05,2412.46,2291.84,1204.92,Cash on Delivery,Returned,1086.92,0.4743,2024-05,2024,Q2,0,1,0
ORD002215,2024-11-01,CUST01407,Sports,Yoga Mat,West,Ahmedabad,Marketplace,5,4240.42,0.05,21202.11,20142.0,13851.9,Credit Card,Delivered,6290.1,0.3123,2024-11,2024,Q4,1,0,0
ORD002216,2024-03-10,CUST00455,Sports,Dumbbells,Central,Nagpur,Website,2,6415.05,0.0,12830.09,12830.09,9525.89,Debit Card,Delivered,3304.2,0.2575,2024-03,2024,Q1,1,0,0
ORD002217,2024-08-26,CUST00752,Sports,Cricket Bat,South,Bengaluru,Mobile App,1,3296.41,0.2,3296.41,2637.13,1502.05,Net Banking,Delivered,1135.08,0.4304,2024-08,2024,Q3,1,0,0
ORD002218,2025-01-21,CUST00949,Home & Kitchen,Mixer Grinder,North,Jaipur,Mobile App,3,6803.1,0.0,20409.29,20409.29,15822.21,Debit Card,Delivered,4587.08,0.2248,2025-01,2025,Q1,1,0,0
ORD002219,2024-07-04,CUST00550,Fashion,Sunglasses,Central,Nagpur,Website,2,2291.42,0.1,4582.85,4124.56,2398.18,UPI,Delivered,1726.38,0.4186,2024-07,2024,Q3,1,0,0
ORD002220,2024-05-24,CUST00727,Home & Kitchen,Storage Box,North,Jaipur,Website,3,2965.72,0.0,8897.16,8897.16,6658.71,UPI,Delivered,2238.45,0.2516,2024-05,2024,Q2,1,0,0
ORD002221,2024-01-13,CUST01427,Home & Kitchen,Storage Box,East,Patna,Mobile App,5,4849.41,0.1,24247.03,21822.33,18197.05,Net Banking,Delivered,3625.28,0.1661,2024-01,2024,Q1,1,0,0
ORD002222,2024-06-18,CUST00402,Fashion,T-Shirt,East,Kolkata,Website,4,4356.96,0.15,17427.84,14813.67,8094.35,UPI,Delivered,6719.32,0.4536,2024-06,2024,Q2,1,0,0
ORD002223,2024-11-10,CUST01228,Beauty,Sunscreen,East,Patna,Marketplace,3,2116.15,0.1,6348.46,5713.61,3531.99,UPI,Cancelled,2181.62,0.3818,2024-11,2024,Q4,0,0,1
ORD002224,2025-05-18,CUST01149,Electronics,Bluetooth Speaker,North,Chandigarh,Website,3,8743.77,0.15,26231.31,22296.61,13176.75,Credit Card,Delivered,9119.86,0.409,2025-05,2025,Q2,1,0,0
ORD002225,2024-02-13,CUST00095,Home & Kitchen,Coffee Maker,South,Chennai,Website,2,3734.65,0.05,7469.31,7095.84,4074.0,Cash on Delivery,Delivered,3021.84,0.4259,2024-02,2024,Q1,1,0,0
ORD002226,2024-02-20,CUST00371,Electronics,Bluetooth Speaker,South,Hyderabad,Website,3,20711.47,0.05,62134.42,59027.7,42205.94,Cash on Delivery,Pending,16821.76,0.285,2024-02,2024,Q1,0,0,0
ORD002227,2024-09-25,CUST01170,Home & Kitchen,Storage Box,Central,Bhopal,Website,3,923.35,0.15,2770.04,2354.54,1406.16,Debit Card,Delivered,948.38,0.4028,2024-09,2024,Q3,1,0,0
ORD002228,2024-11-24,CUST00955,Electronics,Smartwatch,South,Bengaluru,Mobile App,2,21817.44,0.15,43634.88,37089.65,26074.52,Credit Card,Delivered,11015.13,0.297,2024-11,2024,Q4,1,0,0
ORD002229,2025-03-24,CUST01335,Electronics,Smartwatch,North,Chandigarh,Website,3,11303.72,0.1,33911.17,30520.05,24333.61,UPI,Returned,6186.44,0.2027,2025-03,2025,Q1,0,1,0
ORD002230,2024-04-19,CUST00946,Electronics,Bluetooth Speaker,North,Jaipur,Website,1,20348.98,0.25,20348.98,15261.74,9157.36,Debit Card,Delivered,6104.38,0.4,2024-04,2024,Q2,1,0,0
ORD002231,2024-10-25,CUST01001,Electronics,Smartwatch,East,Bhubaneswar,Mobile App,2,14997.01,0.0,29994.02,29994.02,18711.2,UPI,Delivered,11282.82,0.3762,2024-10,2024,Q4,1,0,0
ORD002232,2024-04-23,CUST00878,Electronics,Bluetooth Speaker,South,Hyderabad,Mobile App,1,10237.03,0.0,10237.03,10237.03,7690.19,Credit Card,Delivered,2546.84,0.2488,2024-04,2024,Q2,1,0,0
ORD002233,2024-07-01,CUST01173,Sports,Yoga Mat,Central,Nagpur,Website,2,1917.26,0.1,3834.52,3451.07,2852.65,Net Banking,Delivered,598.42,0.1734,2024-07,2024,Q3,1,0,0
ORD002234,2025-03-04,CUST00859,Electronics,Laptop Stand,West,Ahmedabad,Website,4,3597.23,0.15,14388.92,12230.58,7619.23,UPI,Delivered,4611.35,0.377,2025-03,2025,Q1,1,0,0
ORD002235,2024-10-13,CUST00674,Sports,Yoga Mat,North,Chandigarh,Website,4,6713.62,0.15,26854.49,22826.32,18078.11,Cash on Delivery,Delivered,4748.21,0.208,2024-10,2024,Q4,1,0,0
ORD002236,2024-07-03,CUST01152,Electronics,Laptop Stand,South,Bengaluru,Marketplace,4,17869.96,0.1,71479.84,64331.86,50380.69,Cash on Delivery,Delivered,13951.17,0.2169,2024-07,2024,Q3,1,0,0
ORD002237,2024-10-22,CUST00972,Electronics,Wireless Headphones,South,Bengaluru,Mobile App,5,16669.49,0.15,83347.47,70845.35,48577.87,Credit Card,Delivered,22267.48,0.3143,2024-10,2024,Q4,1,0,0
ORD002238,2024-03-24,CUST01265,Fashion,Running Shoes,West,Mumbai,Mobile App,2,4301.01,0.2,8602.02,6881.61,3990.39,Credit Card,Cancelled,2891.22,0.4201,2024-03,2024,Q1,0,0,1
ORD002239,2025-03-27,CUST00836,Electronics,Power Bank,West,Ahmedabad,Mobile App,4,17892.21,0.2,71568.84,57255.07,43192.36,Credit Card,Returned,14062.71,0.2456,2025-03,2025,Q1,0,1,0
ORD002240,2024-05-07,CUST01203,Fashion,T-Shirt,West,Ahmedabad,Website,3,1377.7,0.05,4133.11,3926.46,3195.92,Credit Card,Pending,730.54,0.1861,2024-05,2024,Q2,0,0,0
ORD002241,2024-06-06,CUST00221,Fashion,Denim Jacket,East,Kolkata,Marketplace,4,2052.42,0.05,8209.67,7799.19,5355.48,Credit Card,Delivered,2443.71,0.3133,2024-06,2024,Q2,1,0,0
ORD002242,2024-02-07,CUST00876,Sports,Cricket Bat,South,Bengaluru,Mobile App,1,1266.17,0.25,1266.17,949.63,616.52,Debit Card,Delivered,333.11,0.3508,2024-02,2024,Q1,1,0,0
ORD002243,2025-02-12,CUST01183,Electronics,Smartwatch,Central,Bhopal,Mobile App,2,7918.88,0.15,15837.76,13462.1,7995.14,UPI,Delivered,5466.96,0.4061,2025-02,2025,Q1,1,0,0
ORD002244,2024-05-17,CUST00575,Beauty,Sunscreen,North,Delhi,Website,5,1214.51,0.15,6072.54,5161.66,3763.24,Cash on Delivery,Delivered,1398.42,0.2709,2024-05,2024,Q2,1,0,0
ORD002245,2024-07-05,CUST00278,Electronics,Bluetooth Speaker,North,Delhi,Mobile App,2,3910.53,0.0,7821.06,7821.06,5320.4,Debit Card,Delivered,2500.66,0.3197,2024-07,2024,Q3,1,0,0
ORD002246,2025-03-22,CUST00304,Home & Kitchen,Storage Box,Central,Nagpur,Website,5,6776.93,0.1,33884.65,30496.18,17366.8,Cash on Delivery,Delivered,13129.38,0.4305,2025-03,2025,Q1,1,0,0
ORD002247,2024-02-29,CUST00565,Home & Kitchen,Air Fryer,North,Delhi,Marketplace,2,852.37,0.0,1704.74,1704.74,1334.25,Debit Card,Delivered,370.49,0.2173,2024-02,2024,Q1,1,0,0
ORD002248,2025-02-10,CUST01453,Home & Kitchen,Storage Box,Central,Nagpur,Mobile App,2,4326.8,0.1,8653.6,7788.24,4718.45,Debit Card,Delivered,3069.79,0.3942,2025-02,2025,Q1,1,0,0
ORD002249,2024-09-15,CUST01040,Electronics,Bluetooth Speaker,South,Bengaluru,Website,1,11818.31,0.1,11818.31,10636.48,8328.42,Credit Card,Delivered,2308.06,0.217,2024-09,2024,Q3,1,0,0
ORD002250,2024-01-28,CUST01411,Electronics,Wireless Headphones,West,Pune,Marketplace,1,13437.17,0.05,13437.17,12765.31,8670.78,Debit Card,Returned,4094.53,0.3208,2024-01,2024,Q1,0,1,0
ORD002251,2024-09-10,CUST01364,Beauty,Sunscreen,South,Bengaluru,Website,4,2702.06,0.0,10808.23,10808.23,7206.42,UPI,Delivered,3601.81,0.3332,2024-09,2024,Q3,1,0,0
ORD002252,2024-09-25,CUST00011,Fashion,Sunglasses,North,Chandigarh,Website,1,2047.49,0.1,2047.49,1842.74,1485.96,Credit Card,Delivered,356.78,0.1936,2024-09,2024,Q3,1,0,0
ORD002253,2024-08-05,CUST01040,Beauty,Sunscreen,East,Patna,Website,5,1310.62,0.0,6553.12,6553.12,4760.2,Cash on Delivery,Delivered,1792.92,0.2736,2024-08,2024,Q3,1,0,0
ORD002254,2024-02-17,CUST01033,Electronics,Bluetooth Speaker,Central,Indore,Website,2,3829.04,0.1,7658.07,6892.26,4298.56,UPI,Delivered,2593.7,0.3763,2024-02,2024,Q1,1,0,0
ORD002255,2024-05-02,CUST01053,Beauty,Moisturizer,North,Jaipur,Mobile App,2,219.97,0.1,439.94,395.94,328.44,Debit Card,Delivered,67.5,0.1705,2024-05,2024,Q2,1,0,0
ORD002256,2025-01-27,CUST00832,Home & Kitchen,Mixer Grinder,North,Delhi,Website,1,6920.56,0.1,6920.56,6228.5,5038.78,UPI,Returned,1189.72,0.191,2025-01,2025,Q1,0,1,0
ORD002257,2024-10-17,CUST00652,Fashion,Backpack,East,Bhubaneswar,Mobile App,4,1693.14,0.1,6772.56,6095.31,4599.24,Debit Card,Pending,1496.07,0.2454,2024-10,2024,Q4,0,0,0
ORD002258,2025-01-17,CUST01510,Electronics,Power Bank,North,Jaipur,Website,5,15719.55,0.05,78597.75,74667.86,57072.37,Debit Card,Delivered,17595.49,0.2357,2025-01,2025,Q1,1,0,0
ORD002259,2024-04-29,CUST00529,Fashion,Sunglasses,Central,Indore,Website,5,4624.61,0.15,23123.04,19654.59,15666.62,UPI,Delivered,3987.97,0.2029,2024-04,2024,Q2,1,0,0
ORD002260,2024-05-26,CUST00905,Electronics,Power Bank,South,Bengaluru,Website,3,5548.52,0.2,16645.57,13316.45,9635.23,Cash on Delivery,Delivered,3681.22,0.2764,2024-05,2024,Q2,1,0,0
ORD002261,2024-07-04,CUST00253,Electronics,Power Bank,Central,Bhopal,Mobile App,1,2450.85,0.15,2450.85,2083.22,1524.39,UPI,Delivered,558.83,0.2683,2024-07,2024,Q3,1,0,0
ORD002262,2024-08-05,CUST00378,Fashion,T-Shirt,West,Ahmedabad,Website,2,443.83,0.0,887.65,887.65,464.98,UPI,Returned,422.67,0.4762,2024-08,2024,Q3,0,1,0
ORD002263,2024-05-01,CUST00287,Beauty,Sunscreen,South,Chennai,Website,3,2519.61,0.15,7558.83,6425.0,3903.44,Debit Card,Delivered,2521.56,0.3925,2024-05,2024,Q2,1,0,0
ORD002264,2024-12-22,CUST00873,Fashion,Denim Jacket,Central,Indore,Website,1,2206.71,0.0,2206.71,2206.71,1532.22,Debit Card,Delivered,674.49,0.3057,2024-12,2024,Q4,1,0,0
ORD002265,2024-09-01,CUST00246,Electronics,Wireless Headphones,West,Pune,Website,1,19770.33,0.2,19770.33,15816.27,10016.81,Net Banking,Delivered,5799.46,0.3667,2024-09,2024,Q3,1,0,0
ORD002266,2024-11-03,CUST01131,Beauty,Lip Balm,Central,Indore,Mobile App,3,2110.41,0.2,6331.22,5064.97,3721.59,Net Banking,Delivered,1343.38,0.2652,2024-11,2024,Q4,1,0,0
ORD002267,2024-09-05,CUST00760,Beauty,Moisturizer,Central,Bhopal,Website,1,1528.96,0.1,1528.96,1376.06,1127.84,Credit Card,Delivered,248.22,0.1804,2024-09,2024,Q3,1,0,0
ORD002268,2025-04-10,CUST01430,Fashion,Denim Jacket,North,Jaipur,Mobile App,3,4589.61,0.0,13768.83,13768.83,10130.09,UPI,Delivered,3638.74,0.2643,2025-04,2025,Q2,1,0,0
ORD002269,2024-10-12,CUST00489,Electronics,Wireless Headphones,South,Bengaluru,Mobile App,4,17357.52,0.15,69430.09,59015.58,43634.72,Net Banking,Pending,15380.86,0.2606,2024-10,2024,Q4,0,0,0
ORD002270,2024-09-24,CUST01278,Fashion,Sunglasses,North,Delhi,Website,5,3478.04,0.0,17390.21,17390.21,9727.03,Cash on Delivery,Delivered,7663.18,0.4407,2024-09,2024,Q3,1,0,0
ORD002271,2025-01-29,CUST01057,Home & Kitchen,Water Bottle,North,Delhi,Mobile App,5,1596.59,0.0,7982.97,7982.97,4212.64,UPI,Returned,3770.33,0.4723,2025-01,2025,Q1,0,1,0
ORD002272,2024-08-18,CUST01599,Home & Kitchen,Mixer Grinder,Central,Nagpur,Website,4,8672.49,0.0,34689.97,34689.97,19646.91,Cash on Delivery,Pending,15043.06,0.4336,2024-08,2024,Q3,0,0,0
ORD002273,2025-02-21,CUST00533,Beauty,Face Serum,South,Hyderabad,Mobile App,1,1101.44,0.0,1101.44,1101.44,595.48,UPI,Delivered,505.96,0.4594,2025-02,2025,Q1,1,0,0
ORD002274,2024-07-19,CUST00832,Fashion,Sunglasses,North,Jaipur,Website,4,2273.08,0.0,9092.3,9092.3,6037.65,Credit Card,Cancelled,3054.65,0.336,2024-07,2024,Q3,0,0,1
ORD002275,2024-12-04,CUST00682,Home & Kitchen,Coffee Maker,North,Delhi,Mobile App,2,1031.2,0.1,2062.4,1856.16,1081.11,Debit Card,Pending,775.05,0.4176,2024-12,2024,Q4,0,0,0
ORD002276,2024-05-11,CUST01299,Electronics,Laptop Stand,West,Ahmedabad,Website,1,3860.08,0.0,3860.08,3860.08,3049.45,Credit Card,Delivered,810.63,0.21,2024-05,2024,Q2,1,0,0
ORD002277,2025-03-15,CUST00170,Home & Kitchen,Coffee Maker,Central,Indore,Website,1,1977.26,0.1,1977.26,1779.53,1180.92,Cash on Delivery,Delivered,598.61,0.3364,2025-03,2025,Q1,1,0,0
ORD002278,2024-06-27,CUST01351,Beauty,Lip Balm,West,Ahmedabad,Website,3,1005.49,0.05,3016.48,2865.65,1924.22,Debit Card,Delivered,941.43,0.3285,2024-06,2024,Q2,1,0,0
ORD002279,2025-02-09,CUST00785,Sports,Resistance Bands,East,Bhubaneswar,Website,3,3711.41,0.0,11134.24,11134.24,8555.72,Debit Card,Delivered,2578.52,0.2316,2025-02,2025,Q1,1,0,0
ORD002280,2024-05-24,CUST00911,Sports,Yoga Mat,West,Pune,Mobile App,5,3919.09,0.05,19595.47,18615.7,13305.22,Net Banking,Pending,5310.48,0.2853,2024-05,2024,Q2,0,0,0
ORD002281,2024-04-05,CUST00263,Beauty,Moisturizer,Central,Nagpur,Website,4,504.31,0.0,2017.25,2017.25,1122.3,UPI,Pending,894.95,0.4436,2024-04,2024,Q2,0,0,0
ORD002282,2024-05-20,CUST00596,Sports,Cricket Bat,Central,Bhopal,Marketplace,2,2875.1,0.1,5750.19,5175.17,3485.82,UPI,Delivered,1689.35,0.3264,2024-05,2024,Q2,1,0,0
ORD002283,2024-04-20,CUST00876,Beauty,Face Serum,North,Delhi,Mobile App,3,706.62,0.05,2119.85,2013.85,1142.75,UPI,Returned,871.1,0.4326,2024-04,2024,Q2,0,1,0
ORD002284,2024-08-05,CUST01233,Fashion,Sunglasses,North,Chandigarh,Website,4,4848.25,0.15,19392.99,16484.04,10374.45,Net Banking,Delivered,6109.59,0.3706,2024-08,2024,Q3,1,0,0
ORD002285,2024-11-22,CUST00513,Fashion,Denim Jacket,North,Delhi,Website,4,614.03,0.1,2456.13,2210.52,1305.59,Debit Card,Cancelled,904.93,0.4094,2024-11,2024,Q4,0,0,1
ORD002286,2024-01-11,CUST01301,Sports,Football,East,Patna,Mobile App,3,1677.91,0.15,5033.73,4278.67,2796.3,Debit Card,Delivered,1482.37,0.3465,2024-01,2024,Q1,1,0,0
ORD002287,2024-08-16,CUST01271,Electronics,Smartwatch,South,Bengaluru,Website,2,5263.64,0.0,10527.29,10527.29,7713.73,Cash on Delivery,Delivered,2813.56,0.2673,2024-08,2024,Q3,1,0,0
ORD002288,2024-04-24,CUST00931,Sports,Yoga Mat,South,Bengaluru,Website,2,614.04,0.0,1228.09,1228.09,878.29,Net Banking,Delivered,349.8,0.2848,2024-04,2024,Q2,1,0,0
ORD002289,2024-06-19,CUST00515,Electronics,Wireless Headphones,North,Jaipur,Mobile App,1,9115.28,0.05,9115.28,8659.52,6260.48,Net Banking,Delivered,2399.04,0.277,2024-06,2024,Q2,1,0,0
ORD002290,2025-03-03,CUST00961,Fashion,Sunglasses,North,Jaipur,Mobile App,1,1425.74,0.0,1425.74,1425.74,915.8,Net Banking,Delivered,509.94,0.3577,2025-03,2025,Q1,1,0,0
ORD002291,2024-12-08,CUST00631,Home & Kitchen,Water Bottle,North,Jaipur,Mobile App,5,9177.12,0.1,45885.58,41297.02,33657.25,Net Banking,Delivered,7639.77,0.185,2024-12,2024,Q4,1,0,0
ORD002292,2025-02-15,CUST00998,Sports,Resistance Bands,North,Delhi,Website,3,995.35,0.25,2986.04,2239.53,1185.14,UPI,Delivered,1054.39,0.4708,2025-02,2025,Q1,1,0,0
ORD002293,2025-05-26,CUST00819,Home & Kitchen,Storage Box,East,Patna,Mobile App,5,7230.01,0.05,36150.04,34342.53,19007.67,Credit Card,Delivered,15334.86,0.4465,2025-05,2025,Q2,1,0,0
ORD002294,2024-11-23,CUST01417,Electronics,Power Bank,Central,Indore,Website,3,6392.49,0.05,19177.48,18218.61,13265.74,Credit Card,Delivered,4952.87,0.2719,2024-11,2024,Q4,1,0,0
ORD002295,2024-04-24,CUST01195,Fashion,Denim Jacket,East,Kolkata,Website,2,4035.45,0.1,8070.89,7263.8,4314.39,Cash on Delivery,Delivered,2949.41,0.406,2024-04,2024,Q2,1,0,0
ORD002296,2024-05-20,CUST00108,Fashion,Running Shoes,South,Hyderabad,Website,2,4363.93,0.15,8727.85,7418.67,5830.76,Credit Card,Delivered,1587.91,0.214,2024-05,2024,Q2,1,0,0
ORD002297,2024-01-22,CUST01174,Fashion,T-Shirt,North,Delhi,Website,1,3173.71,0.05,3173.71,3015.03,1905.28,Cash on Delivery,Returned,1109.75,0.3681,2024-01,2024,Q1,0,1,0
ORD002298,2024-05-19,CUST00333,Fashion,Sunglasses,South,Hyderabad,Website,4,1506.61,0.1,6026.43,5423.79,3652.49,Cash on Delivery,Delivered,1771.3,0.3266,2024-05,2024,Q2,1,0,0
ORD002299,2024-08-22,CUST01144,Home & Kitchen,Water Bottle,North,Delhi,Website,1,2917.62,0.1,2917.62,2625.86,1616.24,UPI,Delivered,1009.62,0.3845,2024-08,2024,Q3,1,0,0
ORD002300,2024-09-17,CUST01080,Fashion,Backpack,North,Chandigarh,Website,4,1519.8,0.2,6079.21,4863.36,3004.6,Net Banking,Delivered,1858.76,0.3822,2024-09,2024,Q3,1,0,0
ORD002301,2024-03-26,CUST01211,Electronics,Power Bank,West,Mumbai,Website,1,19299.12,0.15,19299.12,16404.25,13543.68,Cash on Delivery,Delivered,2860.57,0.1744,2024-03,2024,Q1,1,0,0
ORD002302,2024-09-06,CUST01266,Home & Kitchen,Mixer Grinder,South,Hyderabad,Marketplace,5,1131.55,0.05,5657.74,5374.86,3548.89,UPI,Pending,1825.97,0.3397,2024-09,2024,Q3,0,0,0
ORD002303,2024-05-31,CUST01571,Electronics,Smartwatch,South,Bengaluru,Mobile App,1,21192.89,0.15,21192.89,18013.96,9691.69,Net Banking,Delivered,8322.27,0.462,2024-05,2024,Q2,1,0,0
ORD002304,2024-02-02,CUST00478,Home & Kitchen,Water Bottle,South,Bengaluru,Marketplace,5,3192.28,0.0,15961.42,15961.42,11406.63,Net Banking,Returned,4554.79,0.2854,2024-02,2024,Q1,0,1,0
ORD002305,2025-05-11,CUST01545,Electronics,Power Bank,South,Chennai,Website,1,19210.14,0.1,19210.14,17289.13,11143.34,Debit Card,Delivered,6145.79,0.3555,2025-05,2025,Q2,1,0,0
ORD002306,2025-06-13,CUST00708,Electronics,Power Bank,North,Chandigarh,Mobile App,1,4781.93,0.1,4781.93,4303.74,2731.34,Cash on Delivery,Delivered,1572.4,0.3654,2025-06,2025,Q2,1,0,0
ORD002307,2024-09-14,CUST00834,Electronics,Wireless Headphones,West,Ahmedabad,Website,3,7188.83,0.1,21566.48,19409.83,15083.6,Net Banking,Delivered,4326.23,0.2229,2024-09,2024,Q3,1,0,0
ORD002308,2025-01-19,CUST01070,Electronics,Wireless Headphones,North,Chandigarh,Marketplace,3,10796.05,0.15,32388.15,27529.93,19456.64,UPI,Delivered,8073.29,0.2933,2025-01,2025,Q1,1,0,0
ORD002309,2025-06-04,CUST00923,Electronics,Wireless Headphones,South,Chennai,Website,2,5746.18,0.2,11492.36,9193.89,5255.06,Credit Card,Delivered,3938.83,0.4284,2025-06,2025,Q2,1,0,0
ORD002310,2025-02-20,CUST01297,Sports,Football,East,Kolkata,Mobile App,5,6291.83,0.1,31459.15,28313.24,18118.54,Debit Card,Delivered,10194.7,0.3601,2025-02,2025,Q1,1,0,0
ORD002311,2024-10-24,CUST00934,Electronics,Laptop Stand,West,Pune,Website,5,5942.94,0.05,29714.69,28228.96,22343.81,Net Banking,Delivered,5885.15,0.2085,2024-10,2024,Q4,1,0,0
ORD002312,2024-10-22,CUST01089,Fashion,Denim Jacket,West,Mumbai,Marketplace,1,4972.87,0.05,4972.87,4724.22,3272.84,Cash on Delivery,Pending,1451.38,0.3072,2024-10,2024,Q4,0,0,0
ORD002313,2024-10-15,CUST01196,Fashion,Running Shoes,North,Jaipur,Marketplace,2,3266.52,0.15,6533.04,5553.09,2938.11,UPI,Delivered,2614.98,0.4709,2024-10,2024,Q4,1,0,0
ORD002314,2024-11-01,CUST01339,Beauty,Shampoo,South,Chennai,Mobile App,4,2921.4,0.25,11685.62,8764.21,6357.65,Debit Card,Cancelled,2406.56,0.2746,2024-11,2024,Q4,0,0,1
ORD002315,2024-07-31,CUST00040,Electronics,Bluetooth Speaker,South,Bengaluru,Website,1,5514.44,0.15,5514.44,4687.28,3024.66,Debit Card,Returned,1662.62,0.3547,2024-07,2024,Q3,0,1,0
ORD002316,2025-01-01,CUST01214,Fashion,Running Shoes,Central,Nagpur,Website,1,2699.98,0.2,2699.98,2159.99,1246.7,Cash on Delivery,Delivered,913.29,0.4228,2025-01,2025,Q1,1,0,0
ORD002317,2024-05-10,CUST00178,Home & Kitchen,Air Fryer,East,Kolkata,Marketplace,1,5679.66,0.0,5679.66,5679.66,3054.64,Debit Card,Delivered,2625.02,0.4622,2024-05,2024,Q2,1,0,0
ORD002318,2024-10-17,CUST01205,Electronics,Wireless Headphones,Central,Indore,Website,3,3149.43,0.2,9448.3,7558.64,4380.41,Net Banking,Delivered,3178.23,0.4205,2024-10,2024,Q4,1,0,0
ORD002319,2024-09-18,CUST01228,Beauty,Sunscreen,West,Ahmedabad,Website,5,1256.75,0.0,6283.77,6283.77,3377.42,Debit Card,Delivered,2906.35,0.4625,2024-09,2024,Q3,1,0,0
ORD002320,2025-04-13,CUST01061,Fashion,Sunglasses,North,Jaipur,Marketplace,5,4052.35,0.1,20261.77,18235.59,10312.15,Net Banking,Delivered,7923.44,0.4345,2025-04,2025,Q2,1,0,0
ORD002321,2024-10-26,CUST00236,Fashion,Sunglasses,South,Bengaluru,Marketplace,2,1981.24,0.15,3962.48,3368.11,2667.16,Net Banking,Delivered,700.95,0.2081,2024-10,2024,Q4,1,0,0
ORD002322,2024-12-28,CUST01096,Sports,Resistance Bands,Central,Nagpur,Mobile App,1,1563.36,0.0,1563.36,1563.36,1075.19,Cash on Delivery,Delivered,488.17,0.3123,2024-12,2024,Q4,1,0,0
ORD002323,2024-07-06,CUST00187,Beauty,Moisturizer,North,Jaipur,Website,1,1417.92,0.05,1417.92,1347.02,947.37,UPI,Pending,399.65,0.2967,2024-07,2024,Q3,0,0,0
ORD002324,2024-09-16,CUST01439,Fashion,Sunglasses,North,Jaipur,Website,2,1522.11,0.2,3044.22,2435.38,1537.58,UPI,Delivered,897.8,0.3686,2024-09,2024,Q3,1,0,0
ORD002325,2024-11-16,CUST00185,Beauty,Lip Balm,North,Chandigarh,Mobile App,4,2342.92,0.15,9371.69,7965.94,5802.24,Credit Card,Delivered,2163.7,0.2716,2024-11,2024,Q4,1,0,0
ORD002326,2024-10-30,CUST00504,Fashion,Sunglasses,South,Hyderabad,Website,5,2147.29,0.0,10736.43,10736.43,5598.9,Credit Card,Delivered,5137.53,0.4785,2024-10,2024,Q4,1,0,0
ORD002327,2025-06-21,CUST00816,Home & Kitchen,Water Bottle,South,Hyderabad,Mobile App,5,3166.25,0.1,15831.24,14248.12,9041.34,Credit Card,Cancelled,5206.78,0.3654,2025-06,2025,Q2,0,0,1
ORD002328,2024-02-25,CUST00008,Sports,Resistance Bands,East,Kolkata,Marketplace,1,6495.07,0.1,6495.07,5845.56,4543.97,UPI,Delivered,1301.59,0.2227,2024-02,2024,Q1,1,0,0
ORD002329,2024-04-05,CUST01021,Beauty,Shampoo,South,Chennai,Marketplace,4,468.07,0.2,1872.29,1497.83,1116.69,Debit Card,Cancelled,381.14,0.2545,2024-04,2024,Q2,0,0,1
ORD002330,2024-02-19,CUST00269,Fashion,Sunglasses,South,Hyderabad,Marketplace,2,3339.39,0.1,6678.79,6010.91,4023.81,Debit Card,Delivered,1987.1,0.3306,2024-02,2024,Q1,1,0,0
ORD002331,2024-04-10,CUST01244,Fashion,Backpack,South,Hyderabad,Mobile App,4,3744.32,0.05,14977.29,14228.42,7769.86,Credit Card,Delivered,6458.56,0.4539,2024-04,2024,Q2,1,0,0
ORD002332,2024-11-21,CUST00249,Sports,Football,Central,Indore,Website,3,3475.34,0.1,10426.03,9383.42,7818.4,Net Banking,Delivered,1565.02,0.1668,2024-11,2024,Q4,1,0,0
ORD002333,2025-05-25,CUST01297,Electronics,Laptop Stand,North,Delhi,Mobile App,1,5617.66,0.05,5617.66,5336.77,3036.11,Net Banking,Delivered,2300.66,0.4311,2025-05,2025,Q2,1,0,0
ORD002334,2024-06-20,CUST00385,Fashion,Denim Jacket,West,Mumbai,Mobile App,5,3628.05,0.0,18140.25,18140.25,12401.45,UPI,Delivered,5738.8,0.3164,2024-06,2024,Q2,1,0,0
ORD002335,2025-06-03,CUST00868,Electronics,Smartwatch,Central,Bhopal,Website,2,8324.42,0.0,16648.83,16648.83,11484.19,Net Banking,Delivered,5164.64,0.3102,2025-06,2025,Q2,1,0,0
ORD002336,2024-12-25,CUST00127,Home & Kitchen,Storage Box,Central,Bhopal,Mobile App,5,8225.67,0.1,41128.34,37015.51,25678.14,Cash on Delivery,Pending,11337.37,0.3063,2024-12,2024,Q4,0,0,0
ORD002337,2025-02-01,CUST00599,Beauty,Shampoo,West,Pune,Website,3,428.96,0.05,1286.87,1222.53,781.03,Credit Card,Delivered,441.5,0.3611,2025-02,2025,Q1,1,0,0
ORD002338,2025-03-05,CUST01077,Electronics,Smartwatch,West,Ahmedabad,Website,2,14515.32,0.1,29030.64,26127.58,15230.12,Debit Card,Delivered,10897.46,0.4171,2025-03,2025,Q1,1,0,0
ORD002339,2025-05-27,CUST01233,Electronics,Bluetooth Speaker,North,Chandigarh,Mobile App,3,1500.15,0.0,4500.46,4500.46,2773.5,Debit Card,Returned,1726.96,0.3837,2025-05,2025,Q2,0,1,0
ORD002340,2024-02-27,CUST00984,Sports,Football,West,Ahmedabad,Website,5,1075.75,0.2,5378.76,4303.01,3094.94,Credit Card,Delivered,1208.07,0.2807,2024-02,2024,Q1,1,0,0
ORD002341,2024-02-28,CUST00391,Electronics,Wireless Headphones,East,Patna,Website,5,2209.24,0.15,11046.2,9389.27,5334.4,UPI,Delivered,4054.87,0.4319,2024-02,2024,Q1,1,0,0
ORD002342,2024-11-01,CUST00448,Fashion,T-Shirt,East,Bhubaneswar,Marketplace,3,5260.45,0.0,15781.36,15781.36,10406.12,Credit Card,Delivered,5375.24,0.3406,2024-11,2024,Q4,1,0,0
ORD002343,2025-02-10,CUST01031,Electronics,Smartwatch,South,Bengaluru,Mobile App,1,4421.85,0.0,4421.85,4421.85,2612.01,Debit Card,Delivered,1809.84,0.4093,2025-02,2025,Q1,1,0,0
ORD002344,2024-03-17,CUST00944,Fashion,Sunglasses,East,Bhubaneswar,Website,2,578.23,0.0,1156.46,1156.46,715.82,Credit Card,Delivered,440.64,0.381,2024-03,2024,Q1,1,0,0
ORD002345,2025-03-12,CUST01436,Home & Kitchen,Coffee Maker,Central,Nagpur,Website,1,3600.29,0.0,3600.29,3600.29,2206.16,Cash on Delivery,Delivered,1394.13,0.3872,2025-03,2025,Q1,1,0,0
ORD002346,2024-12-31,CUST01245,Electronics,Bluetooth Speaker,South,Chennai,Website,2,16616.28,0.05,33232.56,31570.93,17840.66,Cash on Delivery,Delivered,13730.27,0.4349,2024-12,2024,Q4,1,0,0
ORD002347,2024-09-26,CUST00957,Beauty,Shampoo,North,Delhi,Website,1,2928.04,0.15,2928.04,2488.83,1883.62,Cash on Delivery,Delivered,605.21,0.2432,2024-09,2024,Q3,1,0,0
ORD002348,2024-08-19,CUST00506,Fashion,Running Shoes,West,Pune,Mobile App,2,4694.15,0.05,9388.3,8918.88,5093.44,Net Banking,Delivered,3825.44,0.4289,2024-08,2024,Q3,1,0,0
ORD002349,2024-10-03,CUST00855,Electronics,Bluetooth Speaker,West,Ahmedabad,Website,4,2864.56,0.05,11458.25,10885.33,8020.41,UPI,Delivered,2864.92,0.2632,2024-10,2024,Q4,1,0,0
ORD002350,2025-02-25,CUST01466,Sports,Resistance Bands,West,Mumbai,Website,3,5205.12,0.1,15615.36,14053.82,9964.4,UPI,Delivered,4089.42,0.291,2025-02,2025,Q1,1,0,0
ORD002351,2024-10-29,CUST00430,Fashion,T-Shirt,North,Delhi,Website,2,1716.43,0.15,3432.85,2917.92,1924.98,Cash on Delivery,Delivered,992.94,0.3403,2024-10,2024,Q4,1,0,0
ORD002352,2024-06-12,CUST00469,Sports,Resistance Bands,West,Pune,Website,1,1970.09,0.0,1970.09,1970.09,1156.33,Debit Card,Delivered,813.76,0.4131,2024-06,2024,Q2,1,0,0
ORD002353,2024-03-02,CUST00474,Home & Kitchen,Mixer Grinder,North,Jaipur,Website,1,6221.22,0.0,6221.22,6221.22,4176.64,Cash on Delivery,Delivered,2044.58,0.3286,2024-03,2024,Q1,1,0,0
ORD002354,2024-06-21,CUST00077,Electronics,Power Bank,West,Mumbai,Website,1,6777.64,0.15,6777.64,5760.99,3072.2,UPI,Delivered,2688.79,0.4667,2024-06,2024,Q2,1,0,0
ORD002355,2024-11-21,CUST01325,Fashion,Denim Jacket,West,Ahmedabad,Marketplace,4,3986.08,0.0,15944.3,15944.3,11014.61,Net Banking,Returned,4929.69,0.3092,2024-11,2024,Q4,0,1,0
ORD002356,2025-02-26,CUST00406,Home & Kitchen,Mixer Grinder,East,Bhubaneswar,Mobile App,3,9225.5,0.05,27676.49,26292.67,16611.31,Net Banking,Returned,9681.36,0.3682,2025-02,2025,Q1,0,1,0
ORD002357,2025-04-30,CUST00311,Fashion,Denim Jacket,West,Ahmedabad,Website,4,4552.67,0.1,18210.66,16389.59,12394.0,Cash on Delivery,Delivered,3995.59,0.2438,2025-04,2025,Q2,1,0,0
ORD002358,2024-07-06,CUST01212,Sports,Resistance Bands,North,Delhi,Mobile App,5,2250.94,0.2,11254.7,9003.76,4959.69,Credit Card,Delivered,4044.07,0.4492,2024-07,2024,Q3,1,0,0
ORD002359,2024-06-29,CUST01354,Beauty,Face Serum,East,Patna,Mobile App,2,2916.14,0.1,5832.29,5249.06,4193.36,Net Banking,Returned,1055.7,0.2011,2024-06,2024,Q2,0,1,0
ORD002360,2025-06-29,CUST00414,Home & Kitchen,Air Fryer,Central,Nagpur,Marketplace,1,8570.06,0.0,8570.06,8570.06,5411.58,Debit Card,Delivered,3158.48,0.3685,2025-06,2025,Q2,1,0,0
ORD002361,2025-04-07,CUST00889,Fashion,T-Shirt,West,Mumbai,Marketplace,3,4959.9,0.1,14879.7,13391.73,9214.19,UPI,Returned,4177.54,0.3119,2025-04,2025,Q2,0,1,0
ORD002362,2024-08-15,CUST01054,Electronics,Wireless Headphones,South,Bengaluru,Marketplace,3,4596.66,0.05,13789.97,13100.47,8738.46,Debit Card,Delivered,4362.01,0.333,2024-08,2024,Q3,1,0,0
ORD002363,2025-04-08,CUST00367,Sports,Resistance Bands,East,Patna,Mobile App,1,2258.5,0.25,2258.5,1693.88,1327.92,UPI,Delivered,365.96,0.216,2025-04,2025,Q2,1,0,0
ORD002364,2024-03-17,CUST00826,Electronics,Bluetooth Speaker,East,Patna,Mobile App,5,14006.81,0.05,70034.04,66532.34,45832.11,Credit Card,Delivered,20700.23,0.3111,2024-03,2024,Q1,1,0,0
ORD002365,2024-01-29,CUST00953,Fashion,Backpack,West,Ahmedabad,Website,3,3828.37,0.1,11485.11,10336.59,8197.4,Cash on Delivery,Delivered,2139.19,0.207,2024-01,2024,Q1,1,0,0
ORD002366,2024-01-27,CUST01377,Beauty,Shampoo,South,Hyderabad,Website,4,2699.9,0.1,10799.59,9719.63,6337.16,Cash on Delivery,Returned,3382.47,0.348,2024-01,2024,Q1,0,1,0
ORD002367,2025-06-07,CUST00077,Electronics,Wireless Headphones,West,Mumbai,Marketplace,2,10731.19,0.1,21462.37,19316.13,15937.23,UPI,Delivered,3378.9,0.1749,2025-06,2025,Q2,1,0,0
ORD002368,2024-01-08,CUST00627,Electronics,Power Bank,East,Bhubaneswar,Website,2,11257.11,0.15,22514.21,19137.08,11492.92,Debit Card,Delivered,7644.16,0.3994,2024-01,2024,Q1,1,0,0
ORD002369,2024-06-19,CUST00069,Home & Kitchen,Air Fryer,West,Pune,Website,1,1742.47,0.15,1742.47,1481.1,891.05,Credit Card,Delivered,590.05,0.3984,2024-06,2024,Q2,1,0,0
ORD002370,2024-06-30,CUST01283,Home & Kitchen,Storage Box,South,Bengaluru,Website,2,1111.45,0.15,2222.89,1889.46,984.58,UPI,Delivered,904.88,0.4789,2024-06,2024,Q2,1,0,0
ORD002371,2024-01-23,CUST00249,Fashion,T-Shirt,South,Chennai,Website,3,4467.48,0.2,13402.44,10721.95,8238.42,Cash on Delivery,Delivered,2483.53,0.2316,2024-01,2024,Q1,1,0,0
ORD002372,2025-04-30,CUST01442,Home & Kitchen,Water Bottle,North,Delhi,Mobile App,4,3190.5,0.05,12762.0,12123.9,7556.56,Debit Card,Delivered,4567.34,0.3767,2025-04,2025,Q2,1,0,0
ORD002373,2024-01-04,CUST00284,Electronics,Power Bank,South,Hyderabad,Website,1,5928.69,0.05,5928.69,5632.25,3205.74,Cash on Delivery,Cancelled,2426.51,0.4308,2024-01,2024,Q1,0,0,1
ORD002374,2024-08-31,CUST01470,Fashion,Running Shoes,South,Bengaluru,Mobile App,5,3756.51,0.05,18782.57,17843.44,12514.19,Net Banking,Delivered,5329.25,0.2987,2024-08,2024,Q3,1,0,0
ORD002375,2024-04-11,CUST01372,Beauty,Moisturizer,Central,Nagpur,Website,2,1116.62,0.05,2233.25,2121.59,1400.68,Debit Card,Delivered,720.91,0.3398,2024-04,2024,Q2,1,0,0
ORD002376,2024-05-07,CUST01568,Sports,Dumbbells,North,Jaipur,Mobile App,3,6611.47,0.1,19834.41,17850.96,14030.59,Debit Card,Delivered,3820.37,0.214,2024-05,2024,Q2,1,0,0
ORD002377,2025-01-24,CUST00404,Home & Kitchen,Water Bottle,East,Bhubaneswar,Mobile App,5,6464.4,0.05,32322.0,30705.9,19247.19,UPI,Delivered,11458.71,0.3732,2025-01,2025,Q1,1,0,0
ORD002378,2025-06-22,CUST01029,Fashion,T-Shirt,South,Hyderabad,Marketplace,1,2461.19,0.1,2461.19,2215.07,1541.84,Cash on Delivery,Delivered,673.23,0.3039,2025-06,2025,Q2,1,0,0
ORD002379,2024-07-05,CUST00364,Sports,Yoga Mat,West,Ahmedabad,Mobile App,5,1937.15,0.0,9685.74,9685.74,7920.05,Net Banking,Delivered,1765.69,0.1823,2024-07,2024,Q3,1,0,0
ORD002380,2024-06-13,CUST00753,Electronics,Wireless Headphones,South,Chennai,Marketplace,3,6256.46,0.0,18769.37,18769.37,13273.94,Debit Card,Pending,5495.43,0.2928,2024-06,2024,Q2,0,0,0
ORD002381,2024-05-10,CUST01232,Home & Kitchen,Mixer Grinder,South,Hyderabad,Website,4,1754.69,0.05,7018.76,6667.82,3968.79,Debit Card,Delivered,2699.03,0.4048,2024-05,2024,Q2,1,0,0
ORD002382,2024-03-27,CUST01273,Fashion,Sunglasses,North,Delhi,Website,1,1515.14,0.05,1515.14,1439.38,915.42,Net Banking,Delivered,523.96,0.364,2024-03,2024,Q1,1,0,0
ORD002383,2024-02-19,CUST00557,Electronics,Laptop Stand,North,Delhi,Mobile App,5,3772.29,0.15,18861.47,16032.25,10553.65,Credit Card,Pending,5478.6,0.3417,2024-02,2024,Q1,0,0,0
ORD002384,2024-10-15,CUST00835,Home & Kitchen,Storage Box,East,Kolkata,Website,3,3414.66,0.1,10243.99,9219.59,7025.76,Debit Card,Delivered,2193.83,0.238,2024-10,2024,Q4,1,0,0
ORD002385,2024-12-22,CUST00749,Electronics,Bluetooth Speaker,West,Mumbai,Marketplace,4,4768.97,0.0,19075.87,19075.87,13369.9,Cash on Delivery,Delivered,5705.97,0.2991,2024-12,2024,Q4,1,0,0
ORD002386,2025-05-04,CUST00670,Electronics,Smartwatch,South,Chennai,Marketplace,1,5072.4,0.15,5072.4,4311.54,2815.24,Cash on Delivery,Delivered,1496.3,0.347,2025-05,2025,Q2,1,0,0
ORD002387,2024-01-18,CUST01431,Electronics,Laptop Stand,North,Delhi,Mobile App,5,7528.04,0.1,37640.2,33876.18,23238.41,Debit Card,Delivered,10637.77,0.314,2024-01,2024,Q1,1,0,0
ORD002388,2024-10-17,CUST00230,Fashion,Sunglasses,Central,Indore,Mobile App,3,5144.29,0.0,15432.87,15432.87,10550.28,Credit Card,Delivered,4882.59,0.3164,2024-10,2024,Q4,1,0,0
ORD002389,2024-11-09,CUST00795,Electronics,Power Bank,West,Mumbai,Website,1,16231.07,0.2,16231.07,12984.86,9803.23,Credit Card,Delivered,3181.63,0.245,2024-11,2024,Q4,1,0,0
ORD002390,2024-11-22,CUST00932,Sports,Cricket Bat,North,Chandigarh,Mobile App,1,5570.76,0.05,5570.76,5292.22,4256.37,Cash on Delivery,Delivered,1035.85,0.1957,2024-11,2024,Q4,1,0,0
ORD002391,2025-06-11,CUST01482,Fashion,Backpack,North,Jaipur,Website,2,1944.91,0.15,3889.83,3306.36,1943.03,Debit Card,Delivered,1363.33,0.4123,2025-06,2025,Q2,1,0,0
ORD002392,2024-05-26,CUST01123,Sports,Cricket Bat,West,Ahmedabad,Website,2,3391.12,0.05,6782.24,6443.13,3961.31,UPI,Cancelled,2481.82,0.3852,2024-05,2024,Q2,0,0,1
ORD002393,2024-09-08,CUST00583,Sports,Yoga Mat,East,Patna,Marketplace,2,6895.74,0.0,13791.48,13791.48,11069.37,Debit Card,Returned,2722.11,0.1974,2024-09,2024,Q3,0,1,0
ORD002394,2025-06-10,CUST01267,Electronics,Wireless Headphones,Central,Nagpur,Website,4,17637.08,0.1,70548.34,63493.5,46984.27,Cash on Delivery,Delivered,16509.23,0.26,2025-06,2025,Q2,1,0,0
ORD002395,2024-12-17,CUST01501,Home & Kitchen,Storage Box,Central,Indore,Marketplace,2,9546.47,0.1,19092.94,17183.65,13260.5,Cash on Delivery,Delivered,3923.15,0.2283,2024-12,2024,Q4,1,0,0
ORD002396,2024-10-25,CUST00322,Beauty,Shampoo,North,Delhi,Website,4,998.8,0.2,3995.19,3196.15,1696.26,UPI,Delivered,1499.89,0.4693,2024-10,2024,Q4,1,0,0
ORD002397,2025-02-24,CUST00400,Sports,Dumbbells,West,Mumbai,Website,5,5210.51,0.15,26052.56,22144.68,14169.5,Cash on Delivery,Delivered,7975.18,0.3601,2025-02,2025,Q1,1,0,0
ORD002398,2024-10-04,CUST00715,Electronics,Laptop Stand,Central,Indore,Website,2,15497.92,0.2,30995.83,24796.67,16775.14,Credit Card,Delivered,8021.53,0.3235,2024-10,2024,Q4,1,0,0
ORD002399,2025-05-14,CUST00297,Home & Kitchen,Storage Box,West,Ahmedabad,Website,3,6716.26,0.05,20148.77,19141.34,14922.08,Net Banking,Delivered,4219.26,0.2204,2025-05,2025,Q2,1,0,0
ORD002400,2024-09-28,CUST00763,Electronics,Power Bank,North,Jaipur,Website,3,15200.92,0.1,45602.75,41042.48,30252.12,Credit Card,Delivered,10790.36,0.2629,2024-09,2024,Q3,1,0,0
ORD002401,2024-12-06,CUST01316,Electronics,Bluetooth Speaker,South,Bengaluru,Website,1,7661.56,0.0,7661.56,7661.56,4464.02,Debit Card,Returned,3197.54,0.4173,2024-12,2024,Q4,0,1,0
ORD002402,2024-01-27,CUST01578,Home & Kitchen,Coffee Maker,West,Pune,Marketplace,5,6558.63,0.05,32793.14,31153.48,22470.84,Net Banking,Delivered,8682.64,0.2787,2024-01,2024,Q1,1,0,0
ORD002403,2024-01-12,CUST00239,Sports,Resistance Bands,South,Hyderabad,Mobile App,1,4762.87,0.1,4762.87,4286.59,2696.48,Cash on Delivery,Delivered,1590.11,0.3709,2024-01,2024,Q1,1,0,0
ORD002404,2025-01-25,CUST00877,Fashion,Sunglasses,West,Mumbai,Mobile App,5,3191.21,0.15,15956.03,13562.63,7195.39,Credit Card,Delivered,6367.24,0.4695,2025-01,2025,Q1,1,0,0
ORD002405,2024-12-28,CUST00635,Electronics,Power Bank,North,Jaipur,Website,4,16102.7,0.05,64410.82,61190.28,50233.57,Debit Card,Delivered,10956.71,0.1791,2024-12,2024,Q4,1,0,0
ORD002406,2024-04-05,CUST00638,Fashion,T-Shirt,East,Patna,Mobile App,1,4707.99,0.1,4707.99,4237.19,2284.87,UPI,Delivered,1952.32,0.4608,2024-04,2024,Q2,1,0,0
ORD002407,2025-01-26,CUST01157,Beauty,Lip Balm,Central,Nagpur,Marketplace,3,455.12,0.2,1365.35,1092.28,576.74,UPI,Delivered,515.54,0.472,2025-01,2025,Q1,1,0,0
ORD002408,2024-06-13,CUST01243,Sports,Resistance Bands,South,Hyderabad,Mobile App,5,6150.27,0.15,30751.37,26138.66,14166.21,Debit Card,Delivered,11972.45,0.458,2024-06,2024,Q2,1,0,0
ORD002409,2025-06-01,CUST00924,Electronics,Laptop Stand,South,Hyderabad,Website,1,1753.21,0.0,1753.21,1753.21,1302.1,Credit Card,Delivered,451.11,0.2573,2025-06,2025,Q2,1,0,0
ORD002410,2025-03-03,CUST00724,Fashion,Backpack,East,Bhubaneswar,Website,1,377.26,0.05,377.26,358.39,251.66,Debit Card,Delivered,106.73,0.2978,2025-03,2025,Q1,1,0,0
ORD002411,2025-01-17,CUST00284,Beauty,Face Serum,North,Chandigarh,Website,4,2466.26,0.0,9865.02,9865.02,6717.95,UPI,Delivered,3147.07,0.319,2025-01,2025,Q1,1,0,0
ORD002412,2024-07-15,CUST00152,Home & Kitchen,Coffee Maker,East,Kolkata,Marketplace,5,8519.07,0.1,42595.35,38335.82,25461.52,Cash on Delivery,Delivered,12874.3,0.3358,2024-07,2024,Q3,1,0,0
ORD002413,2024-06-26,CUST00633,Fashion,T-Shirt,North,Delhi,Website,3,3951.61,0.0,11854.83,11854.83,7754.51,UPI,Delivered,4100.32,0.3459,2024-06,2024,Q2,1,0,0
ORD002414,2024-01-09,CUST01095,Home & Kitchen,Mixer Grinder,Central,Indore,Website,5,2583.3,0.15,12916.49,10979.01,8199.05,Debit Card,Cancelled,2779.96,0.2532,2024-01,2024,Q1,0,0,1
ORD002415,2024-03-26,CUST00392,Electronics,Bluetooth Speaker,East,Patna,Mobile App,5,20508.37,0.0,102541.85,102541.85,55043.28,Net Banking,Delivered,47498.57,0.4632,2024-03,2024,Q1,1,0,0
ORD002416,2024-12-09,CUST01183,Sports,Yoga Mat,South,Hyderabad,Website,2,6301.0,0.2,12602.0,10081.6,8363.17,Cash on Delivery,Delivered,1718.43,0.1705,2024-12,2024,Q4,1,0,0
ORD002417,2024-03-12,CUST00978,Electronics,Laptop Stand,West,Mumbai,Mobile App,3,1469.39,0.0,4408.18,4408.18,3616.61,Cash on Delivery,Delivered,791.57,0.1796,2024-03,2024,Q1,1,0,0
ORD002418,2025-04-11,CUST00982,Home & Kitchen,Water Bottle,West,Mumbai,Marketplace,1,4938.54,0.1,4938.54,4444.69,3342.09,UPI,Delivered,1102.6,0.2481,2025-04,2025,Q2,1,0,0
ORD002419,2024-02-29,CUST01485,Beauty,Moisturizer,West,Mumbai,Website,1,1589.91,0.0,1589.91,1589.91,873.29,Debit Card,Delivered,716.62,0.4507,2024-02,2024,Q1,1,0,0
ORD002420,2024-09-22,CUST00747,Sports,Football,South,Chennai,Website,3,4615.42,0.1,13846.26,12461.63,6820.47,Debit Card,Delivered,5641.16,0.4527,2024-09,2024,Q3,1,0,0
ORD002421,2025-02-06,CUST01295,Electronics,Laptop Stand,Central,Nagpur,Mobile App,4,8227.28,0.05,32909.12,31263.66,17099.33,Net Banking,Delivered,14164.33,0.4531,2025-02,2025,Q1,1,0,0
ORD002422,2025-05-04,CUST00237,Beauty,Moisturizer,West,Pune,Mobile App,3,2993.05,0.05,8979.15,8530.2,5985.48,Credit Card,Delivered,2544.72,0.2983,2025-05,2025,Q2,1,0,0
ORD002423,2024-01-08,CUST00374,Beauty,Sunscreen,Central,Bhopal,Website,1,715.09,0.0,715.09,715.09,560.49,Credit Card,Cancelled,154.6,0.2162,2024-01,2024,Q1,0,0,1
ORD002424,2025-01-29,CUST01585,Electronics,Power Bank,West,Pune,Mobile App,5,11794.28,0.15,58971.38,50125.67,35081.93,UPI,Delivered,15043.74,0.3001,2025-01,2025,Q1,1,0,0
ORD002425,2024-12-28,CUST00921,Electronics,Wireless Headphones,South,Bengaluru,Website,4,21214.27,0.0,84857.08,84857.08,48911.66,Cash on Delivery,Returned,35945.42,0.4236,2024-12,2024,Q4,0,1,0
ORD002426,2024-01-31,CUST01186,Home & Kitchen,Storage Box,Central,Bhopal,Website,3,3057.9,0.0,9173.69,9173.69,7608.99,Credit Card,Delivered,1564.7,0.1706,2024-01,2024,Q1,1,0,0
ORD002427,2024-09-22,CUST00100,Home & Kitchen,Air Fryer,East,Patna,Website,4,5997.95,0.05,23991.82,22792.23,14181.19,Net Banking,Delivered,8611.04,0.3778,2024-09,2024,Q3,1,0,0
ORD002428,2024-05-01,CUST00330,Beauty,Lip Balm,North,Jaipur,Marketplace,3,1885.78,0.15,5657.33,4808.73,2720.82,UPI,Cancelled,2087.91,0.4342,2024-05,2024,Q2,0,0,1
ORD002429,2024-10-26,CUST00835,Home & Kitchen,Mixer Grinder,South,Hyderabad,Mobile App,1,3272.03,0.0,3272.03,3272.03,2095.73,Net Banking,Delivered,1176.3,0.3595,2024-10,2024,Q4,1,0,0
ORD002430,2024-09-18,CUST00898,Fashion,Backpack,Central,Bhopal,Mobile App,2,2885.9,0.15,5771.79,4906.02,3689.84,Cash on Delivery,Delivered,1216.18,0.2479,2024-09,2024,Q3,1,0,0
ORD002431,2024-06-10,CUST00264,Fashion,Running Shoes,North,Jaipur,Mobile App,5,4481.78,0.15,22408.92,19047.58,15868.43,Credit Card,Delivered,3179.15,0.1669,2024-06,2024,Q2,1,0,0
ORD002432,2024-12-17,CUST00720,Electronics,Bluetooth Speaker,South,Bengaluru,Marketplace,1,19116.7,0.05,19116.7,18160.87,14685.88,Credit Card,Delivered,3474.99,0.1913,2024-12,2024,Q4,1,0,0
ORD002433,2025-04-16,CUST01354,Beauty,Moisturizer,North,Jaipur,Mobile App,1,562.9,0.15,562.9,478.47,295.12,Debit Card,Delivered,183.35,0.3832,2025-04,2025,Q2,1,0,0
ORD002434,2024-07-30,CUST00072,Sports,Dumbbells,North,Jaipur,Mobile App,5,1062.69,0.15,5313.46,4516.44,3725.48,Cash on Delivery,Delivered,790.96,0.1751,2024-07,2024,Q3,1,0,0
ORD002435,2024-10-25,CUST00325,Electronics,Power Bank,West,Pune,Website,4,14523.2,0.05,58092.79,55188.15,29963.91,Debit Card,Delivered,25224.24,0.4571,2024-10,2024,Q4,1,0,0
ORD002436,2024-10-24,CUST00733,Electronics,Bluetooth Speaker,North,Jaipur,Website,2,4873.31,0.1,9746.63,8771.96,5264.23,Net Banking,Delivered,3507.73,0.3999,2024-10,2024,Q4,1,0,0
ORD002437,2024-06-05,CUST00434,Beauty,Sunscreen,South,Chennai,Mobile App,2,942.66,0.15,1885.32,1602.52,909.08,Credit Card,Delivered,693.44,0.4327,2024-06,2024,Q2,1,0,0
ORD002438,2024-10-07,CUST00357,Fashion,Running Shoes,North,Jaipur,Website,2,2515.0,0.25,5029.99,3772.49,2978.65,Cash on Delivery,Delivered,793.84,0.2104,2024-10,2024,Q4,1,0,0
ORD002439,2024-10-16,CUST01353,Electronics,Laptop Stand,Central,Bhopal,Mobile App,1,6400.0,0.05,6400.0,6080.0,5101.44,Credit Card,Delivered,978.56,0.1609,2024-10,2024,Q4,1,0,0
ORD002440,2025-02-21,CUST00083,Electronics,Wireless Headphones,South,Bengaluru,Mobile App,4,13625.16,0.1,54500.64,49050.57,35914.44,Debit Card,Pending,13136.13,0.2678,2025-02,2025,Q1,0,0,0
ORD002441,2024-02-23,CUST00612,Electronics,Laptop Stand,Central,Indore,Mobile App,2,4949.59,0.2,9899.17,7919.34,4622.93,Cash on Delivery,Delivered,3296.41,0.4162,2024-02,2024,Q1,1,0,0
ORD002442,2025-02-07,CUST01372,Electronics,Wireless Headphones,Central,Bhopal,Mobile App,5,7878.66,0.1,39393.29,35453.96,21176.53,Debit Card,Delivered,14277.43,0.4027,2025-02,2025,Q1,1,0,0
ORD002443,2025-05-20,CUST00207,Electronics,Bluetooth Speaker,North,Chandigarh,Marketplace,2,11060.88,0.2,22121.77,17697.41,10195.63,Debit Card,Returned,7501.78,0.4239,2025-05,2025,Q2,0,1,0
ORD002444,2025-06-15,CUST01270,Fashion,Sunglasses,West,Pune,Website,5,378.77,0.2,1893.87,1515.1,1221.61,UPI,Delivered,293.49,0.1937,2025-06,2025,Q2,1,0,0
ORD002445,2025-06-29,CUST00643,Electronics,Wireless Headphones,North,Chandigarh,Website,1,18925.53,0.0,18925.53,18925.53,14683.03,Debit Card,Delivered,4242.5,0.2242,2025-06,2025,Q2,1,0,0
ORD002446,2025-01-31,CUST01535,Home & Kitchen,Water Bottle,West,Mumbai,Website,3,2468.62,0.25,7405.85,5554.39,3222.35,Credit Card,Delivered,2332.04,0.4199,2025-01,2025,Q1,1,0,0
ORD002447,2024-02-25,CUST00075,Fashion,Denim Jacket,West,Mumbai,Mobile App,1,2705.9,0.15,2705.9,2300.02,1223.02,UPI,Cancelled,1077.0,0.4683,2024-02,2024,Q1,0,0,1
ORD002448,2024-12-18,CUST00055,Electronics,Smartwatch,South,Chennai,Website,3,21395.39,0.0,64186.18,64186.18,53896.58,UPI,Delivered,10289.6,0.1603,2024-12,2024,Q4,1,0,0
ORD002449,2025-03-06,CUST01108,Fashion,T-Shirt,Central,Nagpur,Website,4,1089.38,0.0,4357.54,4357.54,2613.74,Credit Card,Pending,1743.8,0.4002,2025-03,2025,Q1,0,0,0
ORD002450,2025-03-07,CUST00779,Home & Kitchen,Mixer Grinder,South,Chennai,Website,1,9994.0,0.05,9994.0,9494.3,7966.25,Credit Card,Delivered,1528.05,0.1609,2025-03,2025,Q1,1,0,0
ORD002451,2025-04-12,CUST01000,Sports,Football,South,Chennai,Marketplace,3,2926.04,0.1,8778.11,7900.3,4792.17,Cash on Delivery,Delivered,3108.13,0.3934,2025-04,2025,Q2,1,0,0
ORD002452,2024-09-13,CUST01080,Home & Kitchen,Mixer Grinder,South,Bengaluru,Mobile App,2,5528.14,0.1,11056.29,9950.66,7676.87,Credit Card,Delivered,2273.79,0.2285,2024-09,2024,Q3,1,0,0
ORD002453,2025-02-05,CUST01373,Home & Kitchen,Mixer Grinder,South,Bengaluru,Website,2,7159.46,0.1,14318.93,12887.04,7134.43,Credit Card,Delivered,5752.61,0.4464,2025-02,2025,Q1,1,0,0
ORD002454,2025-05-16,CUST01266,Home & Kitchen,Storage Box,East,Kolkata,Mobile App,1,1164.61,0.05,1164.61,1106.38,898.56,Debit Card,Delivered,207.82,0.1878,2025-05,2025,Q2,1,0,0
ORD002455,2024-06-27,CUST01566,Electronics,Power Bank,South,Chennai,Marketplace,5,15578.01,0.0,77890.05,77890.05,55214.19,UPI,Delivered,22675.86,0.2911,2024-06,2024,Q2,1,0,0
ORD002456,2024-05-01,CUST00496,Fashion,T-Shirt,East,Kolkata,Mobile App,3,3224.62,0.0,9673.87,9673.87,7200.19,Cash on Delivery,Delivered,2473.68,0.2557,2024-05,2024,Q2,1,0,0
ORD002457,2024-04-21,CUST01517,Home & Kitchen,Mixer Grinder,Central,Indore,Website,1,1005.32,0.0,1005.32,1005.32,606.1,Debit Card,Cancelled,399.22,0.3971,2024-04,2024,Q2,0,0,1
ORD002458,2024-11-28,CUST01000,Beauty,Shampoo,North,Jaipur,Website,4,2588.1,0.0,10352.4,10352.4,5881.58,Debit Card,Delivered,4470.82,0.4319,2024-11,2024,Q4,1,0,0
ORD002459,2025-04-11,CUST00451,Home & Kitchen,Coffee Maker,South,Chennai,Marketplace,1,4174.96,0.1,4174.96,3757.46,2349.45,UPI,Delivered,1408.01,0.3747,2025-04,2025,Q2,1,0,0
ORD002460,2024-12-19,CUST01102,Sports,Football,South,Bengaluru,Marketplace,5,2929.53,0.2,14647.65,11718.12,8767.59,Debit Card,Delivered,2950.53,0.2518,2024-12,2024,Q4,1,0,0
ORD002461,2024-04-18,CUST01238,Sports,Dumbbells,East,Bhubaneswar,Website,1,4863.95,0.05,4863.95,4620.76,2988.0,Cash on Delivery,Delivered,1632.76,0.3534,2024-04,2024,Q2,1,0,0
ORD002462,2024-01-21,CUST00898,Fashion,Backpack,North,Chandigarh,Mobile App,4,2844.68,0.1,11378.73,10240.86,8001.75,Net Banking,Returned,2239.11,0.2186,2024-01,2024,Q1,0,1,0
ORD002463,2024-04-22,CUST01023,Fashion,T-Shirt,Central,Bhopal,Website,3,914.08,0.2,2742.25,2193.8,1296.67,UPI,Delivered,897.13,0.4089,2024-04,2024,Q2,1,0,0
ORD002464,2024-08-27,CUST00215,Home & Kitchen,Water Bottle,West,Mumbai,Website,3,3719.79,0.0,11159.36,11159.36,7696.07,Cash on Delivery,Delivered,3463.29,0.3103,2024-08,2024,Q3,1,0,0
ORD002465,2024-06-11,CUST00070,Sports,Yoga Mat,North,Jaipur,Website,3,1029.74,0.0,3089.23,3089.23,1665.91,Credit Card,Delivered,1423.32,0.4607,2024-06,2024,Q2,1,0,0
ORD002466,2025-06-18,CUST00929,Electronics,Bluetooth Speaker,North,Delhi,Website,2,1737.38,0.1,3474.77,3127.29,2423.63,Cash on Delivery,Cancelled,703.66,0.225,2025-06,2025,Q2,0,0,1
ORD002467,2024-04-13,CUST01389,Sports,Resistance Bands,West,Mumbai,Mobile App,3,2376.79,0.0,7130.37,7130.37,4941.12,Debit Card,Delivered,2189.25,0.307,2024-04,2024,Q2,1,0,0
ORD002468,2024-05-06,CUST00134,Fashion,Backpack,North,Jaipur,Marketplace,3,2773.84,0.15,8321.51,7073.28,4087.48,Debit Card,Delivered,2985.8,0.4221,2024-05,2024,Q2,1,0,0
ORD002469,2024-03-08,CUST00316,Electronics,Bluetooth Speaker,South,Chennai,Mobile App,4,16190.09,0.15,64760.37,55046.32,34316.56,Credit Card,Delivered,20729.76,0.3766,2024-03,2024,Q1,1,0,0
ORD002470,2025-02-09,CUST00083,Sports,Resistance Bands,South,Bengaluru,Marketplace,1,6437.05,0.15,6437.05,5471.49,3780.08,Net Banking,Delivered,1691.41,0.3091,2025-02,2025,Q1,1,0,0
ORD002471,2024-08-06,CUST00570,Sports,Football,West,Pune,Mobile App,5,4482.47,0.0,22412.33,22412.33,16084.93,Debit Card,Delivered,6327.4,0.2823,2024-08,2024,Q3,1,0,0
ORD002472,2024-03-07,CUST00213,Beauty,Lip Balm,East,Patna,Mobile App,3,1745.77,0.05,5237.3,4975.43,3724.59,Credit Card,Delivered,1250.84,0.2514,2024-03,2024,Q1,1,0,0
ORD002473,2024-02-02,CUST00324,Beauty,Face Serum,East,Patna,Website,2,237.79,0.05,475.57,451.79,306.88,Debit Card,Delivered,144.91,0.3207,2024-02,2024,Q1,1,0,0
ORD002474,2025-02-19,CUST01199,Beauty,Shampoo,West,Ahmedabad,Mobile App,1,2371.52,0.15,2371.52,2015.79,1446.39,Credit Card,Delivered,569.4,0.2825,2025-02,2025,Q1,1,0,0
ORD002475,2025-05-08,CUST01367,Electronics,Smartwatch,East,Kolkata,Mobile App,1,10368.66,0.05,10368.66,9850.22,8183.31,Net Banking,Delivered,1666.91,0.1692,2025-05,2025,Q2,1,0,0
ORD002476,2024-08-19,CUST01262,Electronics,Laptop Stand,North,Chandigarh,Mobile App,2,14663.54,0.0,29327.09,29327.09,18362.15,Net Banking,Delivered,10964.94,0.3739,2024-08,2024,Q3,1,0,0
ORD002477,2025-06-30,CUST00547,Fashion,Denim Jacket,North,Jaipur,Mobile App,2,3969.85,0.0,7939.71,7939.71,4640.78,Debit Card,Delivered,3298.93,0.4155,2025-06,2025,Q2,1,0,0
ORD002478,2025-01-26,CUST00220,Sports,Yoga Mat,South,Chennai,Marketplace,2,3370.04,0.05,6740.09,6403.08,5239.54,Cash on Delivery,Delivered,1163.54,0.1817,2025-01,2025,Q1,1,0,0
ORD002479,2024-03-15,CUST01418,Electronics,Power Bank,Central,Bhopal,Website,1,9124.58,0.15,9124.58,7755.89,4084.84,UPI,Cancelled,3671.05,0.4733,2024-03,2024,Q1,0,0,1
ORD002480,2024-06-10,CUST01437,Home & Kitchen,Mixer Grinder,North,Delhi,Website,2,5740.67,0.1,11481.34,10333.2,6681.44,UPI,Delivered,3651.76,0.3534,2024-06,2024,Q2,1,0,0
ORD002481,2024-05-26,CUST00430,Home & Kitchen,Mixer Grinder,East,Bhubaneswar,Marketplace,1,3151.53,0.0,3151.53,3151.53,1971.33,Net Banking,Delivered,1180.2,0.3745,2024-05,2024,Q2,1,0,0
ORD002482,2024-02-14,CUST00495,Electronics,Smartwatch,North,Jaipur,Website,3,2318.9,0.0,6956.7,6956.7,5336.53,Credit Card,Delivered,1620.17,0.2329,2024-02,2024,Q1,1,0,0
ORD002483,2025-05-13,CUST01546,Electronics,Power Bank,South,Chennai,Marketplace,3,10584.56,0.1,31753.69,28578.32,16731.3,Debit Card,Delivered,11847.02,0.4145,2025-05,2025,Q2,1,0,0
ORD002484,2024-09-11,CUST00394,Beauty,Moisturizer,North,Chandigarh,Website,1,1358.8,0.0,1358.8,1358.8,1005.22,Credit Card,Delivered,353.58,0.2602,2024-09,2024,Q3,1,0,0
ORD002485,2024-04-15,CUST00073,Electronics,Smartwatch,Central,Bhopal,Marketplace,3,18151.73,0.1,54455.18,49009.66,35604.5,Cash on Delivery,Delivered,13405.16,0.2735,2024-04,2024,Q2,1,0,0
ORD002486,2024-09-25,CUST00408,Beauty,Moisturizer,North,Jaipur,Website,1,485.71,0.1,485.71,437.14,300.41,Debit Card,Delivered,136.73,0.3128,2024-09,2024,Q3,1,0,0
ORD002487,2024-07-27,CUST00298,Beauty,Face Serum,West,Mumbai,Website,2,361.76,0.15,723.52,615.0,504.79,Net Banking,Delivered,110.21,0.1792,2024-07,2024,Q3,1,0,0
ORD002488,2024-10-08,CUST00353,Electronics,Power Bank,West,Mumbai,Website,5,2599.54,0.2,12997.71,10398.17,7746.26,Credit Card,Delivered,2651.91,0.255,2024-10,2024,Q4,1,0,0
ORD002489,2025-05-08,CUST01495,Fashion,Running Shoes,South,Hyderabad,Website,4,4401.97,0.15,17607.9,14966.71,11055.61,Credit Card,Delivered,3911.1,0.2613,2025-05,2025,Q2,1,0,0
ORD002490,2024-02-27,CUST00247,Electronics,Laptop Stand,West,Ahmedabad,Website,2,15870.69,0.2,31741.38,25393.1,16549.08,Credit Card,Delivered,8844.02,0.3483,2024-02,2024,Q1,1,0,0
ORD002491,2025-06-20,CUST00382,Home & Kitchen,Water Bottle,North,Chandigarh,Website,5,8622.77,0.05,43113.85,40958.15,31820.35,Debit Card,Cancelled,9137.8,0.2231,2025-06,2025,Q2,0,0,1
ORD002492,2024-05-25,CUST01561,Fashion,Backpack,Central,Nagpur,Mobile App,3,4132.0,0.0,12395.99,12395.99,8264.77,Credit Card,Delivered,4131.22,0.3333,2024-05,2024,Q2,1,0,0
ORD002493,2025-03-10,CUST00116,Home & Kitchen,Water Bottle,East,Patna,Mobile App,3,7471.68,0.15,22415.05,19052.79,10121.93,Cash on Delivery,Delivered,8930.86,0.4687,2025-03,2025,Q1,1,0,0
ORD002494,2024-11-04,CUST00246,Electronics,Laptop Stand,Central,Bhopal,Website,1,6233.64,0.0,6233.64,6233.64,4365.9,Debit Card,Delivered,1867.74,0.2996,2024-11,2024,Q4,1,0,0
ORD002495,2025-03-19,CUST01342,Home & Kitchen,Water Bottle,North,Jaipur,Website,1,2401.35,0.1,2401.35,2161.21,1407.15,Debit Card,Delivered,754.06,0.3489,2025-03,2025,Q1,1,0,0
ORD002496,2024-07-06,CUST00687,Home & Kitchen,Air Fryer,North,Delhi,Website,5,4179.61,0.1,20898.06,18808.25,12543.06,Cash on Delivery,Returned,6265.19,0.3331,2024-07,2024,Q3,0,1,0
ORD002497,2024-12-26,CUST01459,Home & Kitchen,Mixer Grinder,North,Jaipur,Marketplace,4,3330.94,0.0,13323.78,13323.78,8476.33,Debit Card,Delivered,4847.45,0.3638,2024-12,2024,Q4,1,0,0
ORD002498,2024-10-06,CUST01377,Electronics,Power Bank,South,Chennai,Mobile App,4,21773.89,0.15,87095.55,74031.22,61706.02,Cash on Delivery,Delivered,12325.2,0.1665,2024-10,2024,Q4,1,0,0
ORD002499,2025-01-23,CUST00035,Fashion,T-Shirt,West,Pune,Mobile App,5,5358.39,0.0,26791.95,26791.95,14648.64,UPI,Delivered,12143.31,0.4532,2025-01,2025,Q1,1,0,0
ORD002500,2025-02-17,CUST00930,Electronics,Bluetooth Speaker,South,Chennai,Website,4,21444.32,0.25,85777.27,64332.95,54030.1,Debit Card,Pending,10302.85,0.1601,2025-02,2025,Q1,0,0,0
ORD002501,2025-05-25,CUST01146,Electronics,Laptop Stand,Central,Indore,Marketplace,1,14907.68,0.0,14907.68,14907.68,10442.03,UPI,Delivered,4465.65,0.2996,2025-05,2025,Q2,1,0,0
ORD002502,2025-04-29,CUST00222,Electronics,Bluetooth Speaker,West,Mumbai,Website,3,16468.15,0.1,49404.45,44464.01,36582.94,Cash on Delivery,Delivered,7881.07,0.1772,2025-04,2025,Q2,1,0,0
ORD002503,2024-06-25,CUST00445,Fashion,Denim Jacket,West,Pune,Marketplace,1,3108.21,0.05,3108.21,2952.8,1784.78,UPI,Delivered,1168.02,0.3956,2024-06,2024,Q2,1,0,0
ORD002504,2024-04-16,CUST01447,Electronics,Smartwatch,Central,Indore,Website,4,21964.63,0.0,87858.53,87858.53,65420.85,Debit Card,Delivered,22437.68,0.2554,2024-04,2024,Q2,1,0,0
ORD002505,2024-09-30,CUST00788,Sports,Yoga Mat,West,Pune,Mobile App,5,5695.83,0.25,28479.16,21359.37,13251.16,Net Banking,Returned,8108.21,0.3796,2024-09,2024,Q3,0,1,0
ORD002506,2024-06-06,CUST00722,Home & Kitchen,Air Fryer,West,Mumbai,Mobile App,3,4442.81,0.05,13328.42,12662.0,9807.07,UPI,Delivered,2854.93,0.2255,2024-06,2024,Q2,1,0,0
ORD002507,2024-06-28,CUST00235,Home & Kitchen,Water Bottle,South,Bengaluru,Website,5,2327.5,0.05,11637.52,11055.64,7860.02,UPI,Delivered,3195.62,0.289,2024-06,2024,Q2,1,0,0
ORD002508,2024-11-13,CUST01217,Electronics,Laptop Stand,South,Hyderabad,Mobile App,5,17421.97,0.1,87109.87,78398.88,63865.37,UPI,Delivered,14533.51,0.1854,2024-11,2024,Q4,1,0,0
ORD002509,2025-02-02,CUST01563,Beauty,Face Serum,West,Ahmedabad,Website,1,336.39,0.2,336.39,269.11,168.84,Debit Card,Returned,100.27,0.3726,2025-02,2025,Q1,0,1,0
ORD002510,2025-05-14,CUST00770,Beauty,Moisturizer,South,Bengaluru,Mobile App,5,1932.85,0.05,9664.27,9181.05,6913.25,Credit Card,Delivered,2267.8,0.247,2025-05,2025,Q2,1,0,0
ORD002511,2024-11-06,CUST01180,Home & Kitchen,Storage Box,West,Ahmedabad,Website,3,5554.88,0.15,16664.63,14164.94,11192.32,Cash on Delivery,Delivered,2972.62,0.2099,2024-11,2024,Q4,1,0,0
ORD002512,2024-04-19,CUST01463,Home & Kitchen,Coffee Maker,West,Pune,Mobile App,1,8801.59,0.1,8801.59,7921.43,5704.23,Cash on Delivery,Returned,2217.2,0.2799,2024-04,2024,Q2,0,1,0
ORD002513,2024-03-10,CUST01452,Home & Kitchen,Water Bottle,East,Patna,Website,1,7331.68,0.25,7331.68,5498.76,4182.91,Credit Card,Returned,1315.85,0.2393,2024-03,2024,Q1,0,1,0
ORD002514,2024-02-26,CUST00501,Sports,Cricket Bat,West,Ahmedabad,Mobile App,2,6399.43,0.1,12798.86,11518.97,7580.34,Credit Card,Pending,3938.63,0.3419,2024-02,2024,Q1,0,0,0
ORD002515,2025-06-18,CUST00460,Fashion,Backpack,North,Chandigarh,Marketplace,2,5362.2,0.15,10724.39,9115.73,7376.68,Debit Card,Delivered,1739.05,0.1908,2025-06,2025,Q2,1,0,0
ORD002516,2025-05-06,CUST00728,Beauty,Face Serum,South,Hyderabad,Website,2,1470.59,0.2,2941.18,2352.94,1403.47,Debit Card,Delivered,949.47,0.4035,2025-05,2025,Q2,1,0,0
ORD002517,2025-02-04,CUST01305,Sports,Cricket Bat,West,Ahmedabad,Marketplace,1,5714.91,0.15,5714.91,4857.67,2988.55,Debit Card,Delivered,1869.12,0.3848,2025-02,2025,Q1,1,0,0
ORD002518,2024-12-18,CUST00909,Electronics,Smartwatch,Central,Indore,Mobile App,4,3475.76,0.1,13903.05,12512.74,10006.04,UPI,Returned,2506.7,0.2003,2024-12,2024,Q4,0,1,0
ORD002519,2024-08-11,CUST01398,Home & Kitchen,Mixer Grinder,West,Mumbai,Mobile App,2,3534.4,0.1,7068.81,6361.93,4787.59,Net Banking,Delivered,1574.34,0.2475,2024-08,2024,Q3,1,0,0
ORD002520,2024-06-03,CUST01130,Home & Kitchen,Storage Box,South,Bengaluru,Website,1,9260.74,0.05,9260.74,8797.7,5253.06,Credit Card,Delivered,3544.64,0.4029,2024-06,2024,Q2,1,0,0
ORD002521,2024-01-10,CUST01479,Home & Kitchen,Storage Box,South,Bengaluru,Website,4,8165.22,0.0,32660.88,32660.88,18938.87,UPI,Cancelled,13722.01,0.4201,2024-01,2024,Q1,0,0,1
ORD002522,2024-10-14,CUST01180,Electronics,Power Bank,South,Bengaluru,Mobile App,3,14471.33,0.0,43414.0,43414.0,25024.21,Credit Card,Delivered,18389.79,0.4236,2024-10,2024,Q4,1,0,0
ORD002523,2024-12-26,CUST00799,Electronics,Smartwatch,West,Mumbai,Website,4,20472.76,0.2,81891.04,65512.83,51050.37,Net Banking,Delivered,14462.46,0.2208,2024-12,2024,Q4,1,0,0
ORD002524,2024-01-20,CUST01487,Fashion,T-Shirt,South,Bengaluru,Website,2,2706.71,0.0,5413.43,5413.43,3829.13,Debit Card,Cancelled,1584.3,0.2927,2024-01,2024,Q1,0,0,1
ORD002525,2024-07-23,CUST00745,Electronics,Power Bank,South,Bengaluru,Mobile App,3,5261.35,0.1,15784.04,14205.64,10174.93,Debit Card,Delivered,4030.71,0.2837,2024-07,2024,Q3,1,0,0
ORD002526,2025-03-14,CUST00647,Beauty,Sunscreen,South,Chennai,Mobile App,1,1652.16,0.2,1652.16,1321.73,1055.95,Cash on Delivery,Delivered,265.78,0.2011,2025-03,2025,Q1,1,0,0
ORD002527,2025-05-04,CUST01534,Home & Kitchen,Air Fryer,Central,Nagpur,Mobile App,5,1590.52,0.05,7952.59,7554.96,4526.61,Debit Card,Delivered,3028.35,0.4008,2025-05,2025,Q2,1,0,0
ORD002528,2024-02-09,CUST01150,Home & Kitchen,Mixer Grinder,North,Chandigarh,Mobile App,4,1274.21,0.0,5096.82,5096.82,2874.3,UPI,Pending,2222.52,0.4361,2024-02,2024,Q1,0,0,0
ORD002529,2025-04-12,CUST01381,Beauty,Lip Balm,North,Chandigarh,Marketplace,4,908.15,0.1,3632.59,3269.33,1778.58,Credit Card,Delivered,1490.75,0.456,2025-04,2025,Q2,1,0,0
ORD002530,2024-04-21,CUST00066,Fashion,Backpack,Central,Bhopal,Website,4,3690.37,0.15,14761.49,12547.27,10041.51,Debit Card,Delivered,2505.76,0.1997,2024-04,2024,Q2,1,0,0
ORD002531,2025-06-27,CUST00828,Electronics,Bluetooth Speaker,West,Mumbai,Mobile App,5,5991.97,0.2,29959.85,23967.88,14227.84,Net Banking,Delivered,9740.04,0.4064,2025-06,2025,Q2,1,0,0
ORD002532,2024-03-27,CUST00295,Electronics,Bluetooth Speaker,Central,Nagpur,Website,3,12852.12,0.0,38556.35,38556.35,23277.72,UPI,Delivered,15278.63,0.3963,2024-03,2024,Q1,1,0,0
ORD002533,2024-12-06,CUST00643,Fashion,Sunglasses,Central,Indore,Website,3,4952.02,0.1,14856.07,13370.46,8148.26,Debit Card,Delivered,5222.2,0.3906,2024-12,2024,Q4,1,0,0
ORD002534,2025-01-21,CUST00173,Electronics,Wireless Headphones,Central,Indore,Mobile App,2,5977.79,0.2,11955.57,9564.46,5530.86,Credit Card,Delivered,4033.6,0.4217,2025-01,2025,Q1,1,0,0
ORD002535,2025-02-28,CUST01333,Electronics,Wireless Headphones,North,Chandigarh,Mobile App,5,11491.97,0.05,57459.84,54586.85,44802.29,Debit Card,Delivered,9784.56,0.1792,2025-02,2025,Q1,1,0,0
ORD002536,2025-06-20,CUST01241,Home & Kitchen,Storage Box,Central,Indore,Mobile App,4,5460.64,0.05,21842.57,20750.44,15165.75,Credit Card,Returned,5584.69,0.2691,2025-06,2025,Q2,0,1,0
ORD002537,2024-01-20,CUST00559,Beauty,Face Serum,South,Bengaluru,Marketplace,5,645.8,0.0,3229.01,3229.01,2601.87,UPI,Pending,627.14,0.1942,2024-01,2024,Q1,0,0,0
ORD002538,2024-03-09,CUST00402,Beauty,Face Serum,East,Kolkata,Marketplace,5,1202.8,0.05,6013.99,5713.29,2981.88,Net Banking,Delivered,2731.41,0.4781,2024-03,2024,Q1,1,0,0
ORD002539,2025-05-25,CUST01061,Electronics,Wireless Headphones,South,Hyderabad,Marketplace,2,17555.22,0.25,35110.44,26332.83,21046.52,Credit Card,Cancelled,5286.31,0.2007,2025-05,2025,Q2,0,0,1
ORD002540,2025-06-02,CUST00866,Electronics,Smartwatch,South,Chennai,Website,4,7131.09,0.15,28524.37,24245.71,20297.9,UPI,Delivered,3947.81,0.1628,2025-06,2025,Q2,1,0,0
ORD002541,2024-03-03,CUST01330,Fashion,Backpack,West,Ahmedabad,Mobile App,3,2489.74,0.05,7469.21,7095.75,4178.09,Debit Card,Returned,2917.66,0.4112,2024-03,2024,Q1,0,1,0
ORD002542,2024-05-04,CUST00818,Fashion,T-Shirt,East,Bhubaneswar,Website,4,357.53,0.1,1430.13,1287.11,1020.5,Credit Card,Delivered,266.61,0.2071,2024-05,2024,Q2,1,0,0
ORD002543,2025-04-09,CUST00379,Fashion,Denim Jacket,West,Mumbai,Mobile App,2,4976.26,0.1,9952.53,8957.27,6535.11,Credit Card,Delivered,2422.16,0.2704,2025-04,2025,Q2,1,0,0
ORD002544,2024-10-26,CUST00314,Sports,Yoga Mat,North,Jaipur,Mobile App,1,3724.91,0.0,3724.91,3724.91,2830.91,Credit Card,Pending,894.0,0.24,2024-10,2024,Q4,0,0,0
ORD002545,2025-02-06,CUST00791,Sports,Yoga Mat,East,Kolkata,Marketplace,5,4563.56,0.1,22817.81,20536.03,11609.91,Net Banking,Delivered,8926.12,0.4347,2025-02,2025,Q1,1,0,0
ORD002546,2025-05-06,CUST00901,Fashion,Running Shoes,South,Bengaluru,Marketplace,4,2981.24,0.1,11924.95,10732.46,6529.05,UPI,Delivered,4203.41,0.3917,2025-05,2025,Q2,1,0,0
ORD002547,2024-10-03,CUST01148,Electronics,Laptop Stand,Central,Nagpur,Mobile App,1,11209.96,0.1,11209.96,10088.96,8211.97,Net Banking,Delivered,1876.99,0.186,2024-10,2024,Q4,1,0,0
ORD002548,2024-11-26,CUST00865,Beauty,Shampoo,West,Pune,Mobile App,4,855.94,0.0,3423.76,3423.76,2420.64,UPI,Delivered,1003.12,0.293,2024-11,2024,Q4,1,0,0
ORD002549,2024-12-14,CUST00120,Fashion,Running Shoes,East,Kolkata,Website,3,4109.71,0.0,12329.12,12329.12,10082.56,Cash on Delivery,Pending,2246.56,0.1822,2024-12,2024,Q4,0,0,0
ORD002550,2024-05-12,CUST01383,Beauty,Sunscreen,West,Pune,Website,2,2016.46,0.15,4032.93,3427.99,2179.8,Cash on Delivery,Delivered,1248.19,0.3641,2024-05,2024,Q2,1,0,0
ORD002551,2025-04-20,CUST01051,Electronics,Power Bank,North,Delhi,Marketplace,2,1616.43,0.1,3232.87,2909.58,2265.28,Net Banking,Delivered,644.3,0.2214,2025-04,2025,Q2,1,0,0
ORD002552,2025-03-23,CUST00225,Home & Kitchen,Mixer Grinder,North,Chandigarh,Marketplace,5,2369.57,0.1,11847.86,10663.07,5672.26,UPI,Returned,4990.81,0.468,2025-03,2025,Q1,0,1,0
ORD002553,2024-06-06,CUST00345,Fashion,Running Shoes,North,Chandigarh,Website,4,5028.9,0.15,20115.59,17098.25,11647.36,Net Banking,Delivered,5450.89,0.3188,2024-06,2024,Q2,1,0,0
ORD002554,2025-01-27,CUST00858,Home & Kitchen,Mixer Grinder,West,Ahmedabad,Website,3,5669.82,0.1,17009.46,15308.52,9505.44,Credit Card,Delivered,5803.08,0.3791,2025-01,2025,Q1,1,0,0
ORD002555,2024-06-03,CUST00340,Sports,Dumbbells,South,Bengaluru,Mobile App,3,6880.61,0.05,20641.82,19609.73,13836.27,Net Banking,Delivered,5773.46,0.2944,2024-06,2024,Q2,1,0,0
ORD002556,2025-01-25,CUST01124,Electronics,Wireless Headphones,West,Pune,Mobile App,2,12299.68,0.2,24599.36,19679.49,12380.46,Net Banking,Delivered,7299.03,0.3709,2025-01,2025,Q1,1,0,0
ORD002557,2024-07-23,CUST00754,Fashion,Sunglasses,East,Patna,Website,4,3003.43,0.05,12013.73,11413.05,6207.66,Net Banking,Delivered,5205.39,0.4561,2024-07,2024,Q3,1,0,0
ORD002558,2024-06-06,CUST00716,Fashion,Denim Jacket,West,Pune,Marketplace,3,699.31,0.1,2097.93,1888.14,1337.92,Net Banking,Delivered,550.22,0.2914,2024-06,2024,Q2,1,0,0
ORD002559,2024-12-22,CUST01342,Electronics,Power Bank,West,Ahmedabad,Website,4,9134.97,0.25,36539.87,27404.9,18209.44,Debit Card,Cancelled,9195.46,0.3355,2024-12,2024,Q4,0,0,1
ORD002560,2024-05-15,CUST01199,Home & Kitchen,Storage Box,South,Chennai,Mobile App,1,8829.33,0.0,8829.33,8829.33,4829.8,Net Banking,Delivered,3999.53,0.453,2024-05,2024,Q2,1,0,0
ORD002561,2024-08-12,CUST00543,Electronics,Wireless Headphones,South,Chennai,Mobile App,1,8039.69,0.1,8039.69,7235.72,5295.75,Cash on Delivery,Delivered,1939.97,0.2681,2024-08,2024,Q3,1,0,0
ORD002562,2025-01-15,CUST00145,Fashion,T-Shirt,South,Chennai,Marketplace,5,309.0,0.05,1544.99,1467.74,940.09,Debit Card,Delivered,527.65,0.3595,2025-01,2025,Q1,1,0,0
ORD002563,2025-01-18,CUST00201,Electronics,Wireless Headphones,North,Chandigarh,Mobile App,4,17830.24,0.15,71320.96,60622.82,35492.82,Credit Card,Delivered,25130.0,0.4145,2025-01,2025,Q1,1,0,0
ORD002564,2024-01-30,CUST01439,Fashion,Running Shoes,West,Mumbai,Website,3,404.55,0.05,1213.64,1152.96,935.08,Debit Card,Delivered,217.88,0.189,2024-01,2024,Q1,1,0,0
ORD002565,2024-06-25,CUST00853,Fashion,Sunglasses,Central,Bhopal,Marketplace,3,2283.89,0.05,6851.68,6509.1,4292.3,Cash on Delivery,Delivered,2216.8,0.3406,2024-06,2024,Q2,1,0,0
ORD002566,2025-04-24,CUST00437,Sports,Yoga Mat,North,Delhi,Mobile App,3,1535.86,0.0,4607.59,4607.59,2613.22,Credit Card,Delivered,1994.37,0.4328,2025-04,2025,Q2,1,0,0
ORD002567,2024-11-25,CUST00772,Home & Kitchen,Storage Box,South,Hyderabad,Website,5,6466.5,0.05,32332.49,30715.87,19684.69,Debit Card,Delivered,11031.18,0.3591,2024-11,2024,Q4,1,0,0
ORD002568,2025-05-15,CUST01576,Fashion,Sunglasses,North,Jaipur,Mobile App,1,1866.66,0.2,1866.66,1493.33,1251.73,Net Banking,Delivered,241.6,0.1618,2025-05,2025,Q2,1,0,0
ORD002569,2024-10-14,CUST01422,Fashion,T-Shirt,South,Chennai,Website,4,1491.85,0.15,5967.41,5072.3,3599.87,Net Banking,Delivered,1472.43,0.2903,2024-10,2024,Q4,1,0,0
ORD002570,2025-05-25,CUST00148,Home & Kitchen,Storage Box,West,Ahmedabad,Website,2,5152.02,0.0,10304.03,10304.03,6575.28,UPI,Delivered,3728.75,0.3619,2025-05,2025,Q2,1,0,0
ORD002571,2024-04-06,CUST00462,Sports,Resistance Bands,West,Pune,Website,1,1990.58,0.0,1990.58,1990.58,1562.37,UPI,Delivered,428.21,0.2151,2024-04,2024,Q2,1,0,0
ORD002572,2024-08-10,CUST00875,Home & Kitchen,Mixer Grinder,West,Ahmedabad,Marketplace,1,564.9,0.0,564.9,564.9,405.63,Net Banking,Pending,159.27,0.2819,2024-08,2024,Q3,0,0,0
ORD002573,2024-05-10,CUST00407,Sports,Resistance Bands,West,Pune,Website,3,5215.47,0.05,15646.42,14864.1,9518.18,Credit Card,Delivered,5345.92,0.3597,2024-05,2024,Q2,1,0,0
ORD002574,2025-02-26,CUST00389,Sports,Yoga Mat,South,Bengaluru,Marketplace,1,6547.24,0.15,6547.24,5565.15,3273.29,Cash on Delivery,Delivered,2291.86,0.4118,2025-02,2025,Q1,1,0,0
ORD002575,2024-08-16,CUST00367,Electronics,Laptop Stand,South,Hyderabad,Mobile App,1,5074.49,0.15,5074.49,4313.31,3028.48,Net Banking,Delivered,1284.83,0.2979,2024-08,2024,Q3,1,0,0
ORD002576,2024-10-28,CUST00164,Fashion,T-Shirt,North,Jaipur,Marketplace,4,3189.95,0.0,12759.78,12759.78,10285.75,Cash on Delivery,Delivered,2474.03,0.1939,2024-10,2024,Q4,1,0,0
ORD002577,2024-04-22,CUST00125,Sports,Cricket Bat,South,Chennai,Mobile App,2,1203.89,0.05,2407.78,2287.39,1372.45,Credit Card,Delivered,914.94,0.4,2024-04,2024,Q2,1,0,0
ORD002578,2025-05-14,CUST00756,Electronics,Power Bank,Central,Indore,Mobile App,4,19674.23,0.1,78696.93,70827.23,45645.92,Credit Card,Delivered,25181.31,0.3555,2025-05,2025,Q2,1,0,0
ORD002579,2024-11-16,CUST01210,Electronics,Bluetooth Speaker,West,Ahmedabad,Mobile App,3,15422.2,0.0,46266.59,46266.59,37470.85,Cash on Delivery,Delivered,8795.74,0.1901,2024-11,2024,Q4,1,0,0
ORD002580,2024-10-24,CUST01448,Fashion,Sunglasses,Central,Bhopal,Marketplace,1,5381.47,0.0,5381.47,5381.47,4231.0,Net Banking,Pending,1150.47,0.2138,2024-10,2024,Q4,0,0,0
ORD002581,2024-10-09,CUST00984,Sports,Cricket Bat,Central,Indore,Mobile App,2,735.01,0.15,1470.03,1249.52,745.95,Cash on Delivery,Delivered,503.57,0.403,2024-10,2024,Q4,1,0,0
ORD002582,2024-11-06,CUST01198,Electronics,Laptop Stand,South,Bengaluru,Mobile App,1,1278.46,0.2,1278.46,1022.77,598.44,Credit Card,Delivered,424.33,0.4149,2024-11,2024,Q4,1,0,0
ORD002583,2024-05-29,CUST00364,Fashion,Backpack,North,Jaipur,Mobile App,1,4948.86,0.05,4948.86,4701.41,3079.8,UPI,Cancelled,1621.61,0.3449,2024-05,2024,Q2,0,0,1
ORD002584,2025-03-01,CUST00263,Beauty,Moisturizer,West,Pune,Website,2,731.7,0.1,1463.39,1317.05,734.25,Net Banking,Delivered,582.8,0.4425,2025-03,2025,Q1,1,0,0
ORD002585,2024-02-05,CUST01213,Fashion,Denim Jacket,Central,Indore,Website,3,5022.79,0.0,15068.37,15068.37,11960.01,Cash on Delivery,Delivered,3108.36,0.2063,2024-02,2024,Q1,1,0,0
ORD002586,2024-03-20,CUST00538,Fashion,T-Shirt,South,Hyderabad,Website,4,2831.47,0.0,11325.87,11325.87,8114.01,Cash on Delivery,Delivered,3211.86,0.2836,2024-03,2024,Q1,1,0,0
ORD002587,2024-12-19,CUST00203,Electronics,Bluetooth Speaker,North,Delhi,Website,2,5184.25,0.15,10368.49,8813.22,5627.39,Net Banking,Delivered,3185.83,0.3615,2024-12,2024,Q4,1,0,0
ORD002588,2024-03-28,CUST00373,Fashion,Denim Jacket,West,Ahmedabad,Website,5,1638.73,0.05,8193.63,7783.94,5506.73,Cash on Delivery,Delivered,2277.21,0.2926,2024-03,2024,Q1,1,0,0
ORD002589,2024-08-28,CUST00948,Beauty,Sunscreen,North,Jaipur,Mobile App,1,511.49,0.15,511.49,434.77,263.2,Cash on Delivery,Delivered,171.57,0.3946,2024-08,2024,Q3,1,0,0
ORD002590,2024-12-17,CUST00905,Beauty,Lip Balm,North,Delhi,Website,4,1024.53,0.1,4098.11,3688.3,2746.4,UPI,Returned,941.9,0.2554,2024-12,2024,Q4,0,1,0
ORD002591,2024-10-18,CUST00698,Beauty,Face Serum,South,Bengaluru,Website,5,1915.0,0.1,9575.02,8617.52,7129.78,UPI,Delivered,1487.74,0.1726,2024-10,2024,Q4,1,0,0
ORD002592,2024-12-25,CUST00962,Electronics,Laptop Stand,West,Ahmedabad,Mobile App,2,7445.69,0.0,14891.38,14891.38,9828.0,Cash on Delivery,Pending,5063.38,0.34,2024-12,2024,Q4,0,0,0
ORD002593,2024-05-06,CUST00833,Fashion,Backpack,South,Chennai,Mobile App,2,4020.85,0.05,8041.69,7639.61,5963.71,UPI,Delivered,1675.9,0.2194,2024-05,2024,Q2,1,0,0
ORD002594,2025-03-01,CUST00737,Electronics,Bluetooth Speaker,North,Delhi,Mobile App,4,21806.73,0.1,87226.91,78504.22,44961.41,UPI,Delivered,33542.81,0.4273,2025-03,2025,Q1,1,0,0
ORD002595,2024-11-01,CUST00678,Electronics,Laptop Stand,North,Jaipur,Marketplace,1,21994.84,0.05,21994.84,20895.1,11310.84,Debit Card,Delivered,9584.26,0.4587,2024-11,2024,Q4,1,0,0
ORD002596,2024-11-30,CUST01382,Fashion,T-Shirt,West,Pune,Website,1,1284.21,0.15,1284.21,1091.58,714.48,Net Banking,Pending,377.1,0.3455,2024-11,2024,Q4,0,0,0
ORD002597,2025-06-26,CUST00705,Electronics,Wireless Headphones,East,Patna,Website,4,8545.59,0.15,34182.35,29055.0,20805.62,Credit Card,Delivered,8249.38,0.2839,2025-06,2025,Q2,1,0,0
ORD002598,2025-03-23,CUST01220,Fashion,Sunglasses,West,Pune,Website,5,4312.12,0.1,21560.58,19404.52,11365.87,Cash on Delivery,Delivered,8038.65,0.4143,2025-03,2025,Q1,1,0,0
ORD002599,2024-07-27,CUST00938,Electronics,Power Bank,East,Bhubaneswar,Website,2,14888.68,0.1,29777.36,26799.62,17974.69,Credit Card,Delivered,8824.93,0.3293,2024-07,2024,Q3,1,0,0
ORD002600,2024-12-14,CUST01334,Electronics,Laptop Stand,Central,Nagpur,Mobile App,2,7787.17,0.0,15574.34,15574.34,12356.25,Credit Card,Delivered,3218.09,0.2066,2024-12,2024,Q4,1,0,0
ORD002601,2024-06-05,CUST01509,Electronics,Wireless Headphones,North,Chandigarh,Website,5,19770.69,0.2,98853.45,79082.76,52415.32,UPI,Pending,26667.44,0.3372,2024-06,2024,Q2,0,0,0
ORD002602,2024-02-27,CUST01412,Electronics,Power Bank,West,Mumbai,Mobile App,2,15412.6,0.15,30825.19,26201.41,17481.23,Net Banking,Delivered,8720.18,0.3328,2024-02,2024,Q1,1,0,0
ORD002603,2024-01-13,CUST00785,Fashion,Sunglasses,East,Bhubaneswar,Website,3,2037.76,0.05,6113.29,5807.63,4367.0,Cash on Delivery,Delivered,1440.63,0.2481,2024-01,2024,Q1,1,0,0
ORD002604,2024-04-22,CUST00956,Home & Kitchen,Air Fryer,South,Bengaluru,Website,5,8502.25,0.1,42511.27,38260.14,25473.94,Cash on Delivery,Cancelled,12786.2,0.3342,2024-04,2024,Q2,0,0,1
ORD002605,2024-10-29,CUST00264,Fashion,Backpack,East,Patna,Website,3,2799.51,0.0,8398.54,8398.54,4821.08,UPI,Delivered,3577.46,0.426,2024-10,2024,Q4,1,0,0
ORD002606,2024-10-13,CUST01006,Fashion,Running Shoes,North,Chandigarh,Mobile App,5,2418.43,0.15,12092.16,10278.34,5972.16,Credit Card,Delivered,4306.18,0.419,2024-10,2024,Q4,1,0,0
ORD002607,2024-12-01,CUST00698,Fashion,T-Shirt,East,Bhubaneswar,Mobile App,3,861.34,0.1,2584.02,2325.61,1591.95,UPI,Delivered,733.66,0.3155,2024-12,2024,Q4,1,0,0
ORD002608,2025-05-11,CUST01535,Beauty,Sunscreen,East,Kolkata,Marketplace,2,1963.95,0.05,3927.9,3731.5,2057.45,Credit Card,Delivered,1674.05,0.4486,2025-05,2025,Q2,1,0,0
ORD002609,2024-10-02,CUST00425,Fashion,Running Shoes,South,Hyderabad,Mobile App,3,5098.19,0.1,15294.56,13765.1,7514.93,Debit Card,Delivered,6250.17,0.4541,2024-10,2024,Q4,1,0,0
ORD002610,2024-06-18,CUST01512,Electronics,Bluetooth Speaker,North,Chandigarh,Mobile App,1,18330.39,0.15,18330.39,15580.83,12534.15,UPI,Returned,3046.68,0.1955,2024-06,2024,Q2,0,1,0
ORD002611,2024-04-29,CUST01410,Sports,Cricket Bat,South,Bengaluru,Website,4,3055.5,0.05,12221.99,11610.89,8915.55,Credit Card,Delivered,2695.34,0.2321,2024-04,2024,Q2,1,0,0
ORD002612,2024-01-28,CUST00089,Electronics,Bluetooth Speaker,South,Bengaluru,Website,2,10720.82,0.05,21441.64,20369.56,16519.59,UPI,Cancelled,3849.97,0.189,2024-01,2024,Q1,0,0,1
ORD002613,2024-05-10,CUST00324,Home & Kitchen,Coffee Maker,North,Jaipur,Mobile App,5,9936.52,0.15,49682.61,42230.22,24203.03,Credit Card,Delivered,18027.19,0.4269,2024-05,2024,Q2,1,0,0
ORD002614,2024-09-18,CUST00321,Fashion,Denim Jacket,South,Bengaluru,Website,4,2387.03,0.2,9548.12,7638.5,5527.9,Net Banking,Delivered,2110.6,0.2763,2024-09,2024,Q3,1,0,0
ORD002615,2024-05-31,CUST00105,Fashion,Backpack,East,Bhubaneswar,Website,4,1460.14,0.0,5840.57,5840.57,3950.64,Cash on Delivery,Pending,1889.93,0.3236,2024-05,2024,Q2,0,0,0
ORD002616,2025-05-02,CUST00711,Electronics,Bluetooth Speaker,Central,Nagpur,Mobile App,2,15081.86,0.05,30163.73,28655.54,20508.44,UPI,Cancelled,8147.1,0.2843,2025-05,2025,Q2,0,0,1
ORD002617,2024-09-01,CUST00970,Beauty,Moisturizer,South,Bengaluru,Marketplace,5,1065.1,0.0,5325.5,5325.5,2824.61,Cash on Delivery,Delivered,2500.89,0.4696,2024-09,2024,Q3,1,0,0
ORD002618,2024-12-13,CUST00115,Beauty,Lip Balm,West,Mumbai,Website,2,1212.22,0.1,2424.44,2181.99,1481.06,Debit Card,Delivered,700.93,0.3212,2024-12,2024,Q4,1,0,0
ORD002619,2024-06-14,CUST00294,Fashion,Denim Jacket,North,Jaipur,Mobile App,4,698.51,0.1,2794.02,2514.62,1463.19,Net Banking,Delivered,1051.43,0.4181,2024-06,2024,Q2,1,0,0
ORD002620,2024-08-13,CUST00103,Sports,Cricket Bat,North,Jaipur,Marketplace,4,885.96,0.1,3543.82,3189.44,2359.95,Credit Card,Delivered,829.49,0.2601,2024-08,2024,Q3,1,0,0
ORD002621,2025-06-04,CUST00724,Sports,Resistance Bands,Central,Indore,Marketplace,1,5476.66,0.15,5476.66,4655.16,2799.46,Credit Card,Delivered,1855.7,0.3986,2025-06,2025,Q2,1,0,0
ORD002622,2025-01-16,CUST00571,Sports,Resistance Bands,South,Hyderabad,Website,3,2590.09,0.05,7770.26,7381.75,5223.71,Net Banking,Delivered,2158.04,0.2923,2025-01,2025,Q1,1,0,0
ORD002623,2024-03-02,CUST01532,Sports,Resistance Bands,Central,Nagpur,Mobile App,2,1027.47,0.15,2054.95,1746.71,1289.56,UPI,Delivered,457.15,0.2617,2024-03,2024,Q1,1,0,0
ORD002624,2024-03-10,CUST01183,Home & Kitchen,Water Bottle,North,Delhi,Website,3,5847.21,0.0,17541.63,17541.63,13792.5,Credit Card,Returned,3749.13,0.2137,2024-03,2024,Q1,0,1,0
ORD002625,2024-08-25,CUST00635,Home & Kitchen,Coffee Maker,West,Ahmedabad,Website,3,5256.13,0.0,15768.39,15768.39,10379.1,UPI,Delivered,5389.29,0.3418,2024-08,2024,Q3,1,0,0
ORD002626,2024-11-29,CUST00385,Fashion,Denim Jacket,Central,Indore,Marketplace,5,4555.87,0.05,22779.34,21640.38,13564.66,Cash on Delivery,Delivered,8075.72,0.3732,2024-11,2024,Q4,1,0,0
ORD002627,2024-03-22,CUST01295,Fashion,Denim Jacket,East,Kolkata,Mobile App,4,1995.46,0.15,7981.84,6784.57,4207.88,Cash on Delivery,Delivered,2576.69,0.3798,2024-03,2024,Q1,1,0,0
ORD002628,2025-01-04,CUST01248,Fashion,T-Shirt,North,Jaipur,Website,1,2891.03,0.0,2891.03,2891.03,2298.99,UPI,Delivered,592.04,0.2048,2025-01,2025,Q1,1,0,0
ORD002629,2024-04-01,CUST01352,Fashion,Denim Jacket,South,Bengaluru,Mobile App,5,5200.2,0.1,26001.01,23400.91,12722.3,Credit Card,Delivered,10678.61,0.4563,2024-04,2024,Q2,1,0,0
ORD002630,2024-09-18,CUST01290,Electronics,Smartwatch,South,Hyderabad,Mobile App,5,15229.11,0.1,76145.54,68530.99,48470.63,UPI,Delivered,20060.36,0.2927,2024-09,2024,Q3,1,0,0
ORD002631,2024-11-08,CUST01597,Beauty,Shampoo,Central,Indore,Marketplace,3,2837.0,0.0,8511.01,8511.01,5026.88,Net Banking,Delivered,3484.13,0.4094,2024-11,2024,Q4,1,0,0
ORD002632,2025-05-21,CUST01306,Electronics,Laptop Stand,Central,Indore,Mobile App,2,12898.29,0.0,25796.58,25796.58,19447.92,Net Banking,Returned,6348.66,0.2461,2025-05,2025,Q2,0,1,0
ORD002633,2024-01-07,CUST00189,Home & Kitchen,Water Bottle,West,Pune,Website,5,8460.97,0.15,42304.86,35959.13,23690.73,Credit Card,Cancelled,12268.4,0.3412,2024-01,2024,Q1,0,0,1
ORD002634,2025-05-09,CUST00966,Beauty,Face Serum,West,Mumbai,Marketplace,2,582.75,0.1,1165.51,1048.96,675.09,Debit Card,Pending,373.87,0.3564,2025-05,2025,Q2,0,0,0
ORD002635,2025-04-09,CUST00045,Fashion,T-Shirt,South,Chennai,Website,4,1612.19,0.2,6448.75,5159.0,4224.21,Cash on Delivery,Cancelled,934.79,0.1812,2025-04,2025,Q2,0,0,1
ORD002636,2025-03-28,CUST00344,Home & Kitchen,Coffee Maker,East,Patna,Mobile App,1,9197.09,0.1,9197.09,8277.38,6074.67,UPI,Delivered,2202.71,0.2661,2025-03,2025,Q1,1,0,0
ORD002637,2025-04-05,CUST00089,Beauty,Lip Balm,West,Ahmedabad,Mobile App,5,2266.24,0.1,11331.19,10198.07,7173.77,UPI,Delivered,3024.3,0.2966,2025-04,2025,Q2,1,0,0
ORD002638,2025-06-22,CUST00711,Electronics,Bluetooth Speaker,West,Mumbai,Website,1,17051.74,0.1,17051.74,15346.57,11638.97,UPI,Delivered,3707.6,0.2416,2025-06,2025,Q2,1,0,0
ORD002639,2024-11-05,CUST00087,Beauty,Face Serum,South,Hyderabad,Marketplace,5,1914.98,0.0,9574.89,9574.89,5350.75,Cash on Delivery,Pending,4224.14,0.4412,2024-11,2024,Q4,0,0,0
ORD002640,2024-01-18,CUST00217,Beauty,Sunscreen,North,Jaipur,Mobile App,2,1913.04,0.2,3826.07,3060.86,2270.3,Cash on Delivery,Delivered,790.56,0.2583,2024-01,2024,Q1,1,0,0
ORD002641,2025-02-11,CUST00588,Sports,Resistance Bands,South,Chennai,Mobile App,1,5693.81,0.05,5693.81,5409.12,4486.38,Debit Card,Pending,922.74,0.1706,2025-02,2025,Q1,0,0,0
ORD002642,2025-02-25,CUST01124,Fashion,Sunglasses,South,Hyderabad,Website,1,4011.3,0.0,4011.3,4011.3,3152.27,Credit Card,Delivered,859.03,0.2142,2025-02,2025,Q1,1,0,0
ORD002643,2024-11-20,CUST00596,Beauty,Shampoo,South,Hyderabad,Website,3,211.2,0.2,633.59,506.87,363.87,UPI,Delivered,143.0,0.2821,2024-11,2024,Q4,1,0,0
ORD002644,2024-03-23,CUST01383,Sports,Cricket Bat,North,Jaipur,Website,4,6412.27,0.15,25649.08,21801.72,15269.41,UPI,Delivered,6532.31,0.2996,2024-03,2024,Q1,1,0,0
ORD002645,2025-02-14,CUST01262,Electronics,Power Bank,West,Ahmedabad,Website,2,11855.34,0.0,23710.68,23710.68,17791.48,Credit Card,Delivered,5919.2,0.2496,2025-02,2025,Q1,1,0,0
ORD002646,2024-01-17,CUST00997,Home & Kitchen,Air Fryer,South,Hyderabad,Website,4,7854.74,0.0,31418.97,31418.97,26353.47,Debit Card,Delivered,5065.5,0.1612,2024-01,2024,Q1,1,0,0
ORD002647,2025-05-06,CUST00705,Fashion,Running Shoes,East,Patna,Website,2,1521.2,0.0,3042.39,3042.39,2480.36,Debit Card,Delivered,562.03,0.1847,2025-05,2025,Q2,1,0,0
ORD002648,2025-03-24,CUST00321,Home & Kitchen,Storage Box,Central,Nagpur,Mobile App,2,8554.42,0.0,17108.85,17108.85,12902.69,UPI,Delivered,4206.16,0.2458,2025-03,2025,Q1,1,0,0
ORD002649,2024-09-19,CUST01442,Electronics,Wireless Headphones,South,Hyderabad,Mobile App,5,14734.76,0.1,73673.78,66306.4,43609.26,Debit Card,Returned,22697.14,0.3423,2024-09,2024,Q3,0,1,0
ORD002650,2024-03-20,CUST00020,Home & Kitchen,Air Fryer,West,Ahmedabad,Website,1,1093.27,0.05,1093.27,1038.6,727.39,Cash on Delivery,Delivered,311.21,0.2996,2024-03,2024,Q1,1,0,0
ORD002651,2025-01-07,CUST01348,Electronics,Laptop Stand,West,Ahmedabad,Website,3,13955.37,0.0,41866.1,41866.1,26938.85,Net Banking,Cancelled,14927.25,0.3565,2025-01,2025,Q1,0,0,1
ORD002652,2025-04-21,CUST00889,Beauty,Sunscreen,South,Hyderabad,Mobile App,1,1502.28,0.1,1502.28,1352.05,1125.8,UPI,Delivered,226.25,0.1673,2025-04,2025,Q2,1,0,0
ORD002653,2025-02-15,CUST00419,Home & Kitchen,Storage Box,West,Mumbai,Mobile App,1,3218.43,0.05,3218.43,3057.51,2283.5,Net Banking,Delivered,774.01,0.2532,2025-02,2025,Q1,1,0,0
ORD002654,2025-05-11,CUST00464,Sports,Yoga Mat,South,Bengaluru,Website,1,4588.56,0.25,4588.56,3441.42,2627.48,Net Banking,Delivered,813.94,0.2365,2025-05,2025,Q2,1,0,0
ORD002655,2024-05-03,CUST00492,Fashion,Backpack,South,Chennai,Website,5,5038.19,0.1,25190.95,22671.85,18116.09,UPI,Delivered,4555.76,0.2009,2024-05,2024,Q2,1,0,0
ORD002656,2025-06-10,CUST00214,Home & Kitchen,Water Bottle,North,Delhi,Website,1,6150.69,0.05,6150.69,5843.15,4464.95,UPI,Cancelled,1378.2,0.2359,2025-06,2025,Q2,0,0,1
ORD002657,2024-10-04,CUST00875,Fashion,Backpack,South,Bengaluru,Mobile App,1,1782.04,0.1,1782.04,1603.83,1214.66,Cash on Delivery,Pending,389.17,0.2427,2024-10,2024,Q4,0,0,0
ORD002658,2024-12-19,CUST00340,Home & Kitchen,Mixer Grinder,West,Ahmedabad,Website,4,4057.77,0.15,16231.09,13796.43,8235.08,UPI,Delivered,5561.35,0.4031,2024-12,2024,Q4,1,0,0
ORD002659,2024-01-18,CUST00123,Sports,Resistance Bands,West,Ahmedabad,Website,2,1754.6,0.0,3509.19,3509.19,2105.15,Debit Card,Cancelled,1404.04,0.4001,2024-01,2024,Q1,0,0,1
ORD002660,2025-03-27,CUST00935,Beauty,Shampoo,West,Mumbai,Mobile App,1,2288.08,0.15,2288.08,1944.87,1507.17,Cash on Delivery,Delivered,437.7,0.2251,2025-03,2025,Q1,1,0,0
ORD002661,2025-03-04,CUST00922,Beauty,Lip Balm,East,Patna,Website,5,362.84,0.1,1814.2,1632.78,1020.84,UPI,Cancelled,611.94,0.3748,2025-03,2025,Q1,0,0,1
ORD002662,2024-04-02,CUST01254,Fashion,T-Shirt,West,Pune,Marketplace,3,4659.59,0.05,13978.78,13279.85,7203.5,Cash on Delivery,Delivered,6076.35,0.4576,2024-04,2024,Q2,1,0,0
ORD002663,2025-01-07,CUST00870,Fashion,Running Shoes,East,Bhubaneswar,Website,3,305.34,0.1,916.02,824.42,682.69,Cash on Delivery,Delivered,141.73,0.1719,2025-01,2025,Q1,1,0,0
ORD002664,2024-06-28,CUST01119,Electronics,Laptop Stand,North,Chandigarh,Mobile App,1,12600.27,0.0,12600.27,12600.27,7103.64,Net Banking,Delivered,5496.63,0.4362,2024-06,2024,Q2,1,0,0
ORD002665,2024-09-18,CUST01115,Sports,Football,West,Ahmedabad,Website,2,5139.07,0.0,10278.14,10278.14,7757.9,Net Banking,Delivered,2520.24,0.2452,2024-09,2024,Q3,1,0,0
ORD002666,2025-01-21,CUST01339,Beauty,Shampoo,South,Bengaluru,Mobile App,1,699.1,0.1,699.1,629.19,416.11,Credit Card,Delivered,213.08,0.3387,2025-01,2025,Q1,1,0,0
ORD002667,2025-04-06,CUST00605,Sports,Resistance Bands,South,Chennai,Mobile App,5,4794.83,0.2,23974.13,19179.3,12650.58,Debit Card,Delivered,6528.72,0.3404,2025-04,2025,Q2,1,0,0
ORD002668,2024-02-14,CUST00546,Electronics,Power Bank,North,Delhi,Mobile App,2,5696.28,0.1,11392.56,10253.31,6812.46,UPI,Delivered,3440.85,0.3356,2024-02,2024,Q1,1,0,0
ORD002669,2025-05-22,CUST01166,Electronics,Smartwatch,Central,Bhopal,Website,5,9312.98,0.15,46564.9,39580.16,32189.96,UPI,Delivered,7390.2,0.1867,2025-05,2025,Q2,1,0,0
ORD002670,2024-02-15,CUST00903,Beauty,Shampoo,West,Ahmedabad,Mobile App,4,621.1,0.15,2484.39,2111.73,1379.69,UPI,Delivered,732.04,0.3467,2024-02,2024,Q1,1,0,0
ORD002671,2025-02-17,CUST00396,Fashion,Denim Jacket,South,Chennai,Mobile App,3,2050.93,0.15,6152.8,5229.88,2996.14,Net Banking,Delivered,2233.74,0.4271,2025-02,2025,Q1,1,0,0
ORD002672,2024-05-03,CUST00185,Fashion,T-Shirt,Central,Bhopal,Mobile App,2,1406.65,0.05,2813.29,2672.63,2088.31,Net Banking,Delivered,584.32,0.2186,2024-05,2024,Q2,1,0,0
ORD002673,2025-06-18,CUST01162,Beauty,Face Serum,East,Patna,Mobile App,4,2886.14,0.05,11544.55,10967.32,6278.09,Net Banking,Delivered,4689.23,0.4276,2025-06,2025,Q2,1,0,0
ORD002674,2024-01-20,CUST00885,Electronics,Bluetooth Speaker,East,Bhubaneswar,Mobile App,3,5770.6,0.15,17311.8,14715.03,10689.42,Net Banking,Cancelled,4025.61,0.2736,2024-01,2024,Q1,0,0,1
ORD002675,2024-07-13,CUST01361,Home & Kitchen,Storage Box,South,Hyderabad,Website,1,5467.82,0.15,5467.82,4647.65,3088.4,Debit Card,Delivered,1559.25,0.3355,2024-07,2024,Q3,1,0,0
ORD002676,2025-04-19,CUST00437,Beauty,Moisturizer,North,Chandigarh,Website,5,409.0,0.0,2045.02,2045.02,1136.92,Cash on Delivery,Delivered,908.1,0.4441,2025-04,2025,Q2,1,0,0
ORD002677,2024-05-18,CUST00234,Beauty,Face Serum,South,Chennai,Website,3,2883.62,0.0,8650.85,8650.85,7264.95,UPI,Delivered,1385.9,0.1602,2024-05,2024,Q2,1,0,0
ORD002678,2025-05-13,CUST00298,Sports,Dumbbells,North,Jaipur,Website,4,2173.6,0.0,8694.4,8694.4,6523.46,Cash on Delivery,Delivered,2170.94,0.2497,2025-05,2025,Q2,1,0,0
ORD002679,2024-08-20,CUST01142,Beauty,Face Serum,South,Bengaluru,Mobile App,1,1501.07,0.15,1501.07,1275.91,715.42,Net Banking,Delivered,560.49,0.4393,2024-08,2024,Q3,1,0,0
ORD002680,2024-02-21,CUST00982,Electronics,Power Bank,North,Chandigarh,Website,2,7461.86,0.05,14923.73,14177.54,10236.19,UPI,Delivered,3941.35,0.278,2024-02,2024,Q1,1,0,0
ORD002681,2024-01-16,CUST00309,Electronics,Power Bank,East,Kolkata,Mobile App,1,18910.54,0.1,18910.54,17019.49,9170.32,Net Banking,Delivered,7849.17,0.4612,2024-01,2024,Q1,1,0,0
ORD002682,2024-05-23,CUST00317,Electronics,Smartwatch,North,Chandigarh,Website,1,19321.31,0.05,19321.31,18355.25,15096.07,Debit Card,Cancelled,3259.18,0.1776,2024-05,2024,Q2,0,0,1
ORD002683,2025-01-09,CUST00461,Home & Kitchen,Mixer Grinder,West,Pune,Marketplace,5,7134.82,0.0,35674.09,35674.09,19903.59,Net Banking,Delivered,15770.5,0.4421,2025-01,2025,Q1,1,0,0
ORD002684,2025-06-01,CUST01167,Electronics,Laptop Stand,Central,Bhopal,Website,4,15437.64,0.15,61750.58,52487.99,30429.71,Cash on Delivery,Delivered,22058.28,0.4203,2025-06,2025,Q2,1,0,0
ORD002685,2024-07-02,CUST01126,Sports,Yoga Mat,North,Jaipur,Website,3,5346.62,0.0,16039.87,16039.87,11185.64,Credit Card,Delivered,4854.23,0.3026,2024-07,2024,Q3,1,0,0
ORD002686,2024-11-11,CUST00385,Fashion,T-Shirt,South,Hyderabad,Mobile App,4,1011.26,0.1,4045.06,3640.55,2305.55,Credit Card,Delivered,1335.0,0.3667,2024-11,2024,Q4,1,0,0
ORD002687,2024-01-30,CUST01399,Sports,Resistance Bands,Central,Bhopal,Marketplace,3,3348.88,0.15,10046.64,8539.64,4985.24,UPI,Delivered,3554.4,0.4162,2024-01,2024,Q1,1,0,0
ORD002688,2024-08-22,CUST00072,Home & Kitchen,Water Bottle,East,Bhubaneswar,Mobile App,1,764.01,0.0,764.01,764.01,406.18,Net Banking,Delivered,357.83,0.4684,2024-08,2024,Q3,1,0,0
ORD002689,2025-06-08,CUST00770,Fashion,T-Shirt,South,Chennai,Marketplace,4,1010.41,0.25,4041.65,3031.24,2543.93,Credit Card,Cancelled,487.31,0.1608,2025-06,2025,Q2,0,0,1
ORD002690,2024-01-26,CUST01245,Home & Kitchen,Storage Box,South,Bengaluru,Mobile App,5,3995.32,0.15,19976.6,16980.11,9090.41,Net Banking,Delivered,7889.7,0.4646,2024-01,2024,Q1,1,0,0
ORD002691,2024-12-10,CUST00180,Fashion,T-Shirt,South,Chennai,Marketplace,5,3411.92,0.0,17059.6,17059.6,13684.41,Net Banking,Delivered,3375.19,0.1978,2024-12,2024,Q4,1,0,0
ORD002692,2025-05-10,CUST00755,Sports,Dumbbells,East,Patna,Mobile App,3,1997.68,0.0,5993.05,5993.05,4288.09,Cash on Delivery,Delivered,1704.96,0.2845,2025-05,2025,Q2,1,0,0
ORD002693,2024-03-06,CUST00722,Electronics,Bluetooth Speaker,Central,Indore,Mobile App,4,1854.61,0.05,7418.45,7047.52,3922.9,Cash on Delivery,Delivered,3124.62,0.4434,2024-03,2024,Q1,1,0,0
ORD002694,2024-09-12,CUST01050,Home & Kitchen,Storage Box,West,Mumbai,Website,2,2879.0,0.2,5757.99,4606.39,3487.23,Cash on Delivery,Delivered,1119.16,0.243,2024-09,2024,Q3,1,0,0
ORD002695,2024-09-22,CUST00135,Beauty,Lip Balm,West,Ahmedabad,Mobile App,1,1815.64,0.1,1815.64,1634.07,1264.0,Debit Card,Delivered,370.07,0.2265,2024-09,2024,Q3,1,0,0
ORD002696,2024-04-17,CUST00402,Fashion,Running Shoes,North,Chandigarh,Mobile App,4,3592.31,0.25,14369.22,10776.92,7111.48,Net Banking,Delivered,3665.44,0.3401,2024-04,2024,Q2,1,0,0
ORD002697,2025-06-30,CUST00591,Fashion,Running Shoes,East,Kolkata,Mobile App,1,695.21,0.2,695.21,556.17,466.4,UPI,Delivered,89.77,0.1614,2025-06,2025,Q2,1,0,0
ORD002698,2024-10-24,CUST00484,Fashion,Denim Jacket,North,Chandigarh,Website,3,1395.15,0.1,4185.44,3766.9,2319.01,Net Banking,Delivered,1447.89,0.3844,2024-10,2024,Q4,1,0,0
ORD002699,2024-04-22,CUST00061,Sports,Resistance Bands,South,Chennai,Mobile App,5,5437.95,0.05,27189.73,25830.24,18762.57,UPI,Pending,7067.67,0.2736,2024-04,2024,Q2,0,0,0
ORD002700,2025-04-05,CUST01562,Electronics,Laptop Stand,Central,Nagpur,Mobile App,4,1319.68,0.1,5278.73,4750.86,2683.4,Credit Card,Delivered,2067.46,0.4352,2025-04,2025,Q2,1,0,0
ORD002701,2024-12-28,CUST01429,Electronics,Smartwatch,East,Patna,Marketplace,1,3791.57,0.15,3791.57,3222.84,1975.17,Net Banking,Delivered,1247.67,0.3871,2024-12,2024,Q4,1,0,0
ORD002702,2024-09-13,CUST00359,Home & Kitchen,Water Bottle,North,Jaipur,Marketplace,1,6365.27,0.0,6365.27,6365.27,5328.44,Cash on Delivery,Delivered,1036.83,0.1629,2024-09,2024,Q3,1,0,0
ORD002703,2024-05-11,CUST01079,Fashion,Running Shoes,East,Patna,Mobile App,1,467.11,0.0,467.11,467.11,381.25,UPI,Returned,85.86,0.1838,2024-05,2024,Q2,0,1,0
ORD002704,2025-05-06,CUST00234,Electronics,Laptop Stand,South,Chennai,Marketplace,4,21566.45,0.25,86265.79,64699.34,33858.02,Credit Card,Delivered,30841.32,0.4767,2025-05,2025,Q2,1,0,0
ORD002705,2025-05-23,CUST00603,Fashion,Running Shoes,Central,Indore,Website,4,2524.04,0.1,10096.15,9086.53,5986.78,Net Banking,Delivered,3099.75,0.3411,2025-05,2025,Q2,1,0,0
ORD002706,2024-09-15,CUST00942,Sports,Yoga Mat,North,Jaipur,Mobile App,2,6745.38,0.15,13490.76,11467.14,6879.44,Credit Card,Returned,4587.7,0.4001,2024-09,2024,Q3,0,1,0
ORD002707,2024-02-29,CUST01204,Electronics,Laptop Stand,South,Hyderabad,Website,3,2778.4,0.05,8335.2,7918.44,5807.75,UPI,Delivered,2110.69,0.2666,2024-02,2024,Q1,1,0,0
ORD002708,2025-06-25,CUST00656,Sports,Cricket Bat,Central,Nagpur,Marketplace,1,4146.63,0.1,4146.63,3731.96,3008.35,Net Banking,Pending,723.61,0.1939,2025-06,2025,Q2,0,0,0
ORD002709,2025-05-11,CUST00784,Electronics,Laptop Stand,North,Jaipur,Marketplace,5,11843.66,0.1,59218.29,53296.46,43320.31,Net Banking,Delivered,9976.15,0.1872,2025-05,2025,Q2,1,0,0
ORD002710,2025-05-31,CUST00554,Fashion,T-Shirt,South,Hyderabad,Marketplace,1,4758.44,0.1,4758.44,4282.59,3045.69,Net Banking,Delivered,1236.9,0.2888,2025-05,2025,Q2,1,0,0
ORD002711,2024-11-19,CUST01119,Home & Kitchen,Coffee Maker,South,Chennai,Website,3,1233.22,0.1,3699.66,3329.69,2599.62,Credit Card,Delivered,730.07,0.2193,2024-11,2024,Q4,1,0,0
ORD002712,2024-02-20,CUST01544,Fashion,T-Shirt,North,Chandigarh,Mobile App,2,3307.47,0.05,6614.93,6284.19,3629.58,Debit Card,Delivered,2654.61,0.4224,2024-02,2024,Q1,1,0,0
ORD002713,2024-05-10,CUST00701,Home & Kitchen,Mixer Grinder,South,Bengaluru,Marketplace,3,4441.78,0.1,13325.34,11992.81,6852.34,Credit Card,Delivered,5140.47,0.4286,2024-05,2024,Q2,1,0,0
ORD002714,2024-10-04,CUST00296,Electronics,Smartwatch,West,Pune,Mobile App,5,13859.66,0.0,69298.29,69298.29,39710.56,Net Banking,Delivered,29587.73,0.427,2024-10,2024,Q4,1,0,0
ORD002715,2024-02-11,CUST00561,Fashion,Denim Jacket,East,Patna,Mobile App,2,1999.98,0.05,3999.95,3799.95,3083.63,Net Banking,Cancelled,716.32,0.1885,2024-02,2024,Q1,0,0,1
ORD002716,2024-05-15,CUST00725,Home & Kitchen,Coffee Maker,North,Chandigarh,Mobile App,5,2838.37,0.0,14191.85,14191.85,9393.86,Cash on Delivery,Delivered,4797.99,0.3381,2024-05,2024,Q2,1,0,0
ORD002717,2024-07-22,CUST01488,Sports,Football,North,Chandigarh,Website,2,2859.0,0.05,5718.0,5432.1,3081.79,Credit Card,Delivered,2350.31,0.4327,2024-07,2024,Q3,1,0,0
ORD002718,2025-01-29,CUST01467,Home & Kitchen,Storage Box,North,Jaipur,Marketplace,5,7739.04,0.05,38695.18,36760.42,26398.03,Net Banking,Delivered,10362.39,0.2819,2025-01,2025,Q1,1,0,0
ORD002719,2025-04-06,CUST00075,Electronics,Bluetooth Speaker,South,Bengaluru,Mobile App,1,10965.84,0.05,10965.84,10417.54,5553.28,Net Banking,Delivered,4864.26,0.4669,2025-04,2025,Q2,1,0,0
ORD002720,2024-09-05,CUST01520,Beauty,Moisturizer,West,Pune,Mobile App,2,1829.69,0.05,3659.38,3476.41,2572.1,UPI,Delivered,904.31,0.2601,2024-09,2024,Q3,1,0,0
ORD002721,2024-10-04,CUST00439,Fashion,Sunglasses,East,Patna,Marketplace,1,2674.33,0.05,2674.33,2540.61,1840.01,Cash on Delivery,Delivered,700.6,0.2758,2024-10,2024,Q4,1,0,0
ORD002722,2024-11-25,CUST01068,Beauty,Moisturizer,North,Jaipur,Website,5,2220.45,0.2,11102.24,8881.79,6499.47,Debit Card,Delivered,2382.32,0.2682,2024-11,2024,Q4,1,0,0
ORD002723,2024-05-17,CUST00453,Fashion,Backpack,East,Kolkata,Mobile App,4,343.9,0.0,1375.61,1375.61,742.75,Credit Card,Returned,632.86,0.4601,2024-05,2024,Q2,0,1,0
ORD002724,2025-06-29,CUST00945,Home & Kitchen,Mixer Grinder,North,Delhi,Website,5,658.43,0.0,3292.13,3292.13,2060.55,Net Banking,Delivered,1231.58,0.3741,2025-06,2025,Q2,1,0,0
ORD002725,2024-08-19,CUST01550,Sports,Football,West,Ahmedabad,Website,4,4496.87,0.1,17987.47,16188.72,9946.81,Debit Card,Delivered,6241.91,0.3856,2024-08,2024,Q3,1,0,0
ORD002726,2025-05-23,CUST01027,Electronics,Power Bank,East,Kolkata,Mobile App,3,21289.21,0.05,63867.63,60674.25,32242.31,Debit Card,Delivered,28431.94,0.4686,2025-05,2025,Q2,1,0,0
ORD002727,2024-05-29,CUST01359,Home & Kitchen,Coffee Maker,East,Patna,Marketplace,2,6434.55,0.05,12869.11,12225.65,7953.95,Net Banking,Delivered,4271.7,0.3494,2024-05,2024,Q2,1,0,0
ORD002728,2024-07-07,CUST01070,Electronics,Bluetooth Speaker,North,Delhi,Website,3,19424.18,0.05,58272.53,55358.9,35764.66,UPI,Delivered,19594.24,0.3539,2024-07,2024,Q3,1,0,0
ORD002729,2024-06-22,CUST00095,Electronics,Bluetooth Speaker,East,Kolkata,Website,4,11515.76,0.1,46063.05,41456.75,31166.37,Net Banking,Delivered,10290.38,0.2482,2024-06,2024,Q2,1,0,0
ORD002730,2025-05-18,CUST00112,Electronics,Wireless Headphones,West,Mumbai,Mobile App,1,6795.18,0.15,6795.18,5775.9,3826.55,UPI,Cancelled,1949.35,0.3375,2025-05,2025,Q2,0,0,1
ORD002731,2025-01-17,CUST00158,Home & Kitchen,Water Bottle,Central,Indore,Marketplace,1,3287.42,0.2,3287.42,2629.94,1931.53,UPI,Delivered,698.41,0.2656,2025-01,2025,Q1,1,0,0
ORD002732,2024-05-19,CUST01187,Home & Kitchen,Coffee Maker,North,Delhi,Website,4,3861.2,0.1,15444.8,13900.32,9044.57,Credit Card,Delivered,4855.75,0.3493,2024-05,2024,Q2,1,0,0
ORD002733,2024-08-03,CUST01434,Sports,Football,East,Kolkata,Website,4,4051.06,0.0,16204.24,16204.24,8524.19,UPI,Delivered,7680.05,0.474,2024-08,2024,Q3,1,0,0
ORD002734,2025-03-23,CUST01338,Fashion,T-Shirt,West,Ahmedabad,Website,1,3898.18,0.2,3898.18,3118.54,2341.58,Net Banking,Returned,776.96,0.2491,2025-03,2025,Q1,0,1,0
ORD002735,2025-01-17,CUST00972,Fashion,Backpack,South,Chennai,Mobile App,1,1332.25,0.05,1332.25,1265.64,997.19,UPI,Delivered,268.45,0.2121,2025-01,2025,Q1,1,0,0
ORD002736,2025-05-14,CUST01523,Electronics,Bluetooth Speaker,West,Pune,Mobile App,3,13234.04,0.15,39702.11,33746.79,25034.54,Credit Card,Delivered,8712.25,0.2582,2025-05,2025,Q2,1,0,0
ORD002737,2024-08-06,CUST00850,Electronics,Wireless Headphones,North,Chandigarh,Website,2,1869.67,0.05,3739.33,3552.37,1987.21,Cash on Delivery,Delivered,1565.16,0.4406,2024-08,2024,Q3,1,0,0
ORD002738,2024-03-30,CUST01163,Fashion,Denim Jacket,South,Chennai,Mobile App,4,4296.98,0.2,17187.92,13750.34,7566.31,UPI,Delivered,6184.03,0.4497,2024-03,2024,Q1,1,0,0
ORD002739,2024-12-19,CUST01088,Home & Kitchen,Water Bottle,West,Pune,Website,5,3092.58,0.05,15462.88,14689.74,8055.9,UPI,Delivered,6633.84,0.4516,2024-12,2024,Q4,1,0,0
ORD002740,2024-07-29,CUST01301,Sports,Resistance Bands,Central,Nagpur,Mobile App,3,5135.56,0.2,15406.67,12325.33,6506.63,Credit Card,Cancelled,5818.7,0.4721,2024-07,2024,Q3,0,0,1
ORD002741,2024-01-18,CUST00495,Home & Kitchen,Mixer Grinder,North,Delhi,Mobile App,4,4913.11,0.05,19652.44,18669.82,12441.58,Debit Card,Returned,6228.24,0.3336,2024-01,2024,Q1,0,1,0
ORD002742,2024-05-22,CUST00042,Beauty,Face Serum,South,Chennai,Mobile App,2,2729.23,0.15,5458.46,4639.69,2539.66,UPI,Delivered,2100.03,0.4526,2024-05,2024,Q2,1,0,0
ORD002743,2024-08-14,CUST00888,Beauty,Shampoo,Central,Bhopal,Mobile App,1,1257.78,0.25,1257.78,943.34,550.66,UPI,Pending,392.68,0.4163,2024-08,2024,Q3,0,0,0
ORD002744,2024-03-06,CUST01198,Electronics,Laptop Stand,East,Kolkata,Mobile App,2,7444.37,0.0,14888.73,14888.73,11754.44,Cash on Delivery,Delivered,3134.29,0.2105,2024-03,2024,Q1,1,0,0
ORD002745,2024-02-08,CUST00844,Fashion,Running Shoes,East,Bhubaneswar,Mobile App,1,1286.69,0.05,1286.69,1222.36,854.91,UPI,Cancelled,367.45,0.3006,2024-02,2024,Q1,0,0,1
ORD002746,2024-11-25,CUST00790,Electronics,Wireless Headphones,East,Bhubaneswar,Mobile App,4,6140.36,0.1,24561.46,22105.31,11751.37,Debit Card,Delivered,10353.94,0.4684,2024-11,2024,Q4,1,0,0
ORD002747,2024-04-26,CUST00025,Fashion,T-Shirt,North,Jaipur,Website,1,2745.62,0.05,2745.62,2608.34,1977.52,Debit Card,Cancelled,630.82,0.2418,2024-04,2024,Q2,0,0,1
ORD002748,2025-06-29,CUST01196,Fashion,Denim Jacket,East,Kolkata,Mobile App,5,4977.53,0.25,24887.65,18665.73,10786.22,Net Banking,Delivered,7879.51,0.4221,2025-06,2025,Q2,1,0,0
ORD002749,2025-02-26,CUST00704,Electronics,Bluetooth Speaker,Central,Bhopal,Website,2,1508.46,0.15,3016.93,2564.39,2094.76,Debit Card,Delivered,469.63,0.1831,2025-02,2025,Q1,1,0,0
ORD002750,2025-05-28,CUST00698,Home & Kitchen,Water Bottle,South,Bengaluru,Mobile App,3,8055.63,0.1,24166.9,21750.21,14707.45,Net Banking,Delivered,7042.76,0.3238,2025-05,2025,Q2,1,0,0
ORD002751,2024-03-07,CUST00080,Sports,Cricket Bat,North,Delhi,Website,1,5012.42,0.0,5012.42,5012.42,4148.46,Cash on Delivery,Cancelled,863.96,0.1724,2024-03,2024,Q1,0,0,1
ORD002752,2025-02-11,CUST01479,Beauty,Face Serum,South,Bengaluru,Website,1,1736.78,0.1,1736.78,1563.1,1261.72,UPI,Pending,301.38,0.1928,2025-02,2025,Q1,0,0,0
ORD002753,2024-02-07,CUST00281,Beauty,Moisturizer,Central,Bhopal,Website,4,1186.2,0.05,4744.8,4507.56,2580.54,Credit Card,Delivered,1927.02,0.4275,2024-02,2024,Q1,1,0,0
ORD002754,2025-05-18,CUST00094,Beauty,Face Serum,South,Bengaluru,Website,2,2399.61,0.1,4799.23,4319.3,2974.05,Debit Card,Delivered,1345.25,0.3115,2025-05,2025,Q2,1,0,0
ORD002755,2024-03-16,CUST01475,Beauty,Sunscreen,South,Hyderabad,Website,4,2781.41,0.2,11125.66,8900.53,5621.69,Debit Card,Delivered,3278.84,0.3684,2024-03,2024,Q1,1,0,0
ORD002756,2024-03-22,CUST00370,Sports,Football,South,Bengaluru,Website,3,5466.3,0.0,16398.89,16398.89,11361.12,UPI,Returned,5037.77,0.3072,2024-03,2024,Q1,0,1,0
ORD002757,2024-10-22,CUST00797,Electronics,Smartwatch,North,Jaipur,Website,2,7996.52,0.0,15993.04,15993.04,10774.21,Debit Card,Pending,5218.83,0.3263,2024-10,2024,Q4,0,0,0
ORD002758,2025-02-01,CUST00520,Fashion,Denim Jacket,South,Hyderabad,Website,4,4949.78,0.1,19799.12,17819.21,11256.5,UPI,Delivered,6562.71,0.3683,2025-02,2025,Q1,1,0,0
ORD002759,2024-06-09,CUST00332,Fashion,Backpack,Central,Indore,Website,2,2273.87,0.05,4547.74,4320.35,2597.47,Net Banking,Delivered,1722.88,0.3988,2024-06,2024,Q2,1,0,0
ORD002760,2024-06-24,CUST01117,Fashion,Denim Jacket,North,Delhi,Website,3,2373.97,0.2,7121.91,5697.53,4457.01,Credit Card,Delivered,1240.52,0.2177,2024-06,2024,Q2,1,0,0
ORD002761,2024-02-14,CUST01231,Electronics,Wireless Headphones,East,Bhubaneswar,Mobile App,5,12732.73,0.1,63663.65,57297.28,45947.93,Cash on Delivery,Delivered,11349.35,0.1981,2024-02,2024,Q1,1,0,0
ORD002762,2025-06-20,CUST01042,Home & Kitchen,Mixer Grinder,North,Chandigarh,Website,2,8268.54,0.2,16537.09,13229.67,7840.61,Debit Card,Returned,5389.06,0.4073,2025-06,2025,Q2,0,1,0
ORD002763,2025-01-10,CUST01584,Fashion,Running Shoes,West,Mumbai,Mobile App,2,3677.32,0.05,7354.63,6986.9,3910.45,Net Banking,Delivered,3076.45,0.4403,2025-01,2025,Q1,1,0,0
ORD002764,2024-09-25,CUST00857,Electronics,Power Bank,Central,Nagpur,Mobile App,3,13766.1,0.2,41298.29,33038.63,17939.22,Net Banking,Delivered,15099.41,0.457,2024-09,2024,Q3,1,0,0
ORD002765,2024-12-10,CUST01416,Electronics,Smartwatch,North,Chandigarh,Website,4,10324.37,0.2,41297.49,33037.99,17698.12,Cash on Delivery,Delivered,15339.87,0.4643,2024-12,2024,Q4,1,0,0
ORD002766,2024-05-04,CUST01430,Home & Kitchen,Air Fryer,Central,Nagpur,Mobile App,2,8827.21,0.15,17654.42,15006.26,8809.61,Cash on Delivery,Returned,6196.65,0.4129,2024-05,2024,Q2,0,1,0
ORD002767,2024-12-12,CUST00568,Sports,Dumbbells,West,Ahmedabad,Mobile App,3,1456.66,0.25,4369.99,3277.5,1745.69,UPI,Delivered,1531.81,0.4674,2024-12,2024,Q4,1,0,0
ORD002768,2024-08-03,CUST01100,Fashion,T-Shirt,West,Pune,Website,3,1795.46,0.0,5386.37,5386.37,3371.9,Net Banking,Delivered,2014.47,0.374,2024-08,2024,Q3,1,0,0
ORD002769,2024-07-23,CUST00835,Fashion,Sunglasses,East,Bhubaneswar,Website,2,1757.28,0.15,3514.56,2987.38,2471.67,Credit Card,Delivered,515.71,0.1726,2024-07,2024,Q3,1,0,0
ORD002770,2024-06-28,CUST01411,Home & Kitchen,Storage Box,North,Chandigarh,Marketplace,1,8326.67,0.05,8326.67,7910.34,4720.74,Cash on Delivery,Delivered,3189.6,0.4032,2024-06,2024,Q2,1,0,0
ORD002771,2024-06-14,CUST01431,Sports,Dumbbells,West,Ahmedabad,Website,5,6702.54,0.1,33512.72,30161.45,18735.99,Cash on Delivery,Cancelled,11425.46,0.3788,2024-06,2024,Q2,0,0,1
ORD002772,2024-09-30,CUST00893,Electronics,Laptop Stand,East,Patna,Mobile App,4,18146.88,0.1,72587.53,65328.77,46427.24,Debit Card,Delivered,18901.53,0.2893,2024-09,2024,Q3,1,0,0
ORD002773,2024-12-14,CUST00190,Sports,Dumbbells,East,Bhubaneswar,Website,5,6830.23,0.05,34151.14,32443.58,23265.11,Cash on Delivery,Delivered,9178.47,0.2829,2024-12,2024,Q4,1,0,0
ORD002774,2024-03-06,CUST01225,Fashion,Denim Jacket,East,Bhubaneswar,Mobile App,5,2118.33,0.2,10591.66,8473.33,4441.33,Debit Card,Cancelled,4032.0,0.4758,2024-03,2024,Q1,0,0,1
ORD002775,2024-05-29,CUST00103,Home & Kitchen,Air Fryer,South,Bengaluru,Mobile App,1,4113.73,0.1,4113.73,3702.35,2685.14,Net Banking,Delivered,1017.21,0.2747,2024-05,2024,Q2,1,0,0
ORD002776,2024-09-01,CUST00370,Beauty,Lip Balm,East,Bhubaneswar,Mobile App,1,2329.45,0.05,2329.45,2212.98,1555.53,UPI,Delivered,657.45,0.2971,2024-09,2024,Q3,1,0,0
ORD002777,2025-05-07,CUST00868,Home & Kitchen,Air Fryer,West,Mumbai,Website,4,6848.15,0.05,27392.61,26022.98,20288.58,Credit Card,Delivered,5734.4,0.2204,2025-05,2025,Q2,1,0,0
ORD002778,2025-03-01,CUST00753,Electronics,Bluetooth Speaker,East,Kolkata,Mobile App,2,5356.1,0.15,10712.2,9105.37,7067.4,Credit Card,Cancelled,2037.97,0.2238,2025-03,2025,Q1,0,0,1
ORD002779,2024-12-12,CUST00934,Electronics,Smartwatch,North,Chandigarh,Website,1,16873.36,0.2,16873.36,13498.69,11242.04,Cash on Delivery,Delivered,2256.65,0.1672,2024-12,2024,Q4,1,0,0
ORD002780,2024-12-31,CUST01139,Electronics,Smartwatch,South,Hyderabad,Mobile App,4,8461.38,0.0,33845.53,33845.53,20260.27,Credit Card,Returned,13585.26,0.4014,2024-12,2024,Q4,0,1,0
ORD002781,2024-05-22,CUST01322,Sports,Football,West,Mumbai,Website,1,2214.4,0.1,2214.4,1992.96,1430.63,Credit Card,Delivered,562.33,0.2822,2024-05,2024,Q2,1,0,0
ORD002782,2025-03-03,CUST00570,Fashion,Denim Jacket,North,Chandigarh,Marketplace,2,2930.21,0.1,5860.43,5274.39,4105.67,Credit Card,Delivered,1168.72,0.2216,2025-03,2025,Q1,1,0,0
ORD002783,2024-04-28,CUST00802,Fashion,Backpack,East,Patna,Mobile App,4,3802.19,0.2,15208.77,12167.02,7503.55,Debit Card,Delivered,4663.47,0.3833,2024-04,2024,Q2,1,0,0
ORD002784,2024-03-26,CUST01303,Fashion,T-Shirt,North,Jaipur,Marketplace,3,1828.87,0.15,5486.62,4663.62,3591.24,Net Banking,Delivered,1072.38,0.2299,2024-03,2024,Q1,1,0,0
ORD002785,2024-07-06,CUST01563,Fashion,Denim Jacket,West,Pune,Website,2,4353.94,0.1,8707.88,7837.1,6540.61,Credit Card,Delivered,1296.49,0.1654,2024-07,2024,Q3,1,0,0
ORD002786,2025-03-10,CUST01252,Electronics,Laptop Stand,West,Ahmedabad,Mobile App,2,20543.94,0.15,41087.89,34924.7,27808.35,Credit Card,Delivered,7116.35,0.2038,2025-03,2025,Q1,1,0,0
ORD002787,2024-01-03,CUST00394,Home & Kitchen,Coffee Maker,East,Bhubaneswar,Website,3,3515.35,0.1,10546.05,9491.44,5249.39,Net Banking,Delivered,4242.05,0.4469,2024-01,2024,Q1,1,0,0
ORD002788,2024-09-02,CUST01057,Electronics,Laptop Stand,West,Pune,Marketplace,5,7478.98,0.15,37394.88,31785.65,25608.61,Debit Card,Delivered,6177.04,0.1943,2024-09,2024,Q3,1,0,0
ORD002789,2025-02-07,CUST00506,Home & Kitchen,Storage Box,West,Mumbai,Website,4,3856.19,0.05,15424.76,14653.52,9106.17,Cash on Delivery,Delivered,5547.35,0.3786,2025-02,2025,Q1,1,0,0
ORD002790,2024-02-03,CUST00257,Sports,Cricket Bat,West,Ahmedabad,Website,3,4768.54,0.0,14305.62,14305.62,10089.77,Net Banking,Delivered,4215.85,0.2947,2024-02,2024,Q1,1,0,0
ORD002791,2024-12-13,CUST01039,Fashion,Backpack,West,Mumbai,Marketplace,3,1388.59,0.05,4165.77,3957.48,2175.03,Cash on Delivery,Cancelled,1782.45,0.4504,2024-12,2024,Q4,0,0,1
ORD002792,2024-06-25,CUST01245,Electronics,Smartwatch,West,Pune,Mobile App,1,2765.77,0.15,2765.77,2350.9,1645.3,Net Banking,Delivered,705.6,0.3001,2024-06,2024,Q2,1,0,0
ORD002793,2024-02-25,CUST01138,Beauty,Lip Balm,North,Delhi,Marketplace,5,909.48,0.05,4547.39,4320.02,2889.74,Cash on Delivery,Delivered,1430.28,0.3311,2024-02,2024,Q1,1,0,0
ORD002794,2025-06-27,CUST00636,Fashion,Denim Jacket,East,Bhubaneswar,Marketplace,3,4287.89,0.15,12863.68,10934.12,7808.18,UPI,Pending,3125.94,0.2859,2025-06,2025,Q2,0,0,0
ORD002795,2024-06-19,CUST00603,Fashion,Denim Jacket,South,Chennai,Mobile App,4,2372.35,0.05,9489.4,9014.93,4996.64,Credit Card,Delivered,4018.29,0.4457,2024-06,2024,Q2,1,0,0
ORD002796,2025-05-04,CUST01580,Fashion,Denim Jacket,West,Pune,Mobile App,3,3133.61,0.0,9400.84,9400.84,7741.95,UPI,Delivered,1658.89,0.1765,2025-05,2025,Q2,1,0,0
ORD002797,2025-02-09,CUST00665,Sports,Cricket Bat,South,Chennai,Website,2,5464.41,0.1,10928.82,9835.94,7191.94,Debit Card,Delivered,2644.0,0.2688,2025-02,2025,Q1,1,0,0
ORD002798,2025-03-06,CUST00182,Home & Kitchen,Air Fryer,South,Chennai,Mobile App,1,9873.85,0.05,9873.85,9380.16,6378.87,UPI,Pending,3001.29,0.32,2025-03,2025,Q1,0,0,0
ORD002799,2024-01-04,CUST01337,Fashion,T-Shirt,Central,Bhopal,Marketplace,4,4870.62,0.1,19482.49,17534.24,12872.63,Net Banking,Delivered,4661.61,0.2659,2024-01,2024,Q1,1,0,0
ORD002800,2024-03-21,CUST01162,Home & Kitchen,Air Fryer,East,Bhubaneswar,Website,3,7551.96,0.05,22655.88,21523.09,13573.05,UPI,Delivered,7950.04,0.3694,2024-03,2024,Q1,1,0,0
ORD002801,2024-02-27,CUST00096,Electronics,Smartwatch,South,Hyderabad,Mobile App,4,21962.39,0.05,87849.56,83457.09,57403.98,UPI,Pending,26053.11,0.3122,2024-02,2024,Q1,0,0,0
ORD002802,2024-03-20,CUST00959,Beauty,Shampoo,Central,Nagpur,Marketplace,3,2368.65,0.15,7105.94,6040.05,4630.37,Debit Card,Returned,1409.68,0.2334,2024-03,2024,Q1,0,1,0
ORD002803,2024-05-29,CUST01156,Electronics,Laptop Stand,Central,Indore,Website,4,19501.27,0.05,78005.09,74104.83,58625.3,Net Banking,Delivered,15479.53,0.2089,2024-05,2024,Q2,1,0,0
ORD002804,2025-05-11,CUST00595,Electronics,Bluetooth Speaker,East,Kolkata,Mobile App,2,8786.6,0.05,17573.2,16694.54,13243.71,Net Banking,Delivered,3450.83,0.2067,2025-05,2025,Q2,1,0,0
ORD002805,2024-07-26,CUST00733,Electronics,Bluetooth Speaker,South,Chennai,Mobile App,1,17100.05,0.05,17100.05,16245.05,11482.06,Credit Card,Delivered,4762.99,0.2932,2024-07,2024,Q3,1,0,0
ORD002806,2024-04-29,CUST00226,Electronics,Smartwatch,North,Delhi,Marketplace,3,5473.93,0.25,16421.79,12316.34,9076.37,Cash on Delivery,Delivered,3239.97,0.2631,2024-04,2024,Q2,1,0,0
ORD002807,2024-12-02,CUST00012,Fashion,Sunglasses,West,Mumbai,Website,2,3024.76,0.1,6049.52,5444.56,3530.76,Credit Card,Delivered,1913.8,0.3515,2024-12,2024,Q4,1,0,0
ORD002808,2024-01-21,CUST00659,Sports,Yoga Mat,East,Kolkata,Mobile App,4,3648.85,0.0,14595.39,14595.39,11092.55,Net Banking,Delivered,3502.84,0.24,2024-01,2024,Q1,1,0,0
ORD002809,2024-11-13,CUST00244,Fashion,T-Shirt,West,Ahmedabad,Marketplace,2,1966.04,0.15,3932.08,3342.27,1954.29,UPI,Cancelled,1387.98,0.4153,2024-11,2024,Q4,0,0,1
ORD002810,2025-06-18,CUST01551,Fashion,Sunglasses,West,Ahmedabad,Website,3,767.37,0.15,2302.1,1956.78,1146.28,Debit Card,Delivered,810.5,0.4142,2025-06,2025,Q2,1,0,0
ORD002811,2024-02-10,CUST00433,Home & Kitchen,Air Fryer,South,Chennai,Website,5,5812.69,0.2,29063.47,23250.78,15233.32,UPI,Delivered,8017.46,0.3448,2024-02,2024,Q1,1,0,0
ORD002812,2025-01-28,CUST01489,Home & Kitchen,Storage Box,South,Bengaluru,Mobile App,5,9074.52,0.15,45372.61,38566.72,32136.1,Debit Card,Returned,6430.62,0.1667,2025-01,2025,Q1,0,1,0
ORD002813,2024-06-28,CUST01108,Home & Kitchen,Coffee Maker,North,Jaipur,Marketplace,2,8083.06,0.2,16166.12,12932.9,8389.84,Credit Card,Delivered,4543.06,0.3513,2024-06,2024,Q2,1,0,0
ORD002814,2024-07-17,CUST01300,Fashion,T-Shirt,North,Delhi,Website,1,2127.68,0.1,2127.68,1914.92,1117.13,Debit Card,Delivered,797.79,0.4166,2024-07,2024,Q3,1,0,0
ORD002815,2025-01-18,CUST00691,Home & Kitchen,Coffee Maker,South,Hyderabad,Marketplace,4,2453.18,0.15,9812.73,8340.82,6750.77,UPI,Returned,1590.05,0.1906,2025-01,2025,Q1,0,1,0
ORD002816,2024-06-23,CUST00381,Fashion,T-Shirt,North,Delhi,Mobile App,4,4214.65,0.15,16858.59,14329.8,10130.09,Debit Card,Delivered,4199.71,0.2931,2024-06,2024,Q2,1,0,0
ORD002817,2025-05-25,CUST01180,Beauty,Sunscreen,Central,Indore,Website,4,1035.09,0.1,4140.35,3726.31,2313.7,Debit Card,Delivered,1412.61,0.3791,2025-05,2025,Q2,1,0,0
ORD002818,2024-08-21,CUST00818,Electronics,Smartwatch,North,Delhi,Website,1,1439.47,0.05,1439.47,1367.49,1148.27,Debit Card,Pending,219.22,0.1603,2024-08,2024,Q3,0,0,0
ORD002819,2024-05-02,CUST01455,Home & Kitchen,Air Fryer,West,Ahmedabad,Mobile App,4,7384.35,0.0,29537.41,29537.41,16592.74,Credit Card,Returned,12944.67,0.4382,2024-05,2024,Q2,0,1,0
ORD002820,2024-06-27,CUST00691,Beauty,Face Serum,South,Chennai,Website,4,2644.54,0.2,10578.16,8462.53,4704.75,Debit Card,Delivered,3757.78,0.444,2024-06,2024,Q2,1,0,0
ORD002821,2025-02-01,CUST01188,Sports,Dumbbells,North,Jaipur,Mobile App,5,959.87,0.15,4799.34,4079.44,3247.86,UPI,Delivered,831.58,0.2038,2025-02,2025,Q1,1,0,0
ORD002822,2025-02-08,CUST01408,Home & Kitchen,Mixer Grinder,South,Chennai,Website,2,3655.72,0.0,7311.43,7311.43,4787.6,UPI,Delivered,2523.83,0.3452,2025-02,2025,Q1,1,0,0
ORD002823,2025-04-13,CUST00881,Home & Kitchen,Storage Box,East,Patna,Marketplace,5,5436.7,0.1,27183.51,24465.16,13637.49,UPI,Delivered,10827.67,0.4426,2025-04,2025,Q2,1,0,0
ORD002824,2024-02-22,CUST00523,Home & Kitchen,Air Fryer,Central,Bhopal,Website,5,8175.86,0.0,40879.29,40879.29,27984.86,Cash on Delivery,Pending,12894.43,0.3154,2024-02,2024,Q1,0,0,0
ORD002825,2025-04-12,CUST01282,Sports,Dumbbells,West,Mumbai,Mobile App,3,5528.76,0.15,16586.29,14098.35,9681.67,Credit Card,Returned,4416.68,0.3133,2025-04,2025,Q2,0,1,0
ORD002826,2024-07-17,CUST01497,Electronics,Smartwatch,North,Delhi,Website,4,17680.23,0.1,70720.93,63648.83,48712.65,Credit Card,Delivered,14936.18,0.2347,2024-07,2024,Q3,1,0,0
ORD002827,2024-03-12,CUST01276,Fashion,Backpack,South,Hyderabad,Mobile App,3,1829.27,0.05,5487.82,5213.42,3629.8,Debit Card,Delivered,1583.62,0.3038,2024-03,2024,Q1,1,0,0
ORD002828,2024-10-05,CUST00233,Electronics,Smartwatch,West,Pune,Website,5,16161.3,0.1,80806.5,72725.85,51590.95,Cash on Delivery,Delivered,21134.9,0.2906,2024-10,2024,Q4,1,0,0
ORD002829,2024-11-16,CUST00794,Home & Kitchen,Mixer Grinder,West,Ahmedabad,Website,3,9524.93,0.0,28574.8,28574.8,17749.37,UPI,Delivered,10825.43,0.3788,2024-11,2024,Q4,1,0,0
ORD002830,2025-01-24,CUST01232,Electronics,Power Bank,East,Patna,Website,4,12046.83,0.1,48187.31,43368.58,26107.9,Credit Card,Delivered,17260.68,0.398,2025-01,2025,Q1,1,0,0
ORD002831,2024-10-22,CUST00059,Home & Kitchen,Water Bottle,West,Pune,Mobile App,5,8525.39,0.1,42626.96,38364.26,29267.0,Net Banking,Delivered,9097.26,0.2371,2024-10,2024,Q4,1,0,0
ORD002832,2025-01-13,CUST01065,Home & Kitchen,Storage Box,West,Mumbai,Website,4,3517.43,0.1,14069.73,12662.76,7852.46,UPI,Delivered,4810.3,0.3799,2025-01,2025,Q1,1,0,0
ORD002833,2025-04-30,CUST00300,Home & Kitchen,Water Bottle,West,Mumbai,Mobile App,2,6318.42,0.1,12636.85,11373.16,6483.59,UPI,Delivered,4889.57,0.4299,2025-04,2025,Q2,1,0,0
ORD002834,2024-04-13,CUST00957,Beauty,Shampoo,North,Delhi,Website,4,1908.82,0.1,7635.28,6871.75,4621.6,UPI,Delivered,2250.15,0.3274,2024-04,2024,Q2,1,0,0
ORD002835,2025-06-26,CUST01158,Home & Kitchen,Air Fryer,West,Mumbai,Website,3,5773.37,0.15,17320.12,14722.1,7669.2,UPI,Delivered,7052.9,0.4791,2025-06,2025,Q2,1,0,0
ORD002836,2024-06-24,CUST00114,Electronics,Smartwatch,East,Patna,Marketplace,1,13070.63,0.15,13070.63,11110.03,6619.71,Net Banking,Cancelled,4490.32,0.4042,2024-06,2024,Q2,0,0,1
ORD002837,2025-06-07,CUST00898,Fashion,Running Shoes,South,Bengaluru,Website,3,2747.62,0.2,8242.86,6594.29,4354.37,UPI,Delivered,2239.92,0.3397,2025-06,2025,Q2,1,0,0
ORD002838,2024-05-15,CUST00041,Home & Kitchen,Coffee Maker,West,Pune,Marketplace,1,4893.64,0.0,4893.64,4893.64,4089.82,Debit Card,Delivered,803.82,0.1643,2024-05,2024,Q2,1,0,0
ORD002839,2025-04-27,CUST00706,Sports,Resistance Bands,West,Mumbai,Marketplace,3,1112.53,0.25,3337.6,2503.2,1420.93,Cash on Delivery,Delivered,1082.27,0.4324,2025-04,2025,Q2,1,0,0
ORD002840,2024-06-11,CUST00412,Electronics,Wireless Headphones,West,Pune,Mobile App,2,4307.82,0.05,8615.64,8184.86,5282.9,Debit Card,Delivered,2901.96,0.3546,2024-06,2024,Q2,1,0,0
ORD002841,2024-09-10,CUST00973,Electronics,Bluetooth Speaker,North,Jaipur,Website,1,8491.53,0.05,8491.53,8066.95,5850.85,UPI,Delivered,2216.1,0.2747,2024-09,2024,Q3,1,0,0
ORD002842,2024-01-14,CUST00846,Electronics,Smartwatch,South,Bengaluru,Mobile App,5,9457.41,0.1,47287.03,42558.33,25088.92,Debit Card,Delivered,17469.41,0.4105,2024-01,2024,Q1,1,0,0
ORD002843,2025-02-23,CUST01446,Sports,Football,West,Ahmedabad,Website,1,990.33,0.05,990.33,940.82,515.0,UPI,Delivered,425.82,0.4526,2025-02,2025,Q1,1,0,0
ORD002844,2025-06-04,CUST00495,Electronics,Bluetooth Speaker,South,Hyderabad,Mobile App,1,10652.51,0.0,10652.51,10652.51,8315.19,Debit Card,Delivered,2337.32,0.2194,2025-06,2025,Q2,1,0,0
ORD002845,2024-11-16,CUST01053,Fashion,Running Shoes,South,Bengaluru,Mobile App,1,2591.77,0.1,2591.77,2332.6,1252.32,Net Banking,Returned,1080.28,0.4631,2024-11,2024,Q4,0,1,0
ORD002846,2024-02-11,CUST00515,Home & Kitchen,Water Bottle,South,Bengaluru,Mobile App,5,3490.27,0.05,17451.36,16578.79,11208.83,Debit Card,Cancelled,5369.96,0.3239,2024-02,2024,Q1,0,0,1
ORD002847,2024-01-28,CUST01428,Home & Kitchen,Coffee Maker,West,Mumbai,Marketplace,1,6791.56,0.05,6791.56,6451.98,3395.92,UPI,Delivered,3056.06,0.4737,2024-01,2024,Q1,1,0,0
ORD002848,2024-08-10,CUST01154,Sports,Resistance Bands,East,Bhubaneswar,Website,5,648.67,0.0,3243.34,3243.34,2546.29,UPI,Delivered,697.05,0.2149,2024-08,2024,Q3,1,0,0
ORD002849,2024-03-28,CUST00792,Beauty,Face Serum,West,Ahmedabad,Website,4,1486.76,0.15,5947.05,5054.99,4058.93,Cash on Delivery,Cancelled,996.06,0.197,2024-03,2024,Q1,0,0,1
ORD002850,2024-02-27,CUST01351,Sports,Dumbbells,North,Delhi,Website,3,4467.83,0.1,13403.48,12063.13,10024.12,Cash on Delivery,Delivered,2039.01,0.169,2024-02,2024,Q1,1,0,0
ORD002851,2024-05-14,CUST01068,Fashion,T-Shirt,South,Hyderabad,Website,3,3609.39,0.25,10828.18,8121.13,6541.76,Credit Card,Cancelled,1579.37,0.1945,2024-05,2024,Q2,0,0,1
ORD002852,2024-06-13,CUST00305,Beauty,Lip Balm,North,Jaipur,Website,1,2642.0,0.1,2642.0,2377.8,1673.97,Net Banking,Delivered,703.83,0.296,2024-06,2024,Q2,1,0,0
ORD002853,2025-01-07,CUST00028,Fashion,Running Shoes,East,Kolkata,Mobile App,2,4865.86,0.0,9731.71,9731.71,5703.69,Credit Card,Returned,4028.02,0.4139,2025-01,2025,Q1,0,1,0
ORD002854,2025-02-27,CUST01554,Beauty,Moisturizer,North,Chandigarh,Mobile App,2,1180.06,0.05,2360.13,2242.12,1326.1,Debit Card,Delivered,916.02,0.4086,2025-02,2025,Q1,1,0,0
ORD002855,2024-12-17,CUST00753,Electronics,Bluetooth Speaker,West,Pune,Mobile App,3,3599.5,0.0,10798.49,10798.49,8932.0,Cash on Delivery,Delivered,1866.49,0.1728,2024-12,2024,Q4,1,0,0
ORD002856,2025-06-24,CUST00736,Fashion,Sunglasses,East,Kolkata,Mobile App,3,3742.98,0.2,11228.93,8983.14,6781.98,Cash on Delivery,Pending,2201.16,0.245,2025-06,2025,Q2,0,0,0
ORD002857,2024-11-26,CUST00404,Electronics,Laptop Stand,West,Pune,Marketplace,4,7836.03,0.2,31344.12,25075.3,15137.51,Debit Card,Delivered,9937.79,0.3963,2024-11,2024,Q4,1,0,0
ORD002858,2024-10-18,CUST01002,Sports,Football,Central,Bhopal,Website,1,3005.69,0.05,3005.69,2855.4,2252.8,UPI,Delivered,602.6,0.211,2024-10,2024,Q4,1,0,0
ORD002859,2024-07-04,CUST01443,Electronics,Power Bank,West,Mumbai,Mobile App,2,7995.76,0.1,15991.51,14392.36,8367.67,Cash on Delivery,Delivered,6024.69,0.4186,2024-07,2024,Q3,1,0,0
ORD002860,2024-09-08,CUST00799,Home & Kitchen,Coffee Maker,East,Kolkata,Marketplace,4,3497.27,0.1,13989.08,12590.17,7805.4,UPI,Delivered,4784.77,0.38,2024-09,2024,Q3,1,0,0
ORD002861,2024-02-20,CUST00389,Home & Kitchen,Coffee Maker,South,Bengaluru,Marketplace,1,1345.5,0.0,1345.5,1345.5,738.6,Debit Card,Pending,606.9,0.4511,2024-02,2024,Q1,0,0,0
ORD002862,2024-07-26,CUST00034,Beauty,Shampoo,South,Bengaluru,Mobile App,3,947.12,0.15,2841.37,2415.16,1876.54,UPI,Delivered,538.62,0.223,2024-07,2024,Q3,1,0,0
ORD002863,2024-05-12,CUST00016,Fashion,T-Shirt,East,Patna,Website,5,1605.76,0.2,8028.8,6423.04,4092.12,Cash on Delivery,Delivered,2330.92,0.3629,2024-05,2024,Q2,1,0,0
ORD002864,2024-07-30,CUST01376,Fashion,Backpack,West,Ahmedabad,Website,1,4801.78,0.05,4801.78,4561.69,3664.93,Debit Card,Delivered,896.76,0.1966,2024-07,2024,Q3,1,0,0
ORD002865,2024-10-06,CUST00893,Fashion,Backpack,Central,Nagpur,Website,5,4391.57,0.0,21957.85,21957.85,11793.35,Debit Card,Delivered,10164.5,0.4629,2024-10,2024,Q4,1,0,0
ORD002866,2024-06-27,CUST01392,Fashion,Denim Jacket,East,Bhubaneswar,Mobile App,3,5400.94,0.0,16202.82,16202.82,12211.64,Debit Card,Delivered,3991.18,0.2463,2024-06,2024,Q2,1,0,0
ORD002867,2024-07-26,CUST01314,Home & Kitchen,Water Bottle,West,Pune,Website,4,2779.65,0.05,11118.6,10562.67,7263.14,UPI,Delivered,3299.53,0.3124,2024-07,2024,Q3,1,0,0
ORD002868,2024-12-17,CUST01568,Electronics,Smartwatch,North,Jaipur,Website,5,6798.94,0.0,33994.69,33994.69,25893.08,Credit Card,Delivered,8101.61,0.2383,2024-12,2024,Q4,1,0,0
ORD002869,2024-11-10,CUST00359,Electronics,Laptop Stand,South,Hyderabad,Mobile App,5,19042.57,0.1,95212.85,85691.56,56143.81,Debit Card,Pending,29547.75,0.3448,2024-11,2024,Q4,0,0,0
ORD002870,2024-02-01,CUST01280,Electronics,Laptop Stand,East,Kolkata,Marketplace,3,10537.7,0.0,31613.11,31613.11,21050.13,UPI,Returned,10562.98,0.3341,2024-02,2024,Q1,0,1,0
ORD002871,2024-08-11,CUST01272,Electronics,Bluetooth Speaker,North,Chandigarh,Mobile App,5,13527.62,0.1,67638.11,60874.3,43791.74,Net Banking,Delivered,17082.56,0.2806,2024-08,2024,Q3,1,0,0
ORD002872,2024-05-01,CUST01032,Home & Kitchen,Air Fryer,West,Pune,Mobile App,3,4599.47,0.1,13798.4,12418.56,7970.11,Debit Card,Delivered,4448.45,0.3582,2024-05,2024,Q2,1,0,0
ORD002873,2025-05-14,CUST00018,Electronics,Laptop Stand,Central,Bhopal,Marketplace,1,16409.91,0.25,16409.91,12307.43,8253.1,Debit Card,Delivered,4054.33,0.3294,2025-05,2025,Q2,1,0,0
ORD002874,2024-02-25,CUST00017,Fashion,Backpack,South,Bengaluru,Website,5,2766.95,0.0,13834.77,13834.77,10331.19,Credit Card,Delivered,3503.58,0.2532,2024-02,2024,Q1,1,0,0
ORD002875,2025-01-09,CUST01293,Sports,Yoga Mat,East,Patna,Mobile App,2,2484.32,0.2,4968.63,3974.91,2542.85,Debit Card,Delivered,1432.06,0.3603,2025-01,2025,Q1,1,0,0
ORD002876,2025-05-18,CUST01084,Electronics,Wireless Headphones,East,Kolkata,Website,1,15243.34,0.1,15243.34,13719.01,8303.96,Cash on Delivery,Delivered,5415.05,0.3947,2025-05,2025,Q2,1,0,0
ORD002877,2025-04-05,CUST01067,Fashion,Backpack,North,Delhi,Mobile App,3,2593.46,0.1,7780.38,7002.34,4627.94,Net Banking,Delivered,2374.4,0.3391,2025-04,2025,Q2,1,0,0
ORD002878,2024-03-06,CUST01034,Home & Kitchen,Air Fryer,West,Pune,Marketplace,3,9284.99,0.1,27854.96,25069.46,20775.66,Net Banking,Returned,4293.8,0.1713,2024-03,2024,Q1,0,1,0
ORD002879,2024-06-18,CUST01462,Home & Kitchen,Air Fryer,West,Mumbai,Mobile App,3,2827.04,0.25,8481.11,6360.83,5180.02,Cash on Delivery,Delivered,1180.81,0.1856,2024-06,2024,Q2,1,0,0
ORD002880,2024-03-19,CUST01337,Home & Kitchen,Storage Box,North,Chandigarh,Marketplace,3,1635.54,0.15,4906.61,4170.62,2394.53,Credit Card,Returned,1776.09,0.4259,2024-03,2024,Q1,0,1,0
ORD002881,2024-04-16,CUST00023,Home & Kitchen,Mixer Grinder,South,Hyderabad,Website,4,6748.93,0.2,26995.7,21596.56,12655.55,Net Banking,Delivered,8941.01,0.414,2024-04,2024,Q2,1,0,0
ORD002882,2025-01-29,CUST00567,Electronics,Smartwatch,South,Bengaluru,Website,2,21205.12,0.05,42410.24,40289.73,22566.83,Cash on Delivery,Pending,17722.9,0.4399,2025-01,2025,Q1,0,0,0
ORD002883,2024-10-23,CUST00048,Fashion,Denim Jacket,South,Hyderabad,Mobile App,2,1458.92,0.05,2917.84,2771.95,1974.49,Debit Card,Delivered,797.46,0.2877,2024-10,2024,Q4,1,0,0
ORD002884,2024-04-21,CUST00680,Beauty,Face Serum,Central,Nagpur,Marketplace,3,1181.84,0.0,3545.52,3545.52,2346.87,Debit Card,Delivered,1198.65,0.3381,2024-04,2024,Q2,1,0,0
ORD002885,2024-11-09,CUST01589,Electronics,Power Bank,Central,Nagpur,Mobile App,5,17692.92,0.1,88464.61,79618.15,55260.36,Debit Card,Delivered,24357.79,0.3059,2024-11,2024,Q4,1,0,0
ORD002886,2025-01-09,CUST00208,Beauty,Shampoo,South,Chennai,Marketplace,3,1360.88,0.1,4082.65,3674.39,2977.65,UPI,Delivered,696.74,0.1896,2025-01,2025,Q1,1,0,0
ORD002887,2024-11-10,CUST00380,Home & Kitchen,Coffee Maker,East,Kolkata,Website,5,9890.63,0.0,49453.13,49453.13,32691.3,Debit Card,Delivered,16761.83,0.3389,2024-11,2024,Q4,1,0,0
ORD002888,2024-12-02,CUST01415,Electronics,Laptop Stand,South,Bengaluru,Mobile App,1,15970.73,0.1,15970.73,14373.66,9281.35,Debit Card,Delivered,5092.31,0.3543,2024-12,2024,Q4,1,0,0
ORD002889,2024-11-21,CUST00003,Electronics,Power Bank,East,Patna,Mobile App,2,19280.93,0.2,38561.85,30849.48,21053.1,Net Banking,Delivered,9796.38,0.3176,2024-11,2024,Q4,1,0,0
ORD002890,2024-06-25,CUST00299,Home & Kitchen,Water Bottle,Central,Nagpur,Mobile App,5,9382.46,0.2,46912.29,37529.83,30000.57,Cash on Delivery,Delivered,7529.26,0.2006,2024-06,2024,Q2,1,0,0
ORD002891,2024-12-01,CUST00732,Sports,Cricket Bat,West,Mumbai,Marketplace,1,2051.77,0.1,2051.77,1846.6,1146.62,Credit Card,Pending,699.98,0.3791,2024-12,2024,Q4,0,0,0
ORD002892,2025-05-13,CUST00448,Electronics,Smartwatch,South,Bengaluru,Mobile App,4,15353.33,0.1,61413.32,55271.99,41123.31,Debit Card,Delivered,14148.68,0.256,2025-05,2025,Q2,1,0,0
ORD002893,2024-09-02,CUST01241,Beauty,Moisturizer,West,Pune,Mobile App,3,1082.9,0.1,3248.71,2923.84,2323.07,Cash on Delivery,Pending,600.77,0.2055,2024-09,2024,Q3,0,0,0
ORD002894,2025-02-11,CUST00044,Electronics,Power Bank,West,Pune,Mobile App,5,8780.24,0.0,43901.21,43901.21,29860.54,UPI,Delivered,14040.67,0.3198,2025-02,2025,Q1,1,0,0
ORD002895,2025-01-30,CUST00189,Home & Kitchen,Water Bottle,South,Chennai,Mobile App,2,6245.01,0.1,12490.03,11241.02,6827.64,Credit Card,Returned,4413.38,0.3926,2025-01,2025,Q1,0,1,0
ORD002896,2024-10-10,CUST01307,Fashion,Denim Jacket,South,Hyderabad,Mobile App,5,2637.87,0.05,13189.33,12529.87,9254.78,Debit Card,Delivered,3275.09,0.2614,2024-10,2024,Q4,1,0,0
ORD002897,2024-06-10,CUST00529,Electronics,Laptop Stand,East,Kolkata,Marketplace,3,20092.5,0.0,60277.51,60277.51,33534.53,Cash on Delivery,Delivered,26742.98,0.4437,2024-06,2024,Q2,1,0,0
ORD002898,2025-06-25,CUST00044,Sports,Resistance Bands,Central,Nagpur,Mobile App,1,6559.92,0.0,6559.92,6559.92,4241.67,Net Banking,Delivered,2318.25,0.3534,2025-06,2025,Q2,1,0,0
ORD002899,2024-04-14,CUST00506,Beauty,Sunscreen,East,Bhubaneswar,Mobile App,4,439.3,0.05,1757.2,1669.34,1364.46,UPI,Delivered,304.88,0.1826,2024-04,2024,Q2,1,0,0
ORD002900,2024-01-19,CUST00299,Fashion,Sunglasses,South,Bengaluru,Website,3,1087.59,0.0,3262.77,3262.77,1793.71,UPI,Delivered,1469.06,0.4502,2024-01,2024,Q1,1,0,0
ORD002901,2024-02-17,CUST00544,Home & Kitchen,Storage Box,North,Chandigarh,Website,4,8946.19,0.15,35784.76,30417.05,20431.03,Debit Card,Delivered,9986.02,0.3283,2024-02,2024,Q1,1,0,0
ORD002902,2025-05-16,CUST01415,Home & Kitchen,Water Bottle,South,Chennai,Website,3,2759.85,0.15,8279.55,7037.62,4966.05,Credit Card,Delivered,2071.57,0.2944,2025-05,2025,Q2,1,0,0
ORD002903,2025-04-03,CUST00078,Home & Kitchen,Mixer Grinder,West,Pune,Website,5,3592.34,0.0,17961.68,17961.68,11984.11,Cash on Delivery,Pending,5977.57,0.3328,2025-04,2025,Q2,0,0,0
ORD002904,2025-05-11,CUST00034,Home & Kitchen,Coffee Maker,West,Pune,Website,1,3629.61,0.25,3629.61,2722.21,1693.14,Cash on Delivery,Delivered,1029.07,0.378,2025-05,2025,Q2,1,0,0
ORD002905,2024-06-20,CUST00336,Beauty,Face Serum,West,Mumbai,Mobile App,3,378.28,0.05,1134.84,1078.1,801.04,Cash on Delivery,Delivered,277.06,0.257,2024-06,2024,Q2,1,0,0
ORD002906,2024-05-05,CUST00213,Fashion,T-Shirt,West,Mumbai,Website,5,587.87,0.05,2939.37,2792.4,2052.51,Debit Card,Delivered,739.89,0.265,2024-05,2024,Q2,1,0,0
ORD002907,2024-12-18,CUST00010,Fashion,Running Shoes,South,Bengaluru,Mobile App,3,4110.29,0.1,12330.86,11097.77,8202.87,Credit Card,Delivered,2894.9,0.2609,2024-12,2024,Q4,1,0,0
ORD002908,2024-05-22,CUST00177,Home & Kitchen,Mixer Grinder,South,Hyderabad,Website,2,2216.47,0.1,4432.94,3989.65,2483.29,Cash on Delivery,Pending,1506.36,0.3776,2024-05,2024,Q2,0,0,0
ORD002909,2024-01-19,CUST00811,Electronics,Smartwatch,North,Jaipur,Website,2,8444.86,0.2,16889.72,13511.78,7090.61,Cash on Delivery,Delivered,6421.17,0.4752,2024-01,2024,Q1,1,0,0
ORD002910,2024-09-04,CUST01109,Electronics,Smartwatch,South,Hyderabad,Mobile App,2,15825.02,0.25,31650.03,23737.52,12602.09,Credit Card,Delivered,11135.43,0.4691,2024-09,2024,Q3,1,0,0
ORD002911,2025-06-01,CUST01302,Home & Kitchen,Water Bottle,North,Chandigarh,Marketplace,2,1727.06,0.0,3454.12,3454.12,2291.67,UPI,Delivered,1162.45,0.3365,2025-06,2025,Q2,1,0,0
ORD002912,2024-12-13,CUST00190,Electronics,Laptop Stand,Central,Nagpur,Website,2,14019.65,0.2,28039.31,22431.45,17368.26,Net Banking,Returned,5063.19,0.2257,2024-12,2024,Q4,0,1,0
ORD002913,2025-04-14,CUST00379,Home & Kitchen,Air Fryer,West,Ahmedabad,Website,2,3717.79,0.1,7435.57,6692.02,4872.87,Cash on Delivery,Delivered,1819.15,0.2718,2025-04,2025,Q2,1,0,0
ORD002914,2024-09-06,CUST00618,Sports,Yoga Mat,South,Chennai,Website,4,6338.75,0.15,25355.02,21551.76,12990.62,Credit Card,Cancelled,8561.14,0.3972,2024-09,2024,Q3,0,0,1
ORD002915,2024-01-16,CUST01217,Fashion,Sunglasses,North,Jaipur,Mobile App,2,1556.73,0.0,3113.46,3113.46,2476.6,UPI,Delivered,636.86,0.2046,2024-01,2024,Q1,1,0,0
ORD002916,2025-02-25,CUST00802,Sports,Football,South,Hyderabad,Mobile App,1,6949.72,0.05,6949.72,6602.24,5267.99,Cash on Delivery,Delivered,1334.25,0.2021,2025-02,2025,Q1,1,0,0
ORD002917,2024-09-06,CUST00225,Home & Kitchen,Air Fryer,West,Pune,Website,1,1329.37,0.0,1329.37,1329.37,974.73,Credit Card,Delivered,354.64,0.2668,2024-09,2024,Q3,1,0,0
ORD002918,2025-06-29,CUST00493,Home & Kitchen,Water Bottle,South,Chennai,Website,3,6808.89,0.05,20426.67,19405.34,11821.34,Net Banking,Cancelled,7584.0,0.3908,2025-06,2025,Q2,0,0,1
ORD002919,2024-12-10,CUST00055,Fashion,Backpack,Central,Indore,Marketplace,5,951.49,0.1,4757.43,4281.69,3476.6,UPI,Delivered,805.09,0.188,2024-12,2024,Q4,1,0,0
ORD002920,2024-01-25,CUST00072,Home & Kitchen,Storage Box,North,Chandigarh,Mobile App,1,6788.32,0.1,6788.32,6109.49,5060.33,Credit Card,Delivered,1049.16,0.1717,2024-01,2024,Q1,1,0,0
ORD002921,2025-02-09,CUST00947,Fashion,Sunglasses,East,Bhubaneswar,Website,4,4575.5,0.1,18302.02,16471.82,12432.11,Credit Card,Cancelled,4039.71,0.2452,2025-02,2025,Q1,0,0,1
ORD002922,2025-06-25,CUST00566,Fashion,Denim Jacket,South,Hyderabad,Mobile App,5,1048.94,0.2,5244.7,4195.76,3084.47,Debit Card,Cancelled,1111.29,0.2649,2025-06,2025,Q2,0,0,1
ORD002923,2024-11-24,CUST00418,Home & Kitchen,Storage Box,West,Mumbai,Marketplace,5,8117.25,0.0,40586.23,40586.23,27406.25,UPI,Delivered,13179.98,0.3247,2024-11,2024,Q4,1,0,0
ORD002924,2025-06-14,CUST01472,Electronics,Smartwatch,Central,Indore,Marketplace,1,9974.27,0.2,9974.27,7979.41,5651.26,Net Banking,Delivered,2328.15,0.2918,2025-06,2025,Q2,1,0,0
ORD002925,2024-05-03,CUST00969,Home & Kitchen,Storage Box,South,Hyderabad,Marketplace,4,4541.35,0.15,18165.42,15440.6,12748.39,Net Banking,Delivered,2692.21,0.1744,2024-05,2024,Q2,1,0,0
ORD002926,2024-08-27,CUST00183,Electronics,Laptop Stand,North,Chandigarh,Website,5,7425.18,0.0,37125.9,37125.9,27951.44,Net Banking,Delivered,9174.46,0.2471,2024-08,2024,Q3,1,0,0
ORD002927,2024-08-28,CUST00413,Beauty,Shampoo,West,Ahmedabad,Mobile App,1,682.18,0.1,682.18,613.96,345.89,UPI,Cancelled,268.07,0.4366,2024-08,2024,Q3,0,0,1
ORD002928,2025-05-07,CUST01195,Home & Kitchen,Storage Box,West,Ahmedabad,Mobile App,5,8075.85,0.2,40379.27,32303.42,19822.07,Cash on Delivery,Delivered,12481.35,0.3864,2025-05,2025,Q2,1,0,0
ORD002929,2025-04-18,CUST01259,Electronics,Power Bank,North,Delhi,Website,3,11895.95,0.25,35687.85,26765.89,20009.44,Net Banking,Delivered,6756.45,0.2524,2025-04,2025,Q2,1,0,0
ORD002930,2024-06-01,CUST01515,Electronics,Power Bank,East,Kolkata,Marketplace,3,20305.15,0.2,60915.45,48732.36,36666.68,Net Banking,Delivered,12065.68,0.2476,2024-06,2024,Q2,1,0,0
ORD002931,2024-06-13,CUST01591,Sports,Resistance Bands,East,Patna,Website,3,2389.27,0.2,7167.82,5734.26,3327.29,Net Banking,Delivered,2406.97,0.4198,2024-06,2024,Q2,1,0,0
ORD002932,2024-01-31,CUST00964,Electronics,Bluetooth Speaker,East,Patna,Website,3,7695.57,0.25,23086.71,17315.03,10127.01,UPI,Returned,7188.02,0.4151,2024-01,2024,Q1,0,1,0
ORD002933,2025-03-12,CUST01049,Fashion,Sunglasses,North,Delhi,Website,2,365.54,0.2,731.07,584.86,351.57,UPI,Returned,233.29,0.3989,2025-03,2025,Q1,0,1,0
ORD002934,2024-04-03,CUST00262,Electronics,Smartwatch,West,Pune,Website,3,13742.49,0.05,41227.48,39166.11,23835.57,Credit Card,Delivered,15330.54,0.3914,2024-04,2024,Q2,1,0,0
ORD002935,2024-10-15,CUST00205,Fashion,T-Shirt,East,Patna,Marketplace,5,3054.41,0.0,15272.05,15272.05,10067.64,UPI,Returned,5204.41,0.3408,2024-10,2024,Q4,0,1,0
ORD002936,2024-12-18,CUST00382,Sports,Dumbbells,South,Bengaluru,Mobile App,1,1992.38,0.15,1992.38,1693.52,995.35,Cash on Delivery,Delivered,698.17,0.4123,2024-12,2024,Q4,1,0,0
ORD002937,2024-09-05,CUST00273,Home & Kitchen,Storage Box,East,Kolkata,Website,4,2597.87,0.15,10391.48,8832.76,5362.98,Net Banking,Delivered,3469.78,0.3928,2024-09,2024,Q3,1,0,0
ORD002938,2024-02-19,CUST01289,Fashion,Sunglasses,East,Patna,Mobile App,4,1914.34,0.2,7657.35,6125.88,3448.46,UPI,Cancelled,2677.42,0.4371,2024-02,2024,Q1,0,0,1
ORD002939,2024-07-09,CUST00034,Beauty,Face Serum,West,Pune,Mobile App,1,1462.93,0.05,1462.93,1389.78,790.8,Credit Card,Delivered,598.98,0.431,2024-07,2024,Q3,1,0,0
ORD002940,2024-02-15,CUST00740,Electronics,Power Bank,Central,Bhopal,Mobile App,3,3232.17,0.0,9696.52,9696.52,6622.19,UPI,Delivered,3074.33,0.3171,2024-02,2024,Q1,1,0,0
ORD002941,2024-11-10,CUST01017,Electronics,Bluetooth Speaker,South,Bengaluru,Mobile App,4,16952.65,0.0,67810.6,67810.6,36633.76,Credit Card,Pending,31176.84,0.4598,2024-11,2024,Q4,0,0,0
ORD002942,2025-06-11,CUST00952,Home & Kitchen,Storage Box,North,Chandigarh,Website,3,5393.74,0.0,16181.23,16181.23,10485.94,Credit Card,Delivered,5695.29,0.352,2025-06,2025,Q2,1,0,0
ORD002943,2024-12-15,CUST01436,Home & Kitchen,Storage Box,West,Ahmedabad,Website,3,4860.34,0.05,14581.03,13851.98,10457.56,UPI,Delivered,3394.42,0.245,2024-12,2024,Q4,1,0,0
ORD002944,2025-06-17,CUST00284,Sports,Yoga Mat,South,Chennai,Mobile App,4,550.26,0.2,2201.03,1760.83,1464.66,Cash on Delivery,Pending,296.17,0.1682,2025-06,2025,Q2,0,0,0
ORD002945,2024-04-12,CUST01565,Sports,Dumbbells,North,Chandigarh,Mobile App,2,846.52,0.0,1693.04,1693.04,1171.56,Debit Card,Cancelled,521.48,0.308,2024-04,2024,Q2,0,0,1
ORD002946,2024-08-31,CUST00883,Beauty,Lip Balm,North,Chandigarh,Mobile App,5,2043.18,0.05,10215.88,9705.09,5571.92,UPI,Delivered,4133.17,0.4259,2024-08,2024,Q3,1,0,0
ORD002947,2024-01-19,CUST00494,Electronics,Wireless Headphones,West,Pune,Mobile App,5,4437.38,0.2,22186.92,17749.53,14256.06,Cash on Delivery,Delivered,3493.47,0.1968,2024-01,2024,Q1,1,0,0
ORD002948,2025-04-07,CUST00551,Home & Kitchen,Storage Box,Central,Nagpur,Mobile App,1,8129.15,0.25,8129.15,6096.87,3398.68,Net Banking,Delivered,2698.19,0.4426,2025-04,2025,Q2,1,0,0
ORD002949,2024-12-04,CUST01343,Sports,Cricket Bat,East,Kolkata,Mobile App,3,3517.41,0.05,10552.23,10024.62,7822.86,Net Banking,Cancelled,2201.76,0.2196,2024-12,2024,Q4,0,0,1
ORD002950,2025-05-17,CUST00075,Electronics,Bluetooth Speaker,North,Delhi,Mobile App,1,10281.12,0.1,10281.12,9253.01,5068.92,UPI,Delivered,4184.09,0.4522,2025-05,2025,Q2,1,0,0
ORD002951,2024-02-02,CUST00403,Sports,Dumbbells,West,Mumbai,Marketplace,2,6933.45,0.05,13866.89,13173.55,9052.59,Net Banking,Cancelled,4120.96,0.3128,2024-02,2024,Q1,0,0,1
ORD002952,2024-07-07,CUST00485,Beauty,Shampoo,South,Chennai,Mobile App,5,2731.01,0.2,13655.07,10924.06,6997.39,Debit Card,Cancelled,3926.67,0.3595,2024-07,2024,Q3,0,0,1
ORD002953,2024-07-03,CUST00894,Fashion,T-Shirt,Central,Indore,Marketplace,5,1804.53,0.15,9022.64,7669.24,5729.52,UPI,Delivered,1939.72,0.2529,2024-07,2024,Q3,1,0,0
ORD002954,2024-11-20,CUST01566,Fashion,T-Shirt,East,Bhubaneswar,Website,3,1272.79,0.1,3818.37,3436.53,2654.64,Net Banking,Delivered,781.89,0.2275,2024-11,2024,Q4,1,0,0
ORD002955,2024-12-11,CUST00837,Electronics,Laptop Stand,Central,Indore,Mobile App,4,12802.65,0.1,51210.59,46089.53,29773.67,Credit Card,Delivered,16315.86,0.354,2024-12,2024,Q4,1,0,0
ORD002956,2024-04-30,CUST00056,Electronics,Wireless Headphones,West,Pune,Marketplace,1,9310.84,0.0,9310.84,9310.84,7500.47,Debit Card,Delivered,1810.37,0.1944,2024-04,2024,Q2,1,0,0
ORD002957,2024-09-27,CUST00348,Electronics,Laptop Stand,North,Chandigarh,Website,4,2463.21,0.05,9852.82,9360.18,6860.47,Net Banking,Delivered,2499.71,0.2671,2024-09,2024,Q3,1,0,0
ORD002958,2024-03-06,CUST00195,Fashion,Denim Jacket,West,Ahmedabad,Mobile App,3,2896.99,0.1,8690.97,7821.87,5754.6,Debit Card,Pending,2067.27,0.2643,2024-03,2024,Q1,0,0,0
ORD002959,2024-08-19,CUST00531,Electronics,Wireless Headphones,West,Pune,Marketplace,2,14449.48,0.15,28898.95,24564.11,16622.68,Debit Card,Delivered,7941.43,0.3233,2024-08,2024,Q3,1,0,0
ORD002960,2024-06-04,CUST01518,Electronics,Smartwatch,West,Ahmedabad,Website,3,10857.53,0.1,32572.6,29315.34,20159.74,Debit Card,Returned,9155.6,0.3123,2024-06,2024,Q2,0,1,0
ORD002961,2024-02-15,CUST00838,Sports,Cricket Bat,North,Delhi,Website,4,5057.46,0.0,20229.84,20229.84,12035.93,Net Banking,Delivered,8193.91,0.405,2024-02,2024,Q1,1,0,0
ORD002962,2024-07-31,CUST01430,Beauty,Moisturizer,Central,Bhopal,Marketplace,2,1175.75,0.0,2351.51,2351.51,1405.25,Debit Card,Returned,946.26,0.4024,2024-07,2024,Q3,0,1,0
ORD002963,2024-02-23,CUST01561,Fashion,Backpack,South,Chennai,Mobile App,2,3222.1,0.1,6444.19,5799.77,3765.91,UPI,Returned,2033.86,0.3507,2024-02,2024,Q1,0,1,0
ORD002964,2025-02-27,CUST00206,Sports,Resistance Bands,Central,Nagpur,Mobile App,5,1649.68,0.05,8248.38,7835.96,6172.44,Debit Card,Delivered,1663.52,0.2123,2025-02,2025,Q1,1,0,0
ORD002965,2024-09-30,CUST00798,Home & Kitchen,Coffee Maker,West,Pune,Marketplace,3,5390.87,0.15,16172.6,13746.71,10834.66,Debit Card,Delivered,2912.05,0.2118,2024-09,2024,Q3,1,0,0
ORD002966,2024-02-13,CUST00427,Electronics,Laptop Stand,West,Ahmedabad,Website,1,19182.84,0.0,19182.84,19182.84,10750.54,Net Banking,Delivered,8432.3,0.4396,2024-02,2024,Q1,1,0,0
ORD002967,2024-01-10,CUST01191,Fashion,T-Shirt,Central,Nagpur,Mobile App,3,3770.75,0.1,11312.25,10181.03,6439.9,Cash on Delivery,Delivered,3741.13,0.3675,2024-01,2024,Q1,1,0,0
ORD002968,2024-07-29,CUST01546,Beauty,Sunscreen,Central,Nagpur,Website,5,1918.26,0.0,9591.31,9591.31,5002.06,Net Banking,Returned,4589.25,0.4785,2024-07,2024,Q3,0,1,0
ORD002969,2024-01-09,CUST00910,Fashion,Denim Jacket,South,Bengaluru,Mobile App,4,3733.49,0.1,14933.94,13440.55,8532.34,Credit Card,Delivered,4908.21,0.3652,2024-01,2024,Q1,1,0,0
ORD002970,2025-02-17,CUST00229,Fashion,Denim Jacket,West,Ahmedabad,Website,3,1077.79,0.0,3233.38,3233.38,1809.35,Credit Card,Delivered,1424.03,0.4404,2025-02,2025,Q1,1,0,0
ORD002971,2024-03-16,CUST01352,Fashion,Backpack,North,Chandigarh,Website,1,5173.2,0.25,5173.2,3879.9,2970.75,Debit Card,Delivered,909.15,0.2343,2024-03,2024,Q1,1,0,0
ORD002972,2024-08-27,CUST00660,Fashion,T-Shirt,South,Chennai,Mobile App,2,3558.98,0.15,7117.96,6050.26,3543.52,Net Banking,Delivered,2506.74,0.4143,2024-08,2024,Q3,1,0,0
ORD002973,2024-08-01,CUST01074,Home & Kitchen,Water Bottle,North,Delhi,Marketplace,1,1189.35,0.1,1189.35,1070.41,694.46,UPI,Cancelled,375.95,0.3512,2024-08,2024,Q3,0,0,1
ORD002974,2025-05-06,CUST01096,Fashion,Running Shoes,South,Bengaluru,Mobile App,3,5059.38,0.15,15178.15,12901.43,10796.1,Net Banking,Delivered,2105.33,0.1632,2025-05,2025,Q2,1,0,0
ORD002975,2025-02-28,CUST01554,Electronics,Bluetooth Speaker,East,Patna,Website,5,14090.99,0.0,70454.95,70454.95,56158.16,Cash on Delivery,Delivered,14296.79,0.2029,2025-02,2025,Q1,1,0,0
ORD002976,2024-01-14,CUST01273,Beauty,Lip Balm,West,Pune,Mobile App,2,2423.98,0.15,4847.97,4120.77,2524.0,Debit Card,Delivered,1596.77,0.3875,2024-01,2024,Q1,1,0,0
ORD002977,2024-07-03,CUST00027,Fashion,T-Shirt,Central,Bhopal,Website,2,3367.07,0.05,6734.14,6397.43,4132.53,Credit Card,Delivered,2264.9,0.354,2024-07,2024,Q3,1,0,0
ORD002978,2024-08-07,CUST01022,Beauty,Face Serum,South,Hyderabad,Marketplace,4,2569.01,0.1,10276.04,9248.44,6495.94,Cash on Delivery,Delivered,2752.5,0.2976,2024-08,2024,Q3,1,0,0
ORD002979,2025-05-02,CUST00518,Fashion,Sunglasses,East,Bhubaneswar,Website,2,1592.09,0.1,3184.18,2865.76,2274.66,UPI,Delivered,591.1,0.2063,2025-05,2025,Q2,1,0,0
ORD002980,2024-03-09,CUST01545,Electronics,Laptop Stand,South,Chennai,Mobile App,4,19085.41,0.15,76341.64,64890.4,53586.9,UPI,Delivered,11303.5,0.1742,2024-03,2024,Q1,1,0,0
ORD002981,2024-10-10,CUST00749,Sports,Football,West,Mumbai,Website,1,2187.32,0.0,2187.32,2187.32,1363.37,Debit Card,Delivered,823.95,0.3767,2024-10,2024,Q4,1,0,0
ORD002982,2024-11-23,CUST00313,Fashion,Backpack,West,Pune,Mobile App,5,3453.72,0.2,17268.61,13814.89,7566.14,Net Banking,Returned,6248.75,0.4523,2024-11,2024,Q4,0,1,0
ORD002983,2025-06-11,CUST00235,Electronics,Smartwatch,West,Pune,Website,3,4969.98,0.1,14909.95,13418.95,11257.17,Credit Card,Delivered,2161.78,0.1611,2025-06,2025,Q2,1,0,0
ORD002984,2024-07-01,CUST00381,Electronics,Wireless Headphones,East,Kolkata,Mobile App,3,20617.67,0.0,61853.02,61853.02,48575.95,Net Banking,Returned,13277.07,0.2147,2024-07,2024,Q3,0,1,0
ORD002985,2025-01-05,CUST01158,Beauty,Face Serum,Central,Nagpur,Website,5,1576.85,0.2,7884.23,6307.38,3457.33,Net Banking,Returned,2850.05,0.4519,2025-01,2025,Q1,0,1,0
ORD002986,2024-12-11,CUST00082,Beauty,Face Serum,North,Delhi,Website,4,2537.33,0.0,10149.3,10149.3,7587.32,Credit Card,Delivered,2561.98,0.2524,2024-12,2024,Q4,1,0,0
ORD002987,2024-05-22,CUST00599,Electronics,Bluetooth Speaker,North,Chandigarh,Mobile App,4,21240.67,0.15,84962.68,72218.28,48199.36,UPI,Delivered,24018.92,0.3326,2024-05,2024,Q2,1,0,0
ORD002988,2024-05-19,CUST01208,Sports,Dumbbells,North,Delhi,Website,1,2418.27,0.0,2418.27,2418.27,1402.17,UPI,Returned,1016.1,0.4202,2024-05,2024,Q2,0,1,0
ORD002989,2024-06-01,CUST00045,Fashion,Sunglasses,North,Chandigarh,Mobile App,1,454.06,0.15,454.06,385.95,278.97,Cash on Delivery,Delivered,106.98,0.2772,2024-06,2024,Q2,1,0,0
ORD002990,2025-04-04,CUST00879,Home & Kitchen,Air Fryer,Central,Nagpur,Website,3,5468.06,0.0,16404.19,16404.19,9958.7,UPI,Delivered,6445.49,0.3929,2025-04,2025,Q2,1,0,0
ORD002991,2024-09-23,CUST00092,Electronics,Bluetooth Speaker,West,Ahmedabad,Mobile App,1,2270.06,0.1,2270.06,2043.05,1114.75,Debit Card,Delivered,928.3,0.4544,2024-09,2024,Q3,1,0,0
ORD002992,2024-12-28,CUST00319,Electronics,Laptop Stand,West,Mumbai,Marketplace,5,21323.64,0.2,106618.18,85294.54,60015.68,Credit Card,Delivered,25278.86,0.2964,2024-12,2024,Q4,1,0,0
ORD002993,2024-12-15,CUST01530,Electronics,Bluetooth Speaker,North,Chandigarh,Marketplace,1,20685.43,0.25,20685.43,15514.08,10490.94,Net Banking,Delivered,5023.14,0.3238,2024-12,2024,Q4,1,0,0
ORD002994,2025-03-18,CUST00701,Electronics,Smartwatch,South,Chennai,Website,5,12331.63,0.0,61658.17,61658.17,50812.19,Net Banking,Returned,10845.98,0.1759,2025-03,2025,Q1,0,1,0
ORD002995,2025-05-25,CUST00536,Fashion,Running Shoes,West,Mumbai,Website,1,467.72,0.1,467.72,420.95,348.2,Net Banking,Delivered,72.75,0.1728,2025-05,2025,Q2,1,0,0
ORD002996,2024-06-29,CUST01349,Electronics,Laptop Stand,East,Patna,Mobile App,4,14569.57,0.1,58278.28,52450.46,35343.89,Credit Card,Delivered,17106.57,0.3261,2024-06,2024,Q2,1,0,0
ORD002997,2024-07-29,CUST00196,Electronics,Smartwatch,North,Delhi,Mobile App,4,12698.88,0.0,50795.51,50795.51,28477.26,Credit Card,Delivered,22318.25,0.4394,2024-07,2024,Q3,1,0,0
ORD002998,2024-10-22,CUST00164,Fashion,Denim Jacket,North,Chandigarh,Mobile App,5,4782.58,0.15,23912.9,20325.97,16289.43,Cash on Delivery,Returned,4036.54,0.1986,2024-10,2024,Q4,0,1,0
ORD002999,2025-03-27,CUST00666,Beauty,Shampoo,West,Ahmedabad,Mobile App,5,581.82,0.1,2909.12,2618.21,1665.5,Debit Card,Delivered,952.71,0.3639,2025-03,2025,Q1,1,0,0
ORD003000,2024-01-25,CUST00203,Electronics,Laptop Stand,West,Ahmedabad,Mobile App,2,16474.66,0.25,32949.32,24711.99,15022.98,Debit Card,Delivered,9689.01,0.3921,2024-01,2024,Q1,1,0,0
ORD003001,2024-03-05,CUST01477,Electronics,Laptop Stand,South,Hyderabad,Mobile App,1,4165.21,0.05,4165.21,3956.95,2639.32,UPI,Delivered,1317.63,0.333,2024-03,2024,Q1,1,0,0
ORD003002,2025-05-04,CUST01084,Fashion,Backpack,East,Patna,Website,4,3567.9,0.15,14271.58,12130.84,8577.25,Cash on Delivery,Delivered,3553.59,0.2929,2025-05,2025,Q2,1,0,0
ORD003003,2024-10-30,CUST01133,Home & Kitchen,Storage Box,West,Mumbai,Mobile App,5,8646.91,0.05,43234.55,41072.82,29260.01,Credit Card,Delivered,11812.81,0.2876,2024-10,2024,Q4,1,0,0
ORD003004,2024-05-05,CUST01047,Electronics,Laptop Stand,Central,Indore,Website,3,21238.76,0.05,63716.28,60530.46,42449.62,UPI,Delivered,18080.84,0.2987,2024-05,2024,Q2,1,0,0
ORD003005,2024-12-10,CUST00284,Fashion,Sunglasses,West,Pune,Website,4,547.25,0.0,2188.99,2188.99,1196.43,UPI,Delivered,992.56,0.4534,2024-12,2024,Q4,1,0,0
ORD003006,2024-05-18,CUST00037,Home & Kitchen,Mixer Grinder,East,Bhubaneswar,Marketplace,4,758.71,0.2,3034.82,2427.86,1307.86,Net Banking,Returned,1120.0,0.4613,2024-05,2024,Q2,0,1,0
ORD003007,2025-04-26,CUST00567,Fashion,Sunglasses,North,Jaipur,Website,3,516.18,0.2,1548.55,1238.84,686.47,Debit Card,Delivered,552.37,0.4459,2025-04,2025,Q2,1,0,0
ORD003008,2024-02-26,CUST01085,Electronics,Laptop Stand,East,Kolkata,Mobile App,1,1702.49,0.1,1702.49,1532.24,1084.41,Credit Card,Delivered,447.83,0.2923,2024-02,2024,Q1,1,0,0
ORD003009,2024-03-23,CUST00245,Sports,Resistance Bands,West,Mumbai,Mobile App,5,4638.29,0.0,23191.46,23191.46,12147.75,Debit Card,Delivered,11043.71,0.4762,2024-03,2024,Q1,1,0,0
ORD003010,2024-01-14,CUST00905,Fashion,Denim Jacket,East,Patna,Website,2,3325.07,0.1,6650.13,5985.12,4601.21,Credit Card,Delivered,1383.91,0.2312,2024-01,2024,Q1,1,0,0
ORD003011,2025-02-18,CUST01072,Sports,Dumbbells,East,Patna,Marketplace,3,2132.73,0.25,6398.19,4798.64,2892.13,UPI,Delivered,1906.51,0.3973,2025-02,2025,Q1,1,0,0
ORD003012,2024-06-06,CUST01246,Electronics,Smartwatch,North,Chandigarh,Website,5,5954.64,0.0,29773.19,29773.19,19069.3,UPI,Delivered,10703.89,0.3595,2024-06,2024,Q2,1,0,0
ORD003013,2025-02-23,CUST00317,Fashion,Running Shoes,South,Chennai,Mobile App,4,4234.3,0.05,16937.19,16090.33,10147.25,UPI,Delivered,5943.08,0.3694,2025-02,2025,Q1,1,0,0
ORD003014,2025-04-03,CUST00338,Electronics,Bluetooth Speaker,East,Patna,Website,2,5198.11,0.2,10396.21,8316.97,4712.83,Debit Card,Delivered,3604.14,0.4333,2025-04,2025,Q2,1,0,0
ORD003015,2024-04-12,CUST01438,Home & Kitchen,Coffee Maker,East,Bhubaneswar,Mobile App,4,7432.61,0.2,29730.42,23784.34,13322.98,UPI,Delivered,10461.36,0.4398,2024-04,2024,Q2,1,0,0
ORD003016,2024-02-11,CUST00287,Fashion,Backpack,West,Ahmedabad,Mobile App,3,3745.7,0.05,11237.1,10675.24,6079.6,Credit Card,Delivered,4595.64,0.4305,2024-02,2024,Q1,1,0,0
ORD003017,2024-06-21,CUST00094,Electronics,Smartwatch,South,Chennai,Website,2,20551.46,0.0,41102.93,41102.93,27410.05,Cash on Delivery,Returned,13692.88,0.3331,2024-06,2024,Q2,0,1,0
ORD003018,2024-06-04,CUST00473,Electronics,Smartwatch,West,Ahmedabad,Mobile App,4,15568.97,0.05,62275.88,59162.09,41285.52,Debit Card,Delivered,17876.57,0.3022,2024-06,2024,Q2,1,0,0
ORD003019,2024-12-25,CUST01091,Fashion,Denim Jacket,North,Delhi,Website,4,708.26,0.1,2833.04,2549.73,1326.82,Debit Card,Delivered,1222.91,0.4796,2024-12,2024,Q4,1,0,0
ORD003020,2024-09-26,CUST01506,Electronics,Wireless Headphones,West,Pune,Mobile App,4,14753.02,0.1,59012.07,53110.87,32257.93,Cash on Delivery,Delivered,20852.94,0.3926,2024-09,2024,Q3,1,0,0
ORD003021,2024-12-21,CUST01442,Home & Kitchen,Storage Box,West,Pune,Marketplace,5,3832.73,0.1,19163.65,17247.28,13768.34,Debit Card,Pending,3478.94,0.2017,2024-12,2024,Q4,0,0,0
ORD003022,2024-07-14,CUST00250,Home & Kitchen,Mixer Grinder,North,Delhi,Website,2,9938.51,0.15,19877.01,16895.46,9347.57,UPI,Delivered,7547.89,0.4467,2024-07,2024,Q3,1,0,0
ORD003023,2024-05-25,CUST00427,Home & Kitchen,Coffee Maker,East,Kolkata,Marketplace,2,3605.4,0.05,7210.8,6850.26,3587.4,UPI,Delivered,3262.86,0.4763,2024-05,2024,Q2,1,0,0
ORD003024,2024-11-06,CUST00750,Fashion,Denim Jacket,North,Chandigarh,Mobile App,4,884.21,0.1,3536.82,3183.14,2471.13,Debit Card,Delivered,712.01,0.2237,2024-11,2024,Q4,1,0,0
ORD003025,2025-01-25,CUST00100,Electronics,Smartwatch,South,Chennai,Mobile App,1,1742.72,0.1,1742.72,1568.45,1031.05,Credit Card,Delivered,537.4,0.3426,2025-01,2025,Q1,1,0,0
ORD003026,2024-04-01,CUST00108,Electronics,Wireless Headphones,West,Pune,Mobile App,4,16118.64,0.0,64474.58,64474.58,48029.75,Debit Card,Delivered,16444.83,0.2551,2024-04,2024,Q2,1,0,0
ORD003027,2025-03-27,CUST00365,Home & Kitchen,Water Bottle,East,Bhubaneswar,Website,4,6490.28,0.05,25961.1,24663.05,16499.03,Debit Card,Delivered,8164.02,0.331,2025-03,2025,Q1,1,0,0
ORD003028,2024-04-25,CUST01410,Fashion,Sunglasses,West,Mumbai,Mobile App,4,5419.52,0.15,21678.07,18426.36,12080.9,Credit Card,Delivered,6345.46,0.3444,2024-04,2024,Q2,1,0,0
ORD003029,2025-01-26,CUST00330,Fashion,Sunglasses,West,Pune,Website,1,2719.85,0.15,2719.85,2311.87,1811.04,Net Banking,Delivered,500.83,0.2166,2025-01,2025,Q1,1,0,0
ORD003030,2025-02-20,CUST01001,Fashion,T-Shirt,North,Delhi,Website,1,4074.82,0.1,4074.82,3667.33,2462.97,Credit Card,Delivered,1204.36,0.3284,2025-02,2025,Q1,1,0,0
ORD003031,2025-03-19,CUST00559,Home & Kitchen,Mixer Grinder,East,Patna,Website,2,5989.79,0.05,11979.57,11380.59,6522.6,Credit Card,Delivered,4857.99,0.4269,2025-03,2025,Q1,1,0,0
ORD003032,2024-05-16,CUST00151,Fashion,Sunglasses,Central,Bhopal,Mobile App,5,3489.15,0.15,17445.73,14828.87,11389.89,Net Banking,Pending,3438.98,0.2319,2024-05,2024,Q2,0,0,0
ORD003033,2024-11-22,CUST01536,Beauty,Lip Balm,North,Delhi,Website,2,2267.63,0.15,4535.26,3854.97,2185.73,Net Banking,Delivered,1669.24,0.433,2024-11,2024,Q4,1,0,0
ORD003034,2024-04-03,CUST01480,Home & Kitchen,Mixer Grinder,South,Chennai,Marketplace,4,9213.61,0.05,36854.44,35011.72,21333.89,Net Banking,Pending,13677.83,0.3907,2024-04,2024,Q2,0,0,0
ORD003035,2024-08-22,CUST00705,Fashion,Denim Jacket,South,Bengaluru,Website,2,982.57,0.15,1965.13,1670.36,1170.78,Net Banking,Delivered,499.58,0.2991,2024-08,2024,Q3,1,0,0
ORD003036,2024-05-10,CUST01020,Home & Kitchen,Storage Box,West,Pune,Mobile App,2,3901.89,0.0,7803.77,7803.77,6207.25,Credit Card,Delivered,1596.52,0.2046,2024-05,2024,Q2,1,0,0
ORD003037,2024-10-29,CUST00008,Electronics,Laptop Stand,East,Patna,Mobile App,1,21110.38,0.15,21110.38,17943.82,10986.84,UPI,Delivered,6956.98,0.3877,2024-10,2024,Q4,1,0,0
ORD003038,2025-03-02,CUST01572,Fashion,Backpack,Central,Bhopal,Website,1,1647.52,0.1,1647.52,1482.77,796.99,Credit Card,Delivered,685.78,0.4625,2025-03,2025,Q1,1,0,0
ORD003039,2024-04-26,CUST00520,Fashion,Denim Jacket,North,Chandigarh,Marketplace,5,3728.95,0.0,18644.73,18644.73,12542.14,UPI,Delivered,6102.59,0.3273,2024-04,2024,Q2,1,0,0
ORD003040,2024-06-07,CUST01157,Sports,Football,East,Bhubaneswar,Marketplace,3,4146.75,0.1,12440.26,11196.23,7415.34,Debit Card,Delivered,3780.89,0.3377,2024-06,2024,Q2,1,0,0
ORD003041,2024-09-23,CUST01501,Beauty,Shampoo,North,Jaipur,Mobile App,2,2452.7,0.0,4905.41,4905.41,2602.92,Credit Card,Delivered,2302.49,0.4694,2024-09,2024,Q3,1,0,0
ORD003042,2025-03-12,CUST01448,Home & Kitchen,Coffee Maker,West,Pune,Marketplace,4,7239.1,0.05,28956.4,27508.58,17282.77,Debit Card,Pending,10225.81,0.3717,2025-03,2025,Q1,0,0,0
ORD003043,2024-01-22,CUST01088,Sports,Resistance Bands,North,Jaipur,Mobile App,5,1279.16,0.05,6395.79,6076.0,3351.61,Debit Card,Delivered,2724.39,0.4484,2024-01,2024,Q1,1,0,0
ORD003044,2025-04-11,CUST00391,Electronics,Bluetooth Speaker,North,Delhi,Mobile App,3,7092.3,0.1,21276.89,19149.2,15560.37,Net Banking,Cancelled,3588.83,0.1874,2025-04,2025,Q2,0,0,1
ORD003045,2025-01-07,CUST00070,Fashion,Sunglasses,South,Bengaluru,Website,4,5189.71,0.15,20758.85,17645.02,13791.6,Debit Card,Pending,3853.42,0.2184,2025-01,2025,Q1,0,0,0
ORD003046,2024-10-23,CUST00212,Fashion,Denim Jacket,West,Mumbai,Mobile App,3,1582.24,0.15,4746.73,4034.72,2284.57,Debit Card,Delivered,1750.15,0.4338,2024-10,2024,Q4,1,0,0
ORD003047,2024-03-08,CUST00174,Sports,Yoga Mat,North,Chandigarh,Mobile App,4,6089.15,0.1,24356.6,21920.94,13531.7,Debit Card,Returned,8389.24,0.3827,2024-03,2024,Q1,0,1,0
ORD003048,2024-04-29,CUST01053,Home & Kitchen,Mixer Grinder,Central,Indore,Website,4,1935.35,0.0,7741.41,7741.41,6492.54,Net Banking,Cancelled,1248.87,0.1613,2024-04,2024,Q2,0,0,1
ORD003049,2025-03-06,CUST01462,Sports,Cricket Bat,South,Bengaluru,Marketplace,2,5109.52,0.15,10219.04,8686.18,5028.38,Net Banking,Delivered,3657.8,0.4211,2025-03,2025,Q1,1,0,0
ORD003050,2024-08-03,CUST00453,Home & Kitchen,Storage Box,East,Kolkata,Marketplace,5,4430.37,0.1,22151.85,19936.66,15250.01,Net Banking,Delivered,4686.65,0.2351,2024-08,2024,Q3,1,0,0
ORD003051,2024-12-12,CUST01251,Home & Kitchen,Air Fryer,West,Ahmedabad,Mobile App,1,8352.31,0.2,8352.31,6681.85,5195.04,Net Banking,Delivered,1486.81,0.2225,2024-12,2024,Q4,1,0,0
ORD003052,2024-12-06,CUST00766,Electronics,Smartwatch,West,Mumbai,Mobile App,1,6274.86,0.05,6274.86,5961.12,3984.76,Net Banking,Delivered,1976.36,0.3315,2024-12,2024,Q4,1,0,0
ORD003053,2024-05-26,CUST00749,Electronics,Power Bank,West,Mumbai,Marketplace,4,11934.17,0.1,47736.69,42963.02,30964.32,Cash on Delivery,Delivered,11998.7,0.2793,2024-05,2024,Q2,1,0,0
ORD003054,2025-01-19,CUST01126,Sports,Football,North,Chandigarh,Mobile App,4,2216.19,0.05,8864.75,8421.51,6292.93,Debit Card,Returned,2128.58,0.2528,2025-01,2025,Q1,0,1,0
ORD003055,2025-01-01,CUST00256,Sports,Football,North,Delhi,Website,5,2056.05,0.05,10280.25,9766.24,6320.72,Cash on Delivery,Pending,3445.52,0.3528,2025-01,2025,Q1,0,0,0
ORD003056,2024-02-16,CUST01485,Electronics,Laptop Stand,Central,Bhopal,Marketplace,1,12475.28,0.0,12475.28,12475.28,8823.55,Cash on Delivery,Delivered,3651.73,0.2927,2024-02,2024,Q1,1,0,0
ORD003057,2024-03-04,CUST00694,Electronics,Laptop Stand,South,Bengaluru,Website,4,17246.56,0.15,68986.23,58638.3,33187.36,Cash on Delivery,Delivered,25450.94,0.434,2024-03,2024,Q1,1,0,0
ORD003058,2025-03-18,CUST00804,Electronics,Wireless Headphones,West,Mumbai,Website,3,5569.79,0.0,16709.37,16709.37,12778.5,UPI,Delivered,3930.87,0.2352,2025-03,2025,Q1,1,0,0
ORD003059,2024-05-08,CUST00723,Home & Kitchen,Water Bottle,North,Delhi,Marketplace,1,1187.19,0.05,1187.19,1127.83,590.02,UPI,Delivered,537.81,0.4769,2024-05,2024,Q2,1,0,0
ORD003060,2024-08-20,CUST00142,Fashion,T-Shirt,North,Jaipur,Mobile App,2,3385.14,0.0,6770.28,6770.28,4328.69,UPI,Delivered,2441.59,0.3606,2024-08,2024,Q3,1,0,0
ORD003061,2025-02-08,CUST01310,Electronics,Wireless Headphones,South,Chennai,Website,5,18732.38,0.05,93661.92,88978.82,57700.43,Debit Card,Delivered,31278.39,0.3515,2025-02,2025,Q1,1,0,0
ORD003062,2024-07-14,CUST00484,Electronics,Bluetooth Speaker,Central,Indore,Website,2,7285.15,0.0,14570.3,14570.3,7978.32,UPI,Cancelled,6591.98,0.4524,2024-07,2024,Q3,0,0,1
ORD003063,2024-11-28,CUST00608,Home & Kitchen,Water Bottle,West,Mumbai,Mobile App,3,706.55,0.1,2119.66,1907.69,1410.66,Cash on Delivery,Delivered,497.03,0.2605,2024-11,2024,Q4,1,0,0
ORD003064,2025-05-05,CUST00425,Fashion,Running Shoes,East,Patna,Mobile App,4,1350.06,0.15,5400.24,4590.21,3388.77,UPI,Delivered,1201.44,0.2617,2025-05,2025,Q2,1,0,0
ORD003065,2024-04-26,CUST01538,Electronics,Bluetooth Speaker,East,Kolkata,Mobile App,1,4206.28,0.2,4206.28,3365.03,1766.37,Net Banking,Delivered,1598.66,0.4751,2024-04,2024,Q2,1,0,0
ORD003066,2024-07-31,CUST01565,Home & Kitchen,Air Fryer,North,Chandigarh,Mobile App,1,626.03,0.1,626.03,563.42,402.85,Debit Card,Delivered,160.57,0.285,2024-07,2024,Q3,1,0,0
ORD003067,2024-12-17,CUST00504,Beauty,Face Serum,North,Jaipur,Marketplace,2,855.5,0.1,1710.99,1539.89,900.65,Debit Card,Delivered,639.24,0.4151,2024-12,2024,Q4,1,0,0
ORD003068,2024-07-10,CUST00299,Electronics,Wireless Headphones,South,Chennai,Mobile App,1,13852.56,0.05,13852.56,13159.93,9750.68,UPI,Delivered,3409.25,0.2591,2024-07,2024,Q3,1,0,0
ORD003069,2024-03-06,CUST01065,Sports,Football,Central,Indore,Website,3,680.68,0.0,2042.04,2042.04,1103.07,Cash on Delivery,Delivered,938.97,0.4598,2024-03,2024,Q1,1,0,0
ORD003070,2024-11-06,CUST01148,Beauty,Sunscreen,West,Pune,Website,4,941.94,0.1,3767.75,3390.98,2702.29,Net Banking,Delivered,688.69,0.2031,2024-11,2024,Q4,1,0,0
ORD003071,2024-01-16,CUST01472,Electronics,Smartwatch,South,Hyderabad,Mobile App,3,4813.14,0.05,14439.43,13717.46,8691.76,Cash on Delivery,Returned,5025.7,0.3664,2024-01,2024,Q1,0,1,0
ORD003072,2024-06-23,CUST00932,Beauty,Shampoo,South,Bengaluru,Marketplace,5,1582.64,0.25,7913.22,5934.92,3703.09,Cash on Delivery,Pending,2231.83,0.3761,2024-06,2024,Q2,0,0,0
ORD003073,2024-04-07,CUST00328,Beauty,Sunscreen,Central,Nagpur,Website,5,1131.77,0.0,5658.84,5658.84,4023.64,Debit Card,Delivered,1635.2,0.289,2024-04,2024,Q2,1,0,0
ORD003074,2024-07-04,CUST01585,Home & Kitchen,Coffee Maker,Central,Indore,Mobile App,2,1073.93,0.1,2147.85,1933.07,1071.4,Net Banking,Delivered,861.67,0.4458,2024-07,2024,Q3,1,0,0
ORD003075,2024-08-01,CUST01045,Sports,Resistance Bands,East,Patna,Marketplace,5,6662.25,0.0,33311.25,33311.25,17385.54,Credit Card,Delivered,15925.71,0.4781,2024-08,2024,Q3,1,0,0
ORD003076,2024-12-02,CUST00829,Home & Kitchen,Air Fryer,North,Delhi,Website,2,611.22,0.0,1222.45,1222.45,881.28,Credit Card,Returned,341.17,0.2791,2024-12,2024,Q4,0,1,0
ORD003077,2024-12-11,CUST00986,Fashion,Denim Jacket,Central,Bhopal,Mobile App,4,2370.94,0.25,9483.75,7112.81,5089.74,Cash on Delivery,Delivered,2023.07,0.2844,2024-12,2024,Q4,1,0,0
ORD003078,2024-07-04,CUST00075,Sports,Resistance Bands,South,Bengaluru,Mobile App,3,2234.58,0.1,6703.73,6033.35,4142.51,Net Banking,Delivered,1890.84,0.3134,2024-07,2024,Q3,1,0,0
ORD003079,2024-01-14,CUST00221,Sports,Cricket Bat,South,Chennai,Website,3,2244.76,0.0,6734.29,6734.29,5414.76,Credit Card,Delivered,1319.53,0.1959,2024-01,2024,Q1,1,0,0
ORD003080,2025-05-02,CUST00070,Electronics,Laptop Stand,West,Ahmedabad,Mobile App,4,6237.8,0.05,24951.19,23703.63,13527.18,Credit Card,Delivered,10176.45,0.4293,2025-05,2025,Q2,1,0,0
ORD003081,2025-04-05,CUST00926,Beauty,Lip Balm,Central,Bhopal,Mobile App,3,1953.38,0.1,5860.13,5274.12,4197.78,Net Banking,Delivered,1076.34,0.2041,2025-04,2025,Q2,1,0,0
ORD003082,2025-05-31,CUST01189,Electronics,Smartwatch,West,Mumbai,Mobile App,1,5674.27,0.25,5674.27,4255.7,2628.25,Debit Card,Delivered,1627.45,0.3824,2025-05,2025,Q2,1,0,0
ORD003083,2025-01-19,CUST00629,Home & Kitchen,Water Bottle,East,Patna,Website,5,7328.79,0.0,36643.93,36643.93,27045.4,Credit Card,Delivered,9598.53,0.2619,2025-01,2025,Q1,1,0,0
ORD003084,2025-03-12,CUST00871,Home & Kitchen,Air Fryer,East,Patna,Website,4,8432.44,0.1,33729.78,30356.8,25164.23,UPI,Delivered,5192.57,0.1711,2025-03,2025,Q1,1,0,0
ORD003085,2025-05-18,CUST01208,Electronics,Wireless Headphones,Central,Nagpur,Mobile App,3,3136.49,0.1,9409.47,8468.52,6862.48,Net Banking,Returned,1606.04,0.1896,2025-05,2025,Q2,0,1,0
ORD003086,2025-03-28,CUST01366,Electronics,Wireless Headphones,North,Chandigarh,Mobile App,4,17737.05,0.05,70948.19,67400.78,50623.67,Credit Card,Delivered,16777.11,0.2489,2025-03,2025,Q1,1,0,0
ORD003087,2024-02-08,CUST01226,Electronics,Bluetooth Speaker,Central,Indore,Website,5,11330.7,0.05,56653.51,53820.84,31161.06,Net Banking,Delivered,22659.78,0.421,2024-02,2024,Q1,1,0,0
ORD003088,2024-06-20,CUST00464,Electronics,Wireless Headphones,North,Jaipur,Website,1,18317.37,0.0,18317.37,18317.37,11672.46,Debit Card,Delivered,6644.91,0.3628,2024-06,2024,Q2,1,0,0
ORD003089,2025-02-18,CUST00744,Home & Kitchen,Coffee Maker,East,Bhubaneswar,Website,3,5780.34,0.1,17341.01,15606.91,12638.93,Cash on Delivery,Delivered,2967.98,0.1902,2025-02,2025,Q1,1,0,0
ORD003090,2025-04-17,CUST00844,Sports,Resistance Bands,North,Jaipur,Mobile App,4,6987.87,0.1,27951.47,25156.32,16596.48,UPI,Delivered,8559.84,0.3403,2025-04,2025,Q2,1,0,0
ORD003091,2024-08-15,CUST00491,Fashion,Denim Jacket,West,Ahmedabad,Website,5,3620.78,0.05,18103.89,17198.7,10051.69,Debit Card,Delivered,7147.01,0.4156,2024-08,2024,Q3,1,0,0
ORD003092,2025-02-23,CUST00413,Sports,Yoga Mat,Central,Nagpur,Mobile App,2,3569.39,0.0,7138.78,7138.78,4190.39,Cash on Delivery,Delivered,2948.39,0.413,2025-02,2025,Q1,1,0,0
ORD003093,2024-12-04,CUST00705,Fashion,Denim Jacket,North,Chandigarh,Website,1,2281.37,0.25,2281.37,1711.03,1054.0,Net Banking,Delivered,657.03,0.384,2024-12,2024,Q4,1,0,0
ORD003094,2024-04-21,CUST00305,Electronics,Bluetooth Speaker,South,Bengaluru,Mobile App,2,8059.83,0.05,16119.65,15313.67,9688.51,UPI,Delivered,5625.16,0.3673,2024-04,2024,Q2,1,0,0
ORD003095,2024-03-05,CUST01460,Beauty,Sunscreen,East,Bhubaneswar,Mobile App,1,318.1,0.2,318.1,254.48,163.03,Credit Card,Delivered,91.45,0.3594,2024-03,2024,Q1,1,0,0
ORD003096,2024-08-12,CUST01596,Beauty,Sunscreen,East,Bhubaneswar,Mobile App,5,1563.07,0.1,7815.33,7033.8,3990.33,Cash on Delivery,Cancelled,3043.47,0.4327,2024-08,2024,Q3,0,0,1
ORD003097,2024-02-16,CUST00992,Beauty,Shampoo,South,Bengaluru,Website,3,1904.52,0.15,5713.57,4856.54,3104.6,Credit Card,Delivered,1751.94,0.3607,2024-02,2024,Q1,1,0,0
ORD003098,2024-09-05,CUST00172,Fashion,Backpack,West,Pune,Website,5,2926.21,0.1,14631.05,13167.94,7231.96,Cash on Delivery,Delivered,5935.98,0.4508,2024-09,2024,Q3,1,0,0
ORD003099,2024-07-11,CUST01554,Sports,Dumbbells,North,Jaipur,Website,2,5146.32,0.1,10292.64,9263.38,7313.73,Net Banking,Delivered,1949.65,0.2105,2024-07,2024,Q3,1,0,0
ORD003100,2024-06-07,CUST00973,Beauty,Shampoo,West,Mumbai,Website,2,1077.4,0.0,2154.8,2154.8,1205.18,Credit Card,Delivered,949.62,0.4407,2024-06,2024,Q2,1,0,0
ORD003101,2025-04-01,CUST00839,Electronics,Power Bank,East,Patna,Website,3,20124.37,0.2,60373.11,48298.49,29859.91,UPI,Delivered,18438.58,0.3818,2025-04,2025,Q2,1,0,0
ORD003102,2024-07-12,CUST00695,Home & Kitchen,Air Fryer,North,Chandigarh,Marketplace,5,5034.27,0.15,25171.33,21395.63,13738.24,Credit Card,Returned,7657.39,0.3579,2024-07,2024,Q3,0,1,0
ORD003103,2024-06-28,CUST00479,Electronics,Smartwatch,North,Delhi,Marketplace,3,13779.11,0.0,41337.34,41337.34,30048.73,Net Banking,Delivered,11288.61,0.2731,2024-06,2024,Q2,1,0,0
ORD003104,2024-04-05,CUST00252,Beauty,Face Serum,East,Kolkata,Website,3,1231.26,0.15,3693.79,3139.72,2175.06,Credit Card,Delivered,964.66,0.3072,2024-04,2024,Q2,1,0,0
ORD003105,2025-06-23,CUST00197,Electronics,Smartwatch,West,Mumbai,Website,3,16961.64,0.05,50884.92,48340.67,39525.31,Cash on Delivery,Delivered,8815.36,0.1824,2025-06,2025,Q2,1,0,0
ORD003106,2025-02-20,CUST00761,Electronics,Bluetooth Speaker,North,Chandigarh,Website,3,5493.66,0.2,16480.99,13184.79,8307.3,Net Banking,Delivered,4877.49,0.3699,2025-02,2025,Q1,1,0,0
ORD003107,2025-01-13,CUST00275,Fashion,Sunglasses,North,Chandigarh,Website,2,5018.8,0.2,10037.6,8030.08,5739.69,UPI,Delivered,2290.39,0.2852,2025-01,2025,Q1,1,0,0
ORD003108,2025-04-05,CUST00285,Fashion,Backpack,South,Bengaluru,Website,1,5498.72,0.0,5498.72,5498.72,4014.97,Cash on Delivery,Cancelled,1483.75,0.2698,2025-04,2025,Q2,0,0,1
ORD003109,2025-03-27,CUST00080,Electronics,Power Bank,East,Patna,Marketplace,1,19441.12,0.1,19441.12,17497.01,9206.92,Net Banking,Delivered,8290.09,0.4738,2025-03,2025,Q1,1,0,0
ORD003110,2025-04-18,CUST00982,Beauty,Lip Balm,North,Delhi,Mobile App,2,2196.54,0.2,4393.08,3514.46,2622.94,Debit Card,Delivered,891.52,0.2537,2025-04,2025,Q2,1,0,0
ORD003111,2024-12-01,CUST00097,Electronics,Wireless Headphones,North,Chandigarh,Website,3,13571.55,0.1,40714.66,36643.19,22654.69,Credit Card,Delivered,13988.5,0.3817,2024-12,2024,Q4,1,0,0
ORD003112,2024-02-22,CUST01530,Electronics,Bluetooth Speaker,Central,Bhopal,Mobile App,2,15804.79,0.15,31609.57,26868.14,17363.96,Cash on Delivery,Delivered,9504.18,0.3537,2024-02,2024,Q1,1,0,0
ORD003113,2024-09-10,CUST01392,Fashion,Backpack,East,Kolkata,Website,4,2742.3,0.0,10969.19,10969.19,6863.95,Credit Card,Delivered,4105.24,0.3743,2024-09,2024,Q3,1,0,0
ORD003114,2024-06-20,CUST00614,Electronics,Bluetooth Speaker,North,Jaipur,Website,2,9971.4,0.1,19942.8,17948.52,9956.42,UPI,Delivered,7992.1,0.4453,2024-06,2024,Q2,1,0,0
ORD003115,2024-10-31,CUST01566,Electronics,Bluetooth Speaker,Central,Nagpur,Website,2,6379.44,0.2,12758.88,10207.1,8099.22,Debit Card,Delivered,2107.88,0.2065,2024-10,2024,Q4,1,0,0
ORD003116,2024-12-06,CUST01591,Home & Kitchen,Storage Box,South,Chennai,Website,3,2526.76,0.05,7580.27,7201.26,4848.67,UPI,Delivered,2352.59,0.3267,2024-12,2024,Q4,1,0,0
ORD003117,2024-01-07,CUST01038,Electronics,Laptop Stand,West,Ahmedabad,Marketplace,3,13627.74,0.2,40883.22,32706.58,17480.33,Net Banking,Returned,15226.25,0.4655,2024-01,2024,Q1,0,1,0
ORD003118,2025-04-05,CUST00870,Home & Kitchen,Air Fryer,West,Ahmedabad,Website,5,9783.93,0.0,48919.63,48919.63,34330.49,Debit Card,Returned,14589.14,0.2982,2025-04,2025,Q2,0,1,0
ORD003119,2025-04-25,CUST01250,Electronics,Wireless Headphones,West,Mumbai,Marketplace,2,2368.5,0.2,4736.99,3789.6,3024.8,UPI,Delivered,764.8,0.2018,2025-04,2025,Q2,1,0,0
ORD003120,2024-09-25,CUST00678,Electronics,Power Bank,West,Mumbai,Website,5,16331.35,0.05,81656.75,77573.92,46087.21,Net Banking,Delivered,31486.71,0.4059,2024-09,2024,Q3,1,0,0
ORD003121,2024-07-17,CUST01545,Beauty,Lip Balm,North,Jaipur,Mobile App,4,654.65,0.1,2618.58,2356.72,1301.47,Credit Card,Delivered,1055.25,0.4478,2024-07,2024,Q3,1,0,0
ORD003122,2024-07-08,CUST01332,Sports,Yoga Mat,Central,Nagpur,Mobile App,5,4741.81,0.0,23709.03,23709.03,15611.81,Debit Card,Delivered,8097.22,0.3415,2024-07,2024,Q3,1,0,0
ORD003123,2024-05-24,CUST00242,Beauty,Shampoo,East,Kolkata,Website,3,659.74,0.1,1979.22,1781.3,934.32,Net Banking,Delivered,846.98,0.4755,2024-05,2024,Q2,1,0,0
ORD003124,2024-07-05,CUST00144,Fashion,Sunglasses,West,Mumbai,Website,3,2348.57,0.0,7045.7,7045.7,5545.34,Cash on Delivery,Delivered,1500.36,0.2129,2024-07,2024,Q3,1,0,0
ORD003125,2024-02-29,CUST00219,Home & Kitchen,Mixer Grinder,West,Pune,Website,1,6858.68,0.05,6858.68,6515.75,4954.48,Debit Card,Returned,1561.27,0.2396,2024-02,2024,Q1,0,1,0
ORD003126,2024-11-14,CUST00048,Electronics,Wireless Headphones,Central,Indore,Mobile App,3,14789.21,0.15,44367.62,37712.47,30104.87,Cash on Delivery,Cancelled,7607.6,0.2017,2024-11,2024,Q4,0,0,1
ORD003127,2024-09-11,CUST00941,Electronics,Power Bank,Central,Bhopal,Website,5,11355.91,0.15,56779.55,48262.62,30981.08,UPI,Cancelled,17281.54,0.3581,2024-09,2024,Q3,0,0,1
ORD003128,2024-03-11,CUST00319,Home & Kitchen,Water Bottle,South,Bengaluru,Mobile App,1,7646.43,0.2,7646.43,6117.14,4368.47,Debit Card,Delivered,1748.67,0.2859,2024-03,2024,Q1,1,0,0
ORD003129,2024-01-24,CUST01242,Electronics,Bluetooth Speaker,North,Chandigarh,Mobile App,4,4993.39,0.0,19973.57,19973.57,12416.96,Net Banking,Delivered,7556.61,0.3783,2024-01,2024,Q1,1,0,0
ORD003130,2024-05-17,CUST00825,Electronics,Power Bank,North,Delhi,Website,3,10097.56,0.05,30292.67,28778.04,19971.8,Debit Card,Delivered,8806.24,0.306,2024-05,2024,Q2,1,0,0
ORD003131,2024-03-07,CUST01308,Electronics,Smartwatch,West,Pune,Website,3,9669.7,0.15,29009.11,24657.75,16246.35,Net Banking,Delivered,8411.4,0.3411,2024-03,2024,Q1,1,0,0
ORD003132,2025-05-27,CUST00669,Sports,Resistance Bands,Central,Indore,Mobile App,3,5716.82,0.05,17150.46,16292.94,12543.01,Credit Card,Cancelled,3749.93,0.2302,2025-05,2025,Q2,0,0,1
ORD003133,2024-02-01,CUST00239,Electronics,Laptop Stand,West,Pune,Mobile App,5,12323.39,0.1,61616.94,55455.24,44631.47,Credit Card,Delivered,10823.77,0.1952,2024-02,2024,Q1,1,0,0
ORD003134,2024-09-21,CUST00590,Home & Kitchen,Storage Box,North,Jaipur,Mobile App,1,8477.07,0.15,8477.07,7205.51,4268.38,Credit Card,Delivered,2937.13,0.4076,2024-09,2024,Q3,1,0,0
ORD003135,2024-09-25,CUST01323,Electronics,Smartwatch,East,Bhubaneswar,Marketplace,1,11114.71,0.2,11114.71,8891.76,6346.88,Net Banking,Delivered,2544.88,0.2862,2024-09,2024,Q3,1,0,0
ORD003136,2024-03-31,CUST00066,Sports,Dumbbells,East,Bhubaneswar,Marketplace,5,1571.63,0.0,7858.14,7858.14,5590.7,Net Banking,Cancelled,2267.44,0.2885,2024-03,2024,Q1,0,0,1
ORD003137,2025-03-25,CUST00553,Electronics,Laptop Stand,West,Mumbai,Website,5,14399.76,0.15,71998.79,61198.97,43828.84,UPI,Delivered,17370.13,0.2838,2025-03,2025,Q1,1,0,0
ORD003138,2024-02-04,CUST01088,Electronics,Bluetooth Speaker,West,Pune,Website,3,17763.01,0.25,53289.03,39966.78,30409.27,Net Banking,Returned,9557.51,0.2391,2024-02,2024,Q1,0,1,0
ORD003139,2025-05-18,CUST00079,Sports,Cricket Bat,East,Kolkata,Website,1,1347.0,0.25,1347.0,1010.25,806.93,UPI,Pending,203.32,0.2013,2025-05,2025,Q2,0,0,0
ORD003140,2024-07-05,CUST00018,Electronics,Bluetooth Speaker,Central,Indore,Marketplace,1,5686.05,0.05,5686.05,5401.75,3178.52,Cash on Delivery,Delivered,2223.23,0.4116,2024-07,2024,Q3,1,0,0
ORD003141,2024-12-23,CUST00816,Home & Kitchen,Storage Box,East,Kolkata,Website,2,4557.58,0.1,9115.16,8203.65,5451.06,Cash on Delivery,Delivered,2752.59,0.3355,2024-12,2024,Q4,1,0,0
ORD003142,2025-06-23,CUST00177,Home & Kitchen,Storage Box,West,Pune,Website,1,2864.54,0.15,2864.54,2434.86,1647.38,Debit Card,Returned,787.48,0.3234,2025-06,2025,Q2,0,1,0
ORD003143,2024-02-16,CUST00850,Home & Kitchen,Mixer Grinder,North,Delhi,Marketplace,3,8967.83,0.1,26903.48,24213.14,20105.0,Debit Card,Cancelled,4108.14,0.1697,2024-02,2024,Q1,0,0,1
ORD003144,2025-02-11,CUST00366,Electronics,Smartwatch,Central,Bhopal,Website,3,15168.76,0.1,45506.28,40955.65,25820.72,Credit Card,Pending,15134.93,0.3695,2025-02,2025,Q1,0,0,0
ORD003145,2024-11-06,CUST00682,Home & Kitchen,Mixer Grinder,South,Bengaluru,Marketplace,2,7333.9,0.1,14667.81,13201.03,9665.37,Debit Card,Delivered,3535.66,0.2678,2024-11,2024,Q4,1,0,0
ORD003146,2024-10-27,CUST00689,Home & Kitchen,Mixer Grinder,East,Kolkata,Marketplace,5,615.96,0.1,3079.79,2771.81,1442.42,Net Banking,Cancelled,1329.39,0.4796,2024-10,2024,Q4,0,0,1
ORD003147,2024-07-21,CUST00484,Electronics,Wireless Headphones,West,Pune,Mobile App,5,17120.88,0.1,85604.39,77043.95,48639.31,Debit Card,Delivered,28404.64,0.3687,2024-07,2024,Q3,1,0,0
ORD003148,2024-09-19,CUST01132,Sports,Cricket Bat,South,Hyderabad,Mobile App,1,3446.07,0.05,3446.07,3273.77,2269.12,Credit Card,Delivered,1004.65,0.3069,2024-09,2024,Q3,1,0,0
ORD003149,2025-01-23,CUST00715,Electronics,Smartwatch,West,Pune,Mobile App,4,12612.29,0.0,50449.14,50449.14,27192.45,UPI,Pending,23256.69,0.461,2025-01,2025,Q1,0,0,0
ORD003150,2024-12-08,CUST00920,Beauty,Face Serum,Central,Bhopal,Website,1,1946.1,0.1,1946.1,1751.49,1111.27,UPI,Delivered,640.22,0.3655,2024-12,2024,Q4,1,0,0
ORD003151,2025-04-15,CUST01088,Electronics,Laptop Stand,North,Chandigarh,Mobile App,4,2873.82,0.05,11495.27,10920.51,7118.19,Cash on Delivery,Delivered,3802.32,0.3482,2025-04,2025,Q2,1,0,0
ORD003152,2024-02-22,CUST01041,Fashion,Sunglasses,East,Patna,Marketplace,1,2590.86,0.1,2590.86,2331.77,1333.75,Debit Card,Delivered,998.02,0.428,2024-02,2024,Q1,1,0,0
ORD003153,2024-10-07,CUST00003,Beauty,Moisturizer,South,Chennai,Mobile App,5,2759.77,0.1,13798.83,12418.95,9555.43,Credit Card,Delivered,2863.52,0.2306,2024-10,2024,Q4,1,0,0
ORD003154,2025-06-02,CUST00029,Fashion,Running Shoes,South,Hyderabad,Website,2,2376.57,0.05,4753.14,4515.49,3217.31,UPI,Delivered,1298.18,0.2875,2025-06,2025,Q2,1,0,0
ORD003155,2025-04-29,CUST01044,Fashion,Running Shoes,North,Chandigarh,Website,4,1131.32,0.15,4525.27,3846.48,2698.13,Net Banking,Delivered,1148.35,0.2985,2025-04,2025,Q2,1,0,0
ORD003156,2024-01-27,CUST00909,Home & Kitchen,Storage Box,North,Jaipur,Website,4,2256.33,0.1,9025.32,8122.79,5756.87,Debit Card,Delivered,2365.92,0.2913,2024-01,2024,Q1,1,0,0
ORD003157,2024-03-05,CUST01456,Home & Kitchen,Storage Box,South,Hyderabad,Website,4,4523.53,0.25,18094.12,13570.59,10616.45,Net Banking,Cancelled,2954.14,0.2177,2024-03,2024,Q1,0,0,1
ORD003158,2024-09-02,CUST00271,Fashion,Denim Jacket,Central,Indore,Mobile App,3,2515.22,0.1,7545.65,6791.09,5325.82,Net Banking,Delivered,1465.27,0.2158,2024-09,2024,Q3,1,0,0
ORD003159,2024-07-06,CUST00779,Home & Kitchen,Water Bottle,West,Mumbai,Website,5,1655.72,0.15,8278.58,7036.8,4526.65,Net Banking,Delivered,2510.15,0.3567,2024-07,2024,Q3,1,0,0
ORD003160,2024-05-29,CUST00137,Sports,Resistance Bands,North,Delhi,Mobile App,3,5196.41,0.05,15589.24,14809.78,10973.31,Cash on Delivery,Delivered,3836.47,0.259,2024-05,2024,Q2,1,0,0
ORD003161,2025-06-29,CUST00951,Fashion,Running Shoes,West,Pune,Marketplace,5,2938.22,0.15,14691.11,12487.45,8432.39,UPI,Delivered,4055.06,0.3247,2025-06,2025,Q2,1,0,0
ORD003162,2024-07-29,CUST00306,Electronics,Bluetooth Speaker,Central,Nagpur,Marketplace,3,4438.87,0.05,13316.62,12650.79,7641.85,Cash on Delivery,Delivered,5008.94,0.3959,2024-07,2024,Q3,1,0,0
ORD003163,2024-03-19,CUST01567,Beauty,Face Serum,South,Hyderabad,Mobile App,2,658.3,0.05,1316.6,1250.77,849.2,UPI,Delivered,401.57,0.3211,2024-03,2024,Q1,1,0,0
ORD003164,2024-05-12,CUST01097,Electronics,Power Bank,Central,Nagpur,Mobile App,3,18469.94,0.05,55409.82,52639.33,33840.86,Credit Card,Delivered,18798.47,0.3571,2024-05,2024,Q2,1,0,0
ORD003165,2024-06-18,CUST00006,Fashion,Running Shoes,South,Hyderabad,Website,1,2712.43,0.0,2712.43,2712.43,1900.72,Debit Card,Delivered,811.71,0.2993,2024-06,2024,Q2,1,0,0
ORD003166,2024-01-14,CUST00922,Sports,Resistance Bands,North,Jaipur,Website,4,6520.3,0.1,26081.22,23473.09,19392.19,Cash on Delivery,Delivered,4080.9,0.1739,2024-01,2024,Q1,1,0,0
ORD003167,2024-02-07,CUST00982,Fashion,Denim Jacket,West,Ahmedabad,Website,2,2615.96,0.0,5231.91,5231.91,3674.71,Debit Card,Pending,1557.2,0.2976,2024-02,2024,Q1,0,0,0
ORD003168,2024-12-09,CUST00143,Home & Kitchen,Water Bottle,West,Pune,Marketplace,1,6173.84,0.25,6173.84,4630.38,3670.3,Debit Card,Delivered,960.08,0.2073,2024-12,2024,Q4,1,0,0
ORD003169,2024-02-01,CUST01481,Beauty,Moisturizer,North,Chandigarh,Website,3,885.88,0.05,2657.65,2524.76,1537.47,Debit Card,Delivered,987.29,0.391,2024-02,2024,Q1,1,0,0
ORD003170,2024-09-20,CUST00097,Home & Kitchen,Storage Box,North,Chandigarh,Marketplace,3,6328.2,0.15,18984.59,16136.9,8854.81,Credit Card,Delivered,7282.09,0.4513,2024-09,2024,Q3,1,0,0
ORD003171,2024-12-16,CUST00661,Beauty,Moisturizer,East,Patna,Mobile App,1,2582.19,0.0,2582.19,2582.19,1726.13,Cash on Delivery,Pending,856.06,0.3315,2024-12,2024,Q4,0,0,0
ORD003172,2025-04-23,CUST01577,Electronics,Wireless Headphones,North,Jaipur,Website,2,9078.78,0.15,18157.56,15433.93,9067.23,Cash on Delivery,Delivered,6366.7,0.4125,2025-04,2025,Q2,1,0,0
ORD003173,2024-05-27,CUST01473,Fashion,Denim Jacket,West,Ahmedabad,Mobile App,5,2648.73,0.05,13243.67,12581.49,7650.87,Debit Card,Returned,4930.62,0.3919,2024-05,2024,Q2,0,1,0
ORD003174,2025-06-10,CUST01141,Electronics,Power Bank,South,Chennai,Mobile App,4,6401.62,0.05,25606.48,24326.16,17772.47,UPI,Delivered,6553.69,0.2694,2025-06,2025,Q2,1,0,0
ORD003175,2024-02-12,CUST00616,Electronics,Wireless Headphones,Central,Nagpur,Website,2,1632.81,0.2,3265.63,2612.5,2190.34,Credit Card,Delivered,422.16,0.1616,2024-02,2024,Q1,1,0,0
ORD003176,2024-06-15,CUST00735,Electronics,Wireless Headphones,South,Bengaluru,Website,3,10447.71,0.1,31343.14,28208.83,17670.89,Debit Card,Returned,10537.94,0.3736,2024-06,2024,Q2,0,1,0
ORD003177,2024-08-12,CUST00613,Fashion,Running Shoes,North,Delhi,Marketplace,1,5113.25,0.1,5113.25,4601.92,2532.12,Cash on Delivery,Delivered,2069.8,0.4498,2024-08,2024,Q3,1,0,0
ORD003178,2024-11-23,CUST00389,Sports,Resistance Bands,West,Pune,Mobile App,4,1866.57,0.05,7466.29,7092.98,4672.9,Credit Card,Cancelled,2420.08,0.3412,2024-11,2024,Q4,0,0,1
ORD003179,2024-11-10,CUST00905,Fashion,T-Shirt,West,Mumbai,Mobile App,2,881.21,0.25,1762.41,1321.81,726.36,Net Banking,Delivered,595.45,0.4505,2024-11,2024,Q4,1,0,0
ORD003180,2024-08-10,CUST01568,Electronics,Bluetooth Speaker,West,Mumbai,Mobile App,3,9648.57,0.2,28945.7,23156.56,14906.27,Cash on Delivery,Delivered,8250.29,0.3563,2024-08,2024,Q3,1,0,0
ORD003181,2025-02-28,CUST01473,Beauty,Face Serum,South,Chennai,Mobile App,2,1600.19,0.1,3200.37,2880.33,1690.08,Credit Card,Cancelled,1190.25,0.4132,2025-02,2025,Q1,0,0,1
ORD003182,2025-04-22,CUST00514,Electronics,Smartwatch,North,Jaipur,Mobile App,3,9269.11,0.1,27807.34,25026.61,20438.49,Cash on Delivery,Delivered,4588.12,0.1833,2025-04,2025,Q2,1,0,0
ORD003183,2024-11-15,CUST01044,Electronics,Laptop Stand,North,Chandigarh,Website,2,1547.8,0.1,3095.61,2786.05,2287.87,UPI,Delivered,498.18,0.1788,2024-11,2024,Q4,1,0,0
ORD003184,2024-10-02,CUST01113,Sports,Dumbbells,South,Chennai,Marketplace,1,4957.9,0.05,4957.9,4710.0,2676.76,Cash on Delivery,Delivered,2033.24,0.4317,2024-10,2024,Q4,1,0,0
ORD003185,2024-04-21,CUST00483,Sports,Resistance Bands,North,Jaipur,Mobile App,3,3119.08,0.0,9357.25,9357.25,5763.05,UPI,Returned,3594.2,0.3841,2024-04,2024,Q2,0,1,0
ORD003186,2025-01-26,CUST00163,Electronics,Bluetooth Speaker,Central,Nagpur,Marketplace,5,2227.92,0.1,11139.62,10025.66,8346.66,Net Banking,Delivered,1679.0,0.1675,2025-01,2025,Q1,1,0,0
ORD003187,2025-04-13,CUST00789,Home & Kitchen,Water Bottle,West,Ahmedabad,Mobile App,3,9213.21,0.1,27639.64,24875.67,14993.9,Net Banking,Pending,9881.77,0.3972,2025-04,2025,Q2,0,0,0
ORD003188,2025-06-07,CUST00103,Electronics,Bluetooth Speaker,Central,Bhopal,Website,5,16897.63,0.0,84488.15,84488.15,63850.09,Cash on Delivery,Delivered,20638.06,0.2443,2025-06,2025,Q2,1,0,0
ORD003189,2024-09-09,CUST01116,Home & Kitchen,Water Bottle,Central,Indore,Mobile App,4,518.77,0.15,2075.08,1763.82,1062.89,UPI,Delivered,700.93,0.3974,2024-09,2024,Q3,1,0,0
ORD003190,2024-06-28,CUST00085,Electronics,Smartwatch,West,Ahmedabad,Mobile App,5,14860.28,0.1,74301.38,66871.25,51013.82,Credit Card,Delivered,15857.43,0.2371,2024-06,2024,Q2,1,0,0
ORD003191,2024-03-10,CUST00476,Beauty,Lip Balm,Central,Nagpur,Marketplace,4,1875.61,0.05,7502.44,7127.31,5772.14,Credit Card,Delivered,1355.17,0.1901,2024-03,2024,Q1,1,0,0
ORD003192,2025-02-07,CUST01267,Home & Kitchen,Coffee Maker,Central,Bhopal,Website,5,9300.09,0.1,46500.43,41850.38,25192.7,UPI,Returned,16657.68,0.398,2025-02,2025,Q1,0,1,0
ORD003193,2024-10-24,CUST01292,Fashion,Sunglasses,West,Ahmedabad,Website,2,3555.52,0.05,7111.04,6755.49,4915.12,Net Banking,Delivered,1840.37,0.2724,2024-10,2024,Q4,1,0,0
ORD003194,2024-03-31,CUST01222,Beauty,Face Serum,North,Delhi,Marketplace,4,2244.88,0.1,8979.53,8081.58,4456.88,Net Banking,Delivered,3624.7,0.4485,2024-03,2024,Q1,1,0,0
ORD003195,2025-06-19,CUST00715,Electronics,Wireless Headphones,South,Bengaluru,Website,4,15694.23,0.15,62776.93,53360.39,31171.36,Net Banking,Delivered,22189.03,0.4158,2025-06,2025,Q2,1,0,0
ORD003196,2024-04-29,CUST00284,Electronics,Power Bank,South,Bengaluru,Mobile App,2,9014.16,0.0,18028.31,18028.31,11511.24,UPI,Pending,6517.07,0.3615,2024-04,2024,Q2,0,0,0
ORD003197,2025-04-07,CUST00249,Home & Kitchen,Mixer Grinder,South,Hyderabad,Mobile App,4,3669.21,0.15,14676.82,12475.3,9350.71,Credit Card,Delivered,3124.59,0.2505,2025-04,2025,Q2,1,0,0
ORD003198,2024-07-08,CUST00767,Fashion,Running Shoes,West,Ahmedabad,Mobile App,3,2764.57,0.05,8293.71,7879.03,4526.52,Debit Card,Delivered,3352.51,0.4255,2024-07,2024,Q3,1,0,0
ORD003199,2024-02-11,CUST00379,Electronics,Laptop Stand,East,Patna,Mobile App,5,14008.33,0.1,70041.65,63037.48,34365.87,Credit Card,Cancelled,28671.61,0.4548,2024-02,2024,Q1,0,0,1
ORD003200,2024-12-31,CUST01420,Electronics,Laptop Stand,East,Patna,Mobile App,5,14936.2,0.1,74681.01,67212.91,36676.85,UPI,Delivered,30536.06,0.4543,2024-12,2024,Q4,1,0,0
ORD003201,2024-02-26,CUST01460,Home & Kitchen,Storage Box,West,Pune,Website,4,8842.44,0.05,35369.76,33601.28,20290.66,Cash on Delivery,Cancelled,13310.62,0.3961,2024-02,2024,Q1,0,0,1
ORD003202,2024-01-15,CUST00725,Electronics,Smartwatch,Central,Nagpur,Mobile App,1,3428.77,0.05,3428.77,3257.33,1988.05,Credit Card,Delivered,1269.28,0.3897,2024-01,2024,Q1,1,0,0
ORD003203,2024-01-04,CUST01275,Fashion,Denim Jacket,South,Hyderabad,Website,4,5393.58,0.1,21574.32,19416.88,11183.22,Cash on Delivery,Delivered,8233.66,0.424,2024-01,2024,Q1,1,0,0
ORD003204,2025-01-29,CUST00848,Electronics,Laptop Stand,North,Delhi,Website,2,10866.32,0.1,21732.64,19559.38,14942.68,Net Banking,Cancelled,4616.7,0.236,2025-01,2025,Q1,0,0,1
ORD003205,2024-07-24,CUST00892,Electronics,Wireless Headphones,West,Ahmedabad,Website,5,21192.1,0.0,105960.51,105960.51,77852.27,Debit Card,Delivered,28108.24,0.2653,2024-07,2024,Q3,1,0,0
ORD003206,2024-11-29,CUST00202,Beauty,Lip Balm,South,Chennai,Website,1,1337.64,0.1,1337.64,1203.87,1007.95,Net Banking,Delivered,195.92,0.1627,2024-11,2024,Q4,1,0,0
ORD003207,2025-06-29,CUST00874,Electronics,Laptop Stand,Central,Bhopal,Marketplace,5,1295.64,0.1,6478.21,5830.39,4630.07,Cash on Delivery,Delivered,1200.32,0.2059,2025-06,2025,Q2,1,0,0
ORD003208,2025-06-14,CUST00597,Beauty,Face Serum,North,Delhi,Website,3,843.88,0.15,2531.64,2151.89,1523.62,Net Banking,Returned,628.27,0.292,2025-06,2025,Q2,0,1,0
ORD003209,2024-04-17,CUST01333,Electronics,Laptop Stand,East,Patna,Marketplace,3,8993.19,0.2,26979.57,21583.65,14782.61,UPI,Delivered,6801.04,0.3151,2024-04,2024,Q2,1,0,0
ORD003210,2024-06-01,CUST00409,Electronics,Laptop Stand,South,Bengaluru,Website,5,15519.25,0.1,77596.24,69836.62,43837.91,Credit Card,Delivered,25998.71,0.3723,2024-06,2024,Q2,1,0,0
ORD003211,2024-08-13,CUST00222,Electronics,Bluetooth Speaker,North,Delhi,Marketplace,2,20906.25,0.05,41812.5,39721.87,21600.5,UPI,Returned,18121.37,0.4562,2024-08,2024,Q3,0,1,0
ORD003212,2024-11-26,CUST00329,Beauty,Face Serum,South,Hyderabad,Website,1,1442.39,0.1,1442.39,1298.15,1046.7,Debit Card,Delivered,251.45,0.1937,2024-11,2024,Q4,1,0,0
ORD003213,2024-08-15,CUST01097,Fashion,Sunglasses,South,Bengaluru,Website,3,5065.74,0.2,15197.23,12157.78,8595.9,Net Banking,Delivered,3561.88,0.293,2024-08,2024,Q3,1,0,0
ORD003214,2024-01-27,CUST00986,Fashion,T-Shirt,West,Mumbai,Mobile App,1,393.09,0.05,393.09,373.44,243.18,Credit Card,Delivered,130.26,0.3488,2024-01,2024,Q1,1,0,0
ORD003215,2025-03-12,CUST00825,Electronics,Power Bank,West,Ahmedabad,Website,1,12046.33,0.1,12046.33,10841.7,6283.35,Debit Card,Pending,4558.35,0.4204,2025-03,2025,Q1,0,0,0
ORD003216,2024-05-26,CUST01335,Fashion,T-Shirt,West,Ahmedabad,Website,2,2091.64,0.05,4183.29,3974.12,2273.22,Credit Card,Delivered,1700.9,0.428,2024-05,2024,Q2,1,0,0
ORD003217,2025-05-23,CUST00220,Electronics,Power Bank,South,Chennai,Mobile App,5,20798.62,0.15,103993.1,88394.13,48183.2,UPI,Delivered,40210.93,0.4549,2025-05,2025,Q2,1,0,0
ORD003218,2025-03-14,CUST00056,Beauty,Moisturizer,Central,Nagpur,Marketplace,2,1110.78,0.05,2221.55,2110.47,1264.85,Debit Card,Delivered,845.62,0.4007,2025-03,2025,Q1,1,0,0
ORD003219,2025-02-19,CUST00951,Home & Kitchen,Mixer Grinder,West,Ahmedabad,Mobile App,3,2445.21,0.0,7335.63,7335.63,4738.87,Cash on Delivery,Delivered,2596.76,0.354,2025-02,2025,Q1,1,0,0
ORD003220,2024-01-22,CUST00941,Fashion,Denim Jacket,Central,Bhopal,Website,2,3877.78,0.15,7755.56,6592.22,4762.31,Credit Card,Delivered,1829.91,0.2776,2024-01,2024,Q1,1,0,0
ORD003221,2024-10-09,CUST00414,Beauty,Shampoo,East,Kolkata,Mobile App,5,1562.22,0.1,7811.1,7029.99,4020.09,Cash on Delivery,Delivered,3009.9,0.4282,2024-10,2024,Q4,1,0,0
ORD003222,2024-06-16,CUST00645,Sports,Cricket Bat,West,Pune,Website,3,4700.33,0.2,14100.98,11280.78,9101.02,Debit Card,Delivered,2179.76,0.1932,2024-06,2024,Q2,1,0,0
ORD003223,2024-08-16,CUST01536,Electronics,Laptop Stand,North,Jaipur,Website,2,11772.54,0.0,23545.07,23545.07,15314.0,Credit Card,Delivered,8231.07,0.3496,2024-08,2024,Q3,1,0,0
ORD003224,2024-05-14,CUST00065,Electronics,Power Bank,South,Chennai,Marketplace,2,12523.92,0.2,25047.83,20038.27,11456.65,Credit Card,Delivered,8581.62,0.4283,2024-05,2024,Q2,1,0,0
ORD003225,2024-10-30,CUST01312,Fashion,Backpack,Central,Bhopal,Mobile App,2,359.64,0.15,719.28,611.39,415.56,Cash on Delivery,Delivered,195.83,0.3203,2024-10,2024,Q4,1,0,0
ORD003226,2024-12-08,CUST01358,Electronics,Wireless Headphones,Central,Nagpur,Mobile App,1,3565.27,0.05,3565.27,3387.01,2150.01,Debit Card,Delivered,1237.0,0.3652,2024-12,2024,Q4,1,0,0
ORD003227,2024-02-21,CUST01083,Home & Kitchen,Mixer Grinder,West,Ahmedabad,Website,5,7403.62,0.0,37018.12,37018.12,20228.63,Cash on Delivery,Delivered,16789.49,0.4535,2024-02,2024,Q1,1,0,0
ORD003228,2024-08-27,CUST00167,Electronics,Smartwatch,South,Bengaluru,Mobile App,1,8178.57,0.15,8178.57,6951.78,4336.15,Debit Card,Delivered,2615.63,0.3763,2024-08,2024,Q3,1,0,0
ORD003229,2025-03-27,CUST00244,Home & Kitchen,Coffee Maker,North,Delhi,Mobile App,5,1742.26,0.1,8711.31,7840.18,5256.74,Net Banking,Delivered,2583.44,0.3295,2025-03,2025,Q1,1,0,0
ORD003230,2024-08-11,CUST00379,Fashion,Backpack,West,Mumbai,Website,2,4146.15,0.25,8292.3,6219.23,4342.43,Debit Card,Returned,1876.8,0.3018,2024-08,2024,Q3,0,1,0
ORD003231,2025-03-29,CUST00798,Sports,Resistance Bands,South,Bengaluru,Mobile App,1,6841.9,0.15,6841.9,5815.61,3743.5,Credit Card,Delivered,2072.11,0.3563,2025-03,2025,Q1,1,0,0
ORD003232,2025-01-01,CUST01062,Electronics,Bluetooth Speaker,West,Mumbai,Mobile App,2,19159.38,0.05,38318.76,36402.83,21517.66,Cash on Delivery,Returned,14885.17,0.4089,2025-01,2025,Q1,0,1,0
ORD003233,2024-07-29,CUST01064,Electronics,Power Bank,North,Delhi,Website,1,7068.91,0.1,7068.91,6362.02,5305.21,UPI,Delivered,1056.81,0.1661,2024-07,2024,Q3,1,0,0
ORD003234,2024-06-24,CUST00306,Beauty,Lip Balm,Central,Nagpur,Mobile App,2,1214.62,0.15,2429.23,2064.85,1662.79,Cash on Delivery,Delivered,402.06,0.1947,2024-06,2024,Q2,1,0,0
ORD003235,2024-09-02,CUST00768,Electronics,Wireless Headphones,West,Ahmedabad,Marketplace,3,7615.84,0.0,22847.51,22847.51,13203.52,Debit Card,Delivered,9643.99,0.4221,2024-09,2024,Q3,1,0,0
ORD003236,2024-01-29,CUST01449,Beauty,Face Serum,South,Chennai,Mobile App,1,501.77,0.05,501.77,476.68,284.45,Credit Card,Pending,192.23,0.4033,2024-01,2024,Q1,0,0,0
ORD003237,2024-12-01,CUST00843,Electronics,Power Bank,South,Bengaluru,Mobile App,3,5741.78,0.05,17225.35,16364.09,8676.02,Cash on Delivery,Delivered,7688.07,0.4698,2024-12,2024,Q4,1,0,0
ORD003238,2025-06-09,CUST00904,Beauty,Sunscreen,South,Hyderabad,Marketplace,2,1975.54,0.2,3951.09,3160.87,2170.29,Cash on Delivery,Cancelled,990.58,0.3134,2025-06,2025,Q2,0,0,1
ORD003239,2024-10-06,CUST01292,Electronics,Wireless Headphones,East,Patna,Marketplace,5,12308.25,0.05,61541.24,58464.18,31471.79,Credit Card,Returned,26992.39,0.4617,2024-10,2024,Q4,0,1,0
ORD003240,2024-12-11,CUST01143,Fashion,Denim Jacket,Central,Indore,Marketplace,4,2604.83,0.2,10419.32,8335.46,4694.55,UPI,Delivered,3640.91,0.4368,2024-12,2024,Q4,1,0,0
ORD003241,2024-05-18,CUST01257,Electronics,Power Bank,West,Pune,Marketplace,3,15439.07,0.15,46317.22,39369.63,24417.71,Credit Card,Delivered,14951.92,0.3798,2024-05,2024,Q2,1,0,0
ORD003242,2024-10-12,CUST00563,Home & Kitchen,Coffee Maker,South,Chennai,Website,2,5245.07,0.05,10490.13,9965.62,8356.26,UPI,Delivered,1609.36,0.1615,2024-10,2024,Q4,1,0,0
ORD003243,2024-08-14,CUST01107,Home & Kitchen,Storage Box,North,Delhi,Website,4,2991.97,0.2,11967.87,9574.29,5872.23,Debit Card,Delivered,3702.06,0.3867,2024-08,2024,Q3,1,0,0
ORD003244,2024-08-10,CUST01061,Electronics,Power Bank,East,Kolkata,Mobile App,5,3955.06,0.1,19775.28,17797.75,9679.12,Net Banking,Delivered,8118.63,0.4562,2024-08,2024,Q3,1,0,0
ORD003245,2025-03-14,CUST01283,Electronics,Power Bank,Central,Bhopal,Website,1,12569.48,0.25,12569.48,9427.11,7680.17,Net Banking,Delivered,1746.94,0.1853,2025-03,2025,Q1,1,0,0
ORD003246,2024-07-21,CUST01060,Fashion,Denim Jacket,South,Hyderabad,Website,2,3320.32,0.15,6640.65,5644.55,3382.34,UPI,Delivered,2262.21,0.4008,2024-07,2024,Q3,1,0,0
ORD003247,2025-01-15,CUST00182,Home & Kitchen,Mixer Grinder,West,Mumbai,Website,3,2650.03,0.05,7950.09,7552.59,5740.47,Debit Card,Delivered,1812.12,0.2399,2025-01,2025,Q1,1,0,0
ORD003248,2024-03-24,CUST00188,Home & Kitchen,Mixer Grinder,North,Jaipur,Mobile App,4,7047.0,0.15,28187.98,23959.79,18399.24,Debit Card,Delivered,5560.55,0.2321,2024-03,2024,Q1,1,0,0
ORD003249,2024-10-07,CUST01043,Fashion,Backpack,East,Bhubaneswar,Website,4,5379.35,0.05,21517.39,20441.52,14663.44,Net Banking,Delivered,5778.08,0.2827,2024-10,2024,Q4,1,0,0
ORD003250,2024-01-14,CUST00150,Home & Kitchen,Water Bottle,Central,Indore,Website,5,4255.43,0.1,21277.14,19149.42,13589.96,UPI,Delivered,5559.46,0.2903,2024-01,2024,Q1,1,0,0
ORD003251,2025-01-08,CUST01469,Beauty,Face Serum,North,Chandigarh,Mobile App,3,2375.1,0.1,7125.3,6412.77,3847.99,Credit Card,Delivered,2564.78,0.3999,2025-01,2025,Q1,1,0,0
ORD003252,2025-04-03,CUST00572,Sports,Cricket Bat,Central,Nagpur,Mobile App,3,4350.8,0.0,13052.41,13052.41,10713.9,Net Banking,Returned,2338.51,0.1792,2025-04,2025,Q2,0,1,0
ORD003253,2025-03-17,CUST00643,Fashion,Sunglasses,Central,Bhopal,Website,4,4544.68,0.1,18178.74,16360.87,10971.87,Debit Card,Delivered,5389.0,0.3294,2025-03,2025,Q1,1,0,0
ORD003254,2024-04-28,CUST00113,Fashion,Backpack,North,Delhi,Website,4,935.72,0.1,3742.88,3368.59,2101.31,Net Banking,Returned,1267.28,0.3762,2024-04,2024,Q2,0,1,0
ORD003255,2024-03-16,CUST00120,Home & Kitchen,Air Fryer,Central,Bhopal,Website,2,1406.97,0.1,2813.94,2532.55,1320.34,Cash on Delivery,Returned,1212.21,0.4787,2024-03,2024,Q1,0,1,0
ORD003256,2024-10-25,CUST01276,Fashion,Sunglasses,West,Mumbai,Mobile App,1,4558.69,0.1,4558.69,4102.82,2420.62,Cash on Delivery,Delivered,1682.2,0.41,2024-10,2024,Q4,1,0,0
ORD003257,2024-07-02,CUST01107,Fashion,Backpack,South,Chennai,Mobile App,3,2839.43,0.0,8518.28,8518.28,6446.57,Debit Card,Delivered,2071.71,0.2432,2024-07,2024,Q3,1,0,0
ORD003258,2024-06-28,CUST01437,Sports,Yoga Mat,Central,Bhopal,Mobile App,3,551.75,0.0,1655.26,1655.26,902.89,Net Banking,Delivered,752.37,0.4545,2024-06,2024,Q2,1,0,0
ORD003259,2025-02-10,CUST00280,Fashion,Sunglasses,North,Chandigarh,Marketplace,5,553.54,0.25,2767.71,2075.78,1182.35,UPI,Delivered,893.43,0.4304,2025-02,2025,Q1,1,0,0
ORD003260,2024-04-08,CUST00807,Electronics,Power Bank,West,Pune,Marketplace,2,2147.21,0.05,4294.41,4079.69,3199.21,UPI,Delivered,880.48,0.2158,2024-04,2024,Q2,1,0,0
ORD003261,2024-01-01,CUST01207,Electronics,Wireless Headphones,East,Patna,Mobile App,3,15247.89,0.0,45743.67,45743.67,30883.3,Credit Card,Delivered,14860.37,0.3249,2024-01,2024,Q1,1,0,0
ORD003262,2024-11-13,CUST00144,Beauty,Shampoo,South,Hyderabad,Website,5,1108.41,0.2,5542.04,4433.63,2935.07,UPI,Delivered,1498.56,0.338,2024-11,2024,Q4,1,0,0
ORD003263,2024-04-22,CUST00653,Sports,Cricket Bat,Central,Bhopal,Website,3,4459.02,0.1,13377.06,12039.35,9634.66,UPI,Pending,2404.69,0.1997,2024-04,2024,Q2,0,0,0
ORD003264,2024-08-27,CUST01537,Fashion,Sunglasses,North,Jaipur,Website,2,3067.43,0.05,6134.86,5828.11,4519.37,Cash on Delivery,Delivered,1308.74,0.2246,2024-08,2024,Q3,1,0,0
ORD003265,2024-10-29,CUST01335,Sports,Resistance Bands,South,Hyderabad,Marketplace,2,5567.49,0.15,11134.99,9464.74,5927.56,Debit Card,Delivered,3537.18,0.3737,2024-10,2024,Q4,1,0,0
ORD003266,2024-06-13,CUST00187,Home & Kitchen,Coffee Maker,East,Kolkata,Mobile App,4,4195.56,0.2,16782.23,13425.78,10181.56,Debit Card,Delivered,3244.22,0.2416,2024-06,2024,Q2,1,0,0
ORD003267,2025-04-25,CUST00219,Beauty,Sunscreen,North,Delhi,Mobile App,4,2037.23,0.0,8148.92,8148.92,6273.76,Credit Card,Delivered,1875.16,0.2301,2025-04,2025,Q2,1,0,0
ORD003268,2024-09-28,CUST01460,Home & Kitchen,Water Bottle,South,Chennai,Mobile App,4,6973.54,0.1,27894.16,25104.75,17078.54,Net Banking,Delivered,8026.21,0.3197,2024-09,2024,Q3,1,0,0
ORD003269,2024-02-22,CUST01325,Fashion,T-Shirt,West,Pune,Mobile App,2,681.12,0.05,1362.23,1294.12,965.91,Cash on Delivery,Delivered,328.21,0.2536,2024-02,2024,Q1,1,0,0
ORD003270,2025-03-02,CUST00791,Home & Kitchen,Storage Box,South,Chennai,Website,4,3624.18,0.0,14496.71,14496.71,10552.29,Debit Card,Delivered,3944.42,0.2721,2025-03,2025,Q1,1,0,0
ORD003271,2024-11-29,CUST01567,Electronics,Bluetooth Speaker,North,Jaipur,Website,3,5158.82,0.05,15476.46,14702.64,11606.69,Debit Card,Delivered,3095.95,0.2106,2024-11,2024,Q4,1,0,0
ORD003272,2024-08-16,CUST01473,Electronics,Smartwatch,West,Pune,Mobile App,4,21509.25,0.0,86037.02,86037.02,48534.86,UPI,Returned,37502.16,0.4359,2024-08,2024,Q3,0,1,0
ORD003273,2024-01-07,CUST00559,Sports,Resistance Bands,Central,Indore,Mobile App,1,510.28,0.05,510.28,484.76,269.51,Cash on Delivery,Delivered,215.25,0.444,2024-01,2024,Q1,1,0,0
ORD003274,2024-12-16,CUST00963,Electronics,Power Bank,Central,Bhopal,Marketplace,1,12298.69,0.25,12298.69,9224.02,5853.18,Net Banking,Delivered,3370.84,0.3654,2024-12,2024,Q4,1,0,0
ORD003275,2024-10-26,CUST00894,Fashion,Running Shoes,North,Jaipur,Mobile App,3,2008.33,0.1,6024.98,5422.48,3685.8,Net Banking,Delivered,1736.68,0.3203,2024-10,2024,Q4,1,0,0
ORD003276,2024-06-20,CUST00228,Beauty,Moisturizer,West,Pune,Website,5,445.8,0.1,2228.99,2006.09,1586.55,UPI,Returned,419.54,0.2091,2024-06,2024,Q2,0,1,0
ORD003277,2024-06-17,CUST01112,Home & Kitchen,Storage Box,South,Bengaluru,Mobile App,4,2445.54,0.2,9782.18,7825.74,4763.55,Debit Card,Delivered,3062.19,0.3913,2024-06,2024,Q2,1,0,0
ORD003278,2024-02-29,CUST00114,Home & Kitchen,Air Fryer,West,Ahmedabad,Mobile App,5,4845.61,0.15,24228.05,20593.85,14086.73,Debit Card,Delivered,6507.12,0.316,2024-02,2024,Q1,1,0,0
ORD003279,2025-06-01,CUST01057,Fashion,Backpack,Central,Bhopal,Marketplace,1,4584.85,0.2,4584.85,3667.88,2557.49,Credit Card,Delivered,1110.39,0.3027,2025-06,2025,Q2,1,0,0
ORD003280,2024-12-10,CUST01507,Electronics,Laptop Stand,North,Chandigarh,Marketplace,4,8246.51,0.15,32986.03,28038.12,18683.82,Debit Card,Delivered,9354.3,0.3336,2024-12,2024,Q4,1,0,0
ORD003281,2025-02-06,CUST00395,Fashion,Backpack,West,Pune,Website,1,3689.81,0.05,3689.81,3505.32,1889.91,Net Banking,Delivered,1615.41,0.4608,2025-02,2025,Q1,1,0,0
ORD003282,2025-05-15,CUST00167,Beauty,Shampoo,West,Mumbai,Website,5,1938.35,0.05,9691.74,9207.15,5374.05,Credit Card,Delivered,3833.1,0.4163,2025-05,2025,Q2,1,0,0
ORD003283,2024-02-24,CUST00867,Electronics,Power Bank,North,Jaipur,Website,2,12883.69,0.2,25767.38,20613.91,14654.41,Cash on Delivery,Delivered,5959.5,0.2891,2024-02,2024,Q1,1,0,0
ORD003284,2024-05-21,CUST01458,Fashion,Denim Jacket,Central,Bhopal,Website,4,2475.43,0.05,9901.7,9406.62,5772.5,Debit Card,Returned,3634.12,0.3863,2024-05,2024,Q2,0,1,0
ORD003285,2025-04-27,CUST01414,Fashion,Backpack,West,Mumbai,Website,4,4201.49,0.2,16805.97,13444.77,9215.52,Cash on Delivery,Delivered,4229.25,0.3146,2025-04,2025,Q2,1,0,0
ORD003286,2025-03-08,CUST01411,Sports,Dumbbells,Central,Bhopal,Website,5,4180.63,0.1,20903.16,18812.84,10043.48,Cash on Delivery,Returned,8769.36,0.4661,2025-03,2025,Q1,0,1,0
ORD003287,2024-08-12,CUST00093,Electronics,Bluetooth Speaker,Central,Nagpur,Mobile App,3,20916.58,0.1,62749.75,56474.77,43555.65,UPI,Delivered,12919.12,0.2288,2024-08,2024,Q3,1,0,0
ORD003288,2024-06-04,CUST01383,Electronics,Smartwatch,Central,Bhopal,Marketplace,3,12466.91,0.05,37400.73,35530.69,22793.82,Cash on Delivery,Delivered,12736.87,0.3585,2024-06,2024,Q2,1,0,0
ORD003289,2024-02-22,CUST01111,Home & Kitchen,Water Bottle,North,Chandigarh,Website,4,3182.52,0.15,12730.07,10820.56,6995.29,Debit Card,Delivered,3825.27,0.3535,2024-02,2024,Q1,1,0,0
ORD003290,2025-06-19,CUST01415,Fashion,Sunglasses,West,Ahmedabad,Website,1,4888.96,0.2,4888.96,3911.17,2185.46,Credit Card,Delivered,1725.71,0.4412,2025-06,2025,Q2,1,0,0
ORD003291,2024-12-29,CUST00592,Beauty,Face Serum,West,Mumbai,Website,5,2537.89,0.15,12689.46,10786.04,6184.75,Net Banking,Delivered,4601.29,0.4266,2024-12,2024,Q4,1,0,0
ORD003292,2024-07-10,CUST01078,Home & Kitchen,Storage Box,South,Hyderabad,Marketplace,5,3859.67,0.15,19298.37,16403.61,10790.46,Cash on Delivery,Delivered,5613.15,0.3422,2024-07,2024,Q3,1,0,0
ORD003293,2025-05-26,CUST00917,Electronics,Laptop Stand,North,Chandigarh,Website,1,10869.14,0.05,10869.14,10325.69,7790.42,Debit Card,Pending,2535.27,0.2455,2025-05,2025,Q2,0,0,0
ORD003294,2024-04-14,CUST01299,Electronics,Bluetooth Speaker,East,Bhubaneswar,Mobile App,4,2044.84,0.1,8179.35,7361.41,4517.69,Credit Card,Delivered,2843.72,0.3863,2024-04,2024,Q2,1,0,0
ORD003295,2024-05-27,CUST01153,Sports,Cricket Bat,West,Mumbai,Marketplace,1,627.7,0.1,627.7,564.93,454.06,UPI,Delivered,110.87,0.1963,2024-05,2024,Q2,1,0,0
ORD003296,2025-04-04,CUST00443,Fashion,Sunglasses,East,Patna,Website,1,2742.68,0.05,2742.68,2605.54,1978.69,Credit Card,Cancelled,626.85,0.2406,2025-04,2025,Q2,0,0,1
ORD003297,2024-12-27,CUST01320,Fashion,Denim Jacket,North,Jaipur,Mobile App,3,2044.92,0.05,6134.76,5828.02,3216.75,UPI,Delivered,2611.27,0.4481,2024-12,2024,Q4,1,0,0
ORD003298,2025-06-29,CUST00561,Electronics,Laptop Stand,South,Bengaluru,Mobile App,5,13507.52,0.2,67537.6,54030.08,31594.26,UPI,Delivered,22435.82,0.4152,2025-06,2025,Q2,1,0,0
ORD003299,2024-09-01,CUST00741,Fashion,Denim Jacket,Central,Bhopal,Mobile App,4,4888.3,0.2,19553.22,15642.57,9161.74,Net Banking,Delivered,6480.83,0.4143,2024-09,2024,Q3,1,0,0
ORD003300,2025-03-21,CUST00112,Fashion,Denim Jacket,South,Hyderabad,Website,4,2394.41,0.05,9577.64,9098.76,5418.35,Credit Card,Delivered,3680.41,0.4045,2025-03,2025,Q1,1,0,0
ORD003301,2025-05-01,CUST00895,Sports,Dumbbells,Central,Bhopal,Mobile App,2,3215.36,0.15,6430.73,5466.12,4487.68,Cash on Delivery,Delivered,978.44,0.179,2025-05,2025,Q2,1,0,0
ORD003302,2024-06-06,CUST01024,Electronics,Laptop Stand,North,Chandigarh,Marketplace,4,19049.54,0.1,76198.16,68578.34,56278.07,Credit Card,Delivered,12300.27,0.1794,2024-06,2024,Q2,1,0,0
ORD003303,2024-05-16,CUST01026,Beauty,Lip Balm,North,Chandigarh,Mobile App,2,2510.05,0.1,5020.11,4518.1,3120.79,Net Banking,Delivered,1397.31,0.3093,2024-05,2024,Q2,1,0,0
ORD003304,2025-01-10,CUST00784,Sports,Cricket Bat,West,Ahmedabad,Mobile App,1,2812.83,0.25,2812.83,2109.62,1663.4,UPI,Delivered,446.22,0.2115,2025-01,2025,Q1,1,0,0
ORD003305,2024-11-19,CUST01118,Sports,Resistance Bands,South,Bengaluru,Mobile App,5,6099.98,0.1,30499.9,27449.91,15143.49,Cash on Delivery,Delivered,12306.42,0.4483,2024-11,2024,Q4,1,0,0
ORD003306,2025-06-01,CUST01247,Fashion,Denim Jacket,North,Chandigarh,Mobile App,4,4887.07,0.1,19548.28,17593.45,9649.61,Debit Card,Delivered,7943.84,0.4515,2025-06,2025,Q2,1,0,0
ORD003307,2024-03-12,CUST00720,Beauty,Shampoo,Central,Nagpur,Website,5,853.96,0.1,4269.79,3842.81,3157.27,Net Banking,Delivered,685.54,0.1784,2024-03,2024,Q1,1,0,0
ORD003308,2025-05-10,CUST00566,Electronics,Power Bank,North,Delhi,Marketplace,1,17202.36,0.2,17202.36,13761.89,10084.82,Cash on Delivery,Delivered,3677.07,0.2672,2025-05,2025,Q2,1,0,0
ORD003309,2025-01-08,CUST00071,Electronics,Laptop Stand,West,Mumbai,Mobile App,3,7478.6,0.2,22435.79,17948.63,11128.37,Net Banking,Delivered,6820.26,0.38,2025-01,2025,Q1,1,0,0
ORD003310,2024-01-21,CUST01044,Sports,Dumbbells,North,Jaipur,Website,5,1283.29,0.25,6416.45,4812.34,2672.63,Net Banking,Delivered,2139.71,0.4446,2024-01,2024,Q1,1,0,0
ORD003311,2025-04-04,CUST01385,Fashion,Sunglasses,North,Jaipur,Website,1,3755.5,0.2,3755.5,3004.4,2188.04,Credit Card,Pending,816.36,0.2717,2025-04,2025,Q2,0,0,0
ORD003312,2024-02-05,CUST01545,Fashion,Backpack,South,Hyderabad,Marketplace,3,869.68,0.0,2609.05,2609.05,1633.99,Credit Card,Delivered,975.06,0.3737,2024-02,2024,Q1,1,0,0
ORD003313,2024-03-18,CUST00585,Electronics,Power Bank,Central,Bhopal,Website,1,4087.27,0.0,4087.27,4087.27,2648.26,Cash on Delivery,Delivered,1439.01,0.3521,2024-03,2024,Q1,1,0,0
ORD003314,2025-01-30,CUST00466,Fashion,Backpack,Central,Indore,Website,2,3964.96,0.0,7929.91,7929.91,5969.77,UPI,Delivered,1960.14,0.2472,2025-01,2025,Q1,1,0,0
ORD003315,2024-12-18,CUST01007,Fashion,T-Shirt,North,Jaipur,Website,2,5309.24,0.05,10618.48,10087.55,8238.73,Credit Card,Returned,1848.82,0.1833,2024-12,2024,Q4,0,1,0
ORD003316,2024-09-22,CUST00488,Sports,Resistance Bands,South,Hyderabad,Mobile App,4,5257.89,0.2,21031.56,16825.25,11773.89,UPI,Delivered,5051.36,0.3002,2024-09,2024,Q3,1,0,0
ORD003317,2024-03-18,CUST00210,Beauty,Face Serum,South,Bengaluru,Website,2,783.91,0.1,1567.83,1411.04,843.52,Cash on Delivery,Delivered,567.52,0.4022,2024-03,2024,Q1,1,0,0
ORD003318,2024-08-04,CUST01431,Sports,Yoga Mat,East,Bhubaneswar,Mobile App,4,4913.78,0.0,19655.11,19655.11,13869.73,Debit Card,Delivered,5785.38,0.2943,2024-08,2024,Q3,1,0,0
ORD003319,2025-01-25,CUST01305,Electronics,Smartwatch,North,Jaipur,Marketplace,3,8040.99,0.2,24122.97,19298.38,11228.13,Cash on Delivery,Delivered,8070.25,0.4182,2025-01,2025,Q1,1,0,0
ORD003320,2024-01-15,CUST01306,Fashion,Running Shoes,West,Pune,Website,3,3269.5,0.05,9808.51,9318.08,6279.08,Debit Card,Delivered,3039.0,0.3261,2024-01,2024,Q1,1,0,0
ORD003321,2024-02-12,CUST01235,Electronics,Power Bank,East,Patna,Mobile App,3,6842.79,0.15,20528.37,17449.11,13693.93,Debit Card,Delivered,3755.18,0.2152,2024-02,2024,Q1,1,0,0
ORD003322,2025-04-17,CUST00793,Beauty,Moisturizer,North,Delhi,Website,1,1407.88,0.0,1407.88,1407.88,1046.51,UPI,Delivered,361.37,0.2567,2025-04,2025,Q2,1,0,0
ORD003323,2024-07-05,CUST00135,Sports,Resistance Bands,West,Pune,Mobile App,5,2340.88,0.1,11704.42,10533.98,5931.04,UPI,Delivered,4602.94,0.437,2024-07,2024,Q3,1,0,0
ORD003324,2025-02-04,CUST01218,Home & Kitchen,Mixer Grinder,West,Pune,Marketplace,5,1104.22,0.2,5521.1,4416.88,2749.27,Cash on Delivery,Delivered,1667.61,0.3776,2025-02,2025,Q1,1,0,0
ORD003325,2024-12-01,CUST01134,Electronics,Smartwatch,South,Hyderabad,Mobile App,2,1424.98,0.15,2849.96,2422.46,1770.88,Cash on Delivery,Delivered,651.58,0.269,2024-12,2024,Q4,1,0,0
ORD003326,2024-07-27,CUST01161,Fashion,Denim Jacket,Central,Nagpur,Mobile App,2,3058.52,0.2,6117.05,4893.64,3974.71,Cash on Delivery,Delivered,918.93,0.1878,2024-07,2024,Q3,1,0,0
ORD003327,2024-09-22,CUST00760,Electronics,Power Bank,South,Hyderabad,Website,1,9150.28,0.1,9150.28,8235.26,5497.73,UPI,Delivered,2737.53,0.3324,2024-09,2024,Q3,1,0,0
ORD003328,2024-11-13,CUST01029,Electronics,Wireless Headphones,North,Chandigarh,Website,2,14233.46,0.0,28466.92,28466.92,20511.94,Credit Card,Delivered,7954.98,0.2794,2024-11,2024,Q4,1,0,0
ORD003329,2024-01-10,CUST01318,Beauty,Moisturizer,West,Ahmedabad,Mobile App,3,1460.66,0.15,4381.97,3724.67,2165.5,UPI,Delivered,1559.17,0.4186,2024-01,2024,Q1,1,0,0
ORD003330,2025-03-02,CUST00408,Electronics,Laptop Stand,Central,Bhopal,Mobile App,3,20049.41,0.2,60148.23,48118.58,26601.19,Debit Card,Delivered,21517.39,0.4472,2025-03,2025,Q1,1,0,0
ORD003331,2024-04-20,CUST00884,Beauty,Face Serum,East,Kolkata,Marketplace,4,2723.51,0.2,10894.03,8715.23,4665.85,UPI,Delivered,4049.38,0.4646,2024-04,2024,Q2,1,0,0
ORD003332,2024-12-05,CUST01296,Home & Kitchen,Mixer Grinder,West,Pune,Mobile App,4,7351.94,0.1,29407.78,26467.0,17819.76,Credit Card,Delivered,8647.24,0.3267,2024-12,2024,Q4,1,0,0
ORD003333,2024-04-10,CUST00371,Electronics,Laptop Stand,North,Delhi,Marketplace,1,7959.75,0.05,7959.75,7561.76,4446.41,Net Banking,Pending,3115.35,0.412,2024-04,2024,Q2,0,0,0
ORD003334,2024-03-29,CUST00879,Fashion,Sunglasses,South,Bengaluru,Marketplace,4,1007.81,0.1,4031.26,3628.13,2352.77,Net Banking,Delivered,1275.36,0.3515,2024-03,2024,Q1,1,0,0
ORD003335,2025-03-11,CUST00366,Sports,Football,Central,Nagpur,Mobile App,2,4144.77,0.0,8289.55,8289.55,6655.0,UPI,Cancelled,1634.55,0.1972,2025-03,2025,Q1,0,0,1
ORD003336,2024-08-03,CUST01084,Electronics,Laptop Stand,South,Hyderabad,Website,4,20888.87,0.2,83555.48,66844.38,49075.57,Net Banking,Delivered,17768.81,0.2658,2024-08,2024,Q3,1,0,0
ORD003337,2024-09-09,CUST00122,Home & Kitchen,Storage Box,East,Patna,Marketplace,1,5545.02,0.0,5545.02,5545.02,4545.32,Credit Card,Cancelled,999.7,0.1803,2024-09,2024,Q3,0,0,1
ORD003338,2024-04-21,CUST00061,Fashion,Denim Jacket,Central,Bhopal,Mobile App,3,1239.45,0.05,3718.34,3532.43,2198.3,Credit Card,Delivered,1334.13,0.3777,2024-04,2024,Q2,1,0,0
ORD003339,2024-07-13,CUST00277,Home & Kitchen,Coffee Maker,West,Mumbai,Mobile App,1,7752.36,0.2,7752.36,6201.89,4821.96,Credit Card,Delivered,1379.93,0.2225,2024-07,2024,Q3,1,0,0
ORD003340,2025-03-11,CUST01176,Fashion,Sunglasses,Central,Bhopal,Mobile App,1,4625.6,0.05,4625.6,4394.32,2843.97,Debit Card,Delivered,1550.35,0.3528,2025-03,2025,Q1,1,0,0
ORD003341,2025-03-07,CUST00556,Fashion,Backpack,East,Patna,Mobile App,1,4479.6,0.15,4479.6,3807.66,2616.86,Net Banking,Delivered,1190.8,0.3127,2025-03,2025,Q1,1,0,0
ORD003342,2025-06-30,CUST00543,Home & Kitchen,Water Bottle,North,Delhi,Website,4,7858.84,0.2,31435.36,25148.29,20444.79,UPI,Delivered,4703.5,0.187,2025-06,2025,Q2,1,0,0
ORD003343,2025-05-05,CUST01109,Fashion,Running Shoes,East,Patna,Mobile App,5,2501.02,0.1,12505.09,11254.58,9406.51,Net Banking,Delivered,1848.07,0.1642,2025-05,2025,Q2,1,0,0
ORD003344,2024-02-28,CUST00189,Home & Kitchen,Water Bottle,South,Chennai,Website,3,4627.74,0.2,13883.22,11106.57,8018.31,Net Banking,Returned,3088.26,0.2781,2024-02,2024,Q1,0,1,0
ORD003345,2025-04-05,CUST00301,Sports,Football,West,Mumbai,Website,1,4694.25,0.2,4694.25,3755.4,2622.8,Credit Card,Delivered,1132.6,0.3016,2025-04,2025,Q2,1,0,0
ORD003346,2025-06-26,CUST01302,Sports,Football,South,Bengaluru,Mobile App,2,3493.7,0.15,6987.4,5939.29,4924.22,Cash on Delivery,Delivered,1015.07,0.1709,2025-06,2025,Q2,1,0,0
ORD003347,2025-01-09,CUST00689,Electronics,Bluetooth Speaker,North,Delhi,Marketplace,5,18502.97,0.0,92514.87,92514.87,54860.94,UPI,Delivered,37653.93,0.407,2025-01,2025,Q1,1,0,0
ORD003348,2024-09-14,CUST01487,Electronics,Wireless Headphones,Central,Indore,Mobile App,3,12321.51,0.25,36964.52,27723.39,15770.81,Credit Card,Delivered,11952.58,0.4311,2024-09,2024,Q3,1,0,0
ORD003349,2025-04-08,CUST01042,Electronics,Wireless Headphones,South,Bengaluru,Website,1,6518.56,0.2,6518.56,5214.85,3326.31,UPI,Delivered,1888.54,0.3621,2025-04,2025,Q2,1,0,0
ORD003350,2024-01-28,CUST01255,Fashion,Backpack,South,Hyderabad,Marketplace,5,2820.86,0.2,14104.3,11283.44,6814.53,Debit Card,Delivered,4468.91,0.3961,2024-01,2024,Q1,1,0,0
ORD003351,2025-03-27,CUST00400,Beauty,Shampoo,West,Mumbai,Marketplace,5,797.47,0.0,3987.35,3987.35,2803.04,Debit Card,Delivered,1184.31,0.297,2025-03,2025,Q1,1,0,0
ORD003352,2024-04-05,CUST00091,Beauty,Moisturizer,Central,Nagpur,Website,3,1919.26,0.15,5757.79,4894.12,3031.78,Debit Card,Delivered,1862.34,0.3805,2024-04,2024,Q2,1,0,0
ORD003353,2024-09-03,CUST00259,Electronics,Bluetooth Speaker,South,Hyderabad,Website,2,8175.28,0.2,16350.56,13080.44,10200.26,Cash on Delivery,Delivered,2880.18,0.2202,2024-09,2024,Q3,1,0,0
ORD003354,2024-05-11,CUST00383,Beauty,Lip Balm,West,Pune,Mobile App,4,2325.31,0.0,9301.26,9301.26,5247.57,Credit Card,Delivered,4053.69,0.4358,2024-05,2024,Q2,1,0,0
ORD003355,2025-02-14,CUST01519,Home & Kitchen,Coffee Maker,South,Bengaluru,Website,4,3732.71,0.1,14930.84,13437.75,10950.39,Credit Card,Pending,2487.36,0.1851,2025-02,2025,Q1,0,0,0
ORD003356,2024-08-21,CUST00096,Electronics,Bluetooth Speaker,East,Bhubaneswar,Marketplace,1,15808.41,0.15,15808.41,13437.15,9725.8,Net Banking,Delivered,3711.35,0.2762,2024-08,2024,Q3,1,0,0
ORD003357,2024-03-06,CUST01278,Electronics,Power Bank,East,Patna,Mobile App,5,12475.73,0.1,62378.64,56140.78,30459.41,Net Banking,Delivered,25681.37,0.4574,2024-03,2024,Q1,1,0,0
ORD003358,2025-05-17,CUST00661,Electronics,Laptop Stand,Central,Nagpur,Mobile App,3,17455.96,0.1,52367.89,47131.1,36860.7,Cash on Delivery,Delivered,10270.4,0.2179,2025-05,2025,Q2,1,0,0
ORD003359,2024-06-26,CUST00869,Beauty,Lip Balm,East,Bhubaneswar,Website,5,2533.69,0.1,12668.44,11401.6,8381.25,UPI,Delivered,3020.35,0.2649,2024-06,2024,Q2,1,0,0
ORD003360,2025-04-22,CUST00433,Beauty,Face Serum,North,Jaipur,Mobile App,2,2687.68,0.05,5375.36,5106.59,2830.0,Credit Card,Delivered,2276.59,0.4458,2025-04,2025,Q2,1,0,0
ORD003361,2024-03-29,CUST01576,Home & Kitchen,Water Bottle,East,Bhubaneswar,Mobile App,1,4058.07,0.0,4058.07,4058.07,2553.94,Credit Card,Delivered,1504.13,0.3707,2024-03,2024,Q1,1,0,0
ORD003362,2024-06-17,CUST01599,Beauty,Shampoo,North,Chandigarh,Mobile App,2,1019.08,0.1,2038.15,1834.34,1181.23,Net Banking,Delivered,653.11,0.356,2024-06,2024,Q2,1,0,0
ORD003363,2024-07-05,CUST01243,Fashion,Denim Jacket,South,Hyderabad,Website,5,2877.38,0.05,14386.91,13667.56,7949.62,UPI,Pending,5717.94,0.4184,2024-07,2024,Q3,0,0,0
ORD003364,2024-09-10,CUST00953,Electronics,Bluetooth Speaker,East,Kolkata,Marketplace,1,21694.61,0.05,21694.61,20609.88,10742.71,Cash on Delivery,Delivered,9867.17,0.4788,2024-09,2024,Q3,1,0,0
ORD003365,2024-02-23,CUST00768,Fashion,Denim Jacket,North,Jaipur,Mobile App,1,4222.98,0.15,4222.98,3589.53,2485.78,UPI,Delivered,1103.75,0.3075,2024-02,2024,Q1,1,0,0
ORD003366,2025-04-23,CUST00852,Sports,Yoga Mat,North,Jaipur,Mobile App,1,6034.7,0.0,6034.7,6034.7,4468.26,Credit Card,Delivered,1566.44,0.2596,2025-04,2025,Q2,1,0,0
ORD003367,2024-11-09,CUST00472,Home & Kitchen,Air Fryer,West,Ahmedabad,Marketplace,3,915.16,0.05,2745.47,2608.2,1882.07,UPI,Cancelled,726.13,0.2784,2024-11,2024,Q4,0,0,1
ORD003368,2024-09-14,CUST00350,Beauty,Face Serum,South,Hyderabad,Marketplace,1,1807.65,0.1,1807.65,1626.88,1102.25,Cash on Delivery,Delivered,524.63,0.3225,2024-09,2024,Q3,1,0,0
ORD003369,2025-01-29,CUST00408,Electronics,Smartwatch,South,Hyderabad,Website,3,6345.67,0.1,19037.02,17133.32,9302.52,Cash on Delivery,Delivered,7830.8,0.4571,2025-01,2025,Q1,1,0,0
ORD003370,2024-04-20,CUST01008,Electronics,Power Bank,West,Pune,Mobile App,1,19439.37,0.0,19439.37,19439.37,10342.16,Credit Card,Delivered,9097.21,0.468,2024-04,2024,Q2,1,0,0
ORD003371,2025-01-27,CUST01408,Sports,Resistance Bands,South,Chennai,Mobile App,4,4132.22,0.1,16528.88,14875.99,11482.45,Debit Card,Delivered,3393.54,0.2281,2025-01,2025,Q1,1,0,0
ORD003372,2024-07-21,CUST01020,Electronics,Smartwatch,Central,Nagpur,Mobile App,2,12361.16,0.15,24722.32,21013.97,15498.62,Debit Card,Delivered,5515.35,0.2625,2024-07,2024,Q3,1,0,0
ORD003373,2025-03-15,CUST00834,Sports,Football,South,Chennai,Mobile App,4,6444.5,0.1,25778.02,23200.22,15054.04,UPI,Delivered,8146.18,0.3511,2025-03,2025,Q1,1,0,0
ORD003374,2025-02-17,CUST00386,Electronics,Laptop Stand,Central,Bhopal,Marketplace,3,12784.6,0.1,38353.79,34518.41,20329.87,Cash on Delivery,Delivered,14188.54,0.411,2025-02,2025,Q1,1,0,0
ORD003375,2024-02-22,CUST01097,Electronics,Smartwatch,West,Mumbai,Mobile App,1,9328.35,0.05,9328.35,8861.93,7319.83,UPI,Delivered,1542.1,0.174,2024-02,2024,Q1,1,0,0
ORD003376,2024-11-05,CUST01423,Home & Kitchen,Air Fryer,Central,Nagpur,Website,5,1834.98,0.0,9174.89,9174.89,7379.72,Debit Card,Delivered,1795.17,0.1957,2024-11,2024,Q4,1,0,0
ORD003377,2024-07-01,CUST01286,Beauty,Moisturizer,Central,Indore,Website,4,452.22,0.1,1808.87,1627.98,1304.11,Cash on Delivery,Delivered,323.87,0.1989,2024-07,2024,Q3,1,0,0
ORD003378,2025-04-17,CUST00548,Fashion,Backpack,South,Hyderabad,Website,3,3652.55,0.0,10957.65,10957.65,8904.27,Net Banking,Delivered,2053.38,0.1874,2025-04,2025,Q2,1,0,0
ORD003379,2024-12-21,CUST01068,Home & Kitchen,Mixer Grinder,Central,Bhopal,Website,5,2696.42,0.05,13482.09,12807.98,8636.0,Net Banking,Delivered,4171.98,0.3257,2024-12,2024,Q4,1,0,0
ORD003380,2024-07-16,CUST00709,Sports,Cricket Bat,Central,Indore,Marketplace,4,6755.61,0.1,27022.44,24320.19,18951.31,UPI,Delivered,5368.88,0.2208,2024-07,2024,Q3,1,0,0
ORD003381,2025-02-14,CUST00654,Sports,Cricket Bat,Central,Nagpur,Mobile App,4,4043.21,0.15,16172.85,13746.93,8567.46,Debit Card,Delivered,5179.47,0.3768,2025-02,2025,Q1,1,0,0
ORD003382,2024-09-29,CUST00470,Home & Kitchen,Water Bottle,East,Bhubaneswar,Mobile App,1,4201.25,0.1,4201.25,3781.13,2065.86,Net Banking,Delivered,1715.27,0.4536,2024-09,2024,Q3,1,0,0
ORD003383,2024-03-15,CUST00379,Fashion,Running Shoes,Central,Bhopal,Marketplace,5,2584.51,0.15,12922.57,10984.19,6485.32,Debit Card,Returned,4498.87,0.4096,2024-03,2024,Q1,0,1,0
ORD003384,2024-04-30,CUST00417,Electronics,Laptop Stand,Central,Indore,Website,3,14273.64,0.1,42820.91,38538.82,30926.36,UPI,Delivered,7612.46,0.1975,2024-04,2024,Q2,1,0,0
ORD003385,2024-04-21,CUST00456,Fashion,Sunglasses,South,Bengaluru,Marketplace,1,388.66,0.1,388.66,349.8,205.91,Debit Card,Delivered,143.89,0.4113,2024-04,2024,Q2,1,0,0
ORD003386,2024-11-24,CUST00476,Home & Kitchen,Air Fryer,North,Jaipur,Website,2,5913.42,0.15,11826.85,10052.82,7404.91,Credit Card,Delivered,2647.91,0.2634,2024-11,2024,Q4,1,0,0
ORD003387,2024-12-09,CUST00614,Fashion,Running Shoes,East,Bhubaneswar,Website,3,2771.55,0.05,8314.65,7898.92,4507.22,Net Banking,Delivered,3391.7,0.4294,2024-12,2024,Q4,1,0,0
ORD003388,2025-02-08,CUST00740,Electronics,Laptop Stand,Central,Bhopal,Website,4,8848.11,0.0,35392.46,35392.46,23762.32,Debit Card,Cancelled,11630.14,0.3286,2025-02,2025,Q1,0,0,1
ORD003389,2024-09-01,CUST00842,Home & Kitchen,Water Bottle,East,Patna,Website,4,8084.2,0.0,32336.81,32336.81,24863.74,UPI,Delivered,7473.07,0.2311,2024-09,2024,Q3,1,0,0
ORD003390,2024-05-18,CUST00904,Electronics,Wireless Headphones,South,Hyderabad,Mobile App,2,19895.97,0.05,39791.94,37802.35,28854.66,Cash on Delivery,Delivered,8947.69,0.2367,2024-05,2024,Q2,1,0,0
ORD003391,2024-04-16,CUST01409,Sports,Dumbbells,North,Jaipur,Mobile App,1,2385.29,0.1,2385.29,2146.76,1744.67,Debit Card,Delivered,402.09,0.1873,2024-04,2024,Q2,1,0,0
ORD003392,2024-12-06,CUST00418,Sports,Resistance Bands,Central,Nagpur,Website,2,2176.27,0.05,4352.54,4134.91,3208.13,Debit Card,Pending,926.78,0.2241,2024-12,2024,Q4,0,0,0
ORD003393,2024-11-10,CUST00506,Fashion,Backpack,East,Bhubaneswar,Website,2,1272.16,0.05,2544.31,2417.1,1536.48,Debit Card,Delivered,880.62,0.3643,2024-11,2024,Q4,1,0,0
ORD003394,2025-05-25,CUST01069,Home & Kitchen,Storage Box,West,Ahmedabad,Website,4,4898.53,0.2,19594.12,15675.3,11690.21,Debit Card,Returned,3985.09,0.2542,2025-05,2025,Q2,0,1,0
ORD003395,2024-04-11,CUST00737,Home & Kitchen,Water Bottle,West,Pune,Marketplace,4,4690.87,0.0,18763.49,18763.49,13122.24,Credit Card,Delivered,5641.25,0.3007,2024-04,2024,Q2,1,0,0
ORD003396,2024-08-06,CUST01563,Electronics,Smartwatch,West,Ahmedabad,Marketplace,3,8841.87,0.15,26525.62,22546.78,12155.02,Debit Card,Delivered,10391.76,0.4609,2024-08,2024,Q3,1,0,0
ORD003397,2024-11-20,CUST01509,Electronics,Bluetooth Speaker,West,Pune,Website,1,2178.05,0.15,2178.05,1851.34,1315.77,Cash on Delivery,Delivered,535.57,0.2893,2024-11,2024,Q4,1,0,0
ORD003398,2024-11-08,CUST01364,Electronics,Laptop Stand,East,Bhubaneswar,Mobile App,5,4527.75,0.15,22638.76,19242.95,12021.69,Debit Card,Returned,7221.26,0.3753,2024-11,2024,Q4,0,1,0
ORD003399,2024-03-03,CUST00051,Electronics,Bluetooth Speaker,West,Ahmedabad,Website,2,6325.63,0.15,12651.27,10753.58,8347.72,Debit Card,Delivered,2405.86,0.2237,2024-03,2024,Q1,1,0,0
ORD003400,2025-01-09,CUST00930,Home & Kitchen,Air Fryer,Central,Nagpur,Website,5,2377.03,0.05,11885.13,11290.87,8814.0,UPI,Cancelled,2476.87,0.2194,2025-01,2025,Q1,0,0,1
ORD003401,2024-01-16,CUST01481,Sports,Football,Central,Indore,Mobile App,4,929.72,0.0,3718.87,3718.87,2428.61,Credit Card,Returned,1290.26,0.3469,2024-01,2024,Q1,0,1,0
ORD003402,2025-06-13,CUST01224,Home & Kitchen,Air Fryer,North,Jaipur,Marketplace,2,8538.86,0.2,17077.73,13662.18,10372.87,Debit Card,Delivered,3289.31,0.2408,2025-06,2025,Q2,1,0,0
ORD003403,2025-01-07,CUST01053,Fashion,Sunglasses,North,Delhi,Marketplace,3,991.76,0.05,2975.27,2826.5,1506.74,Cash on Delivery,Delivered,1319.76,0.4669,2025-01,2025,Q1,1,0,0
ORD003404,2025-04-27,CUST01194,Sports,Cricket Bat,Central,Bhopal,Website,2,3319.98,0.15,6639.95,5643.96,3837.27,Credit Card,Delivered,1806.69,0.3201,2025-04,2025,Q2,1,0,0
ORD003405,2025-03-15,CUST01195,Electronics,Wireless Headphones,East,Patna,Mobile App,3,2413.69,0.0,7241.06,7241.06,5509.96,Cash on Delivery,Delivered,1731.1,0.2391,2025-03,2025,Q1,1,0,0
ORD003406,2024-03-13,CUST00377,Fashion,Denim Jacket,South,Hyderabad,Website,2,2080.39,0.2,4160.78,3328.63,2314.8,Cash on Delivery,Cancelled,1013.83,0.3046,2024-03,2024,Q1,0,0,1
ORD003407,2025-03-18,CUST00474,Sports,Yoga Mat,North,Jaipur,Website,1,3028.99,0.1,3028.99,2726.09,2133.99,Net Banking,Delivered,592.1,0.2172,2025-03,2025,Q1,1,0,0
ORD003408,2024-08-09,CUST00067,Home & Kitchen,Storage Box,South,Hyderabad,Website,4,4228.33,0.15,16913.3,14376.31,9813.59,Debit Card,Delivered,4562.72,0.3174,2024-08,2024,Q3,1,0,0
ORD003409,2024-06-13,CUST01447,Electronics,Power Bank,Central,Bhopal,Marketplace,2,11680.79,0.2,23361.59,18689.27,12331.39,Net Banking,Cancelled,6357.88,0.3402,2024-06,2024,Q2,0,0,1
ORD003410,2024-05-22,CUST01131,Fashion,T-Shirt,West,Mumbai,Mobile App,4,4761.26,0.1,19045.03,17140.53,12083.39,Credit Card,Delivered,5057.14,0.295,2024-05,2024,Q2,1,0,0
ORD003411,2025-06-05,CUST00311,Fashion,Sunglasses,South,Chennai,Website,1,499.33,0.0,499.33,499.33,317.65,Net Banking,Delivered,181.68,0.3638,2025-06,2025,Q2,1,0,0
ORD003412,2024-11-04,CUST00838,Home & Kitchen,Air Fryer,North,Delhi,Mobile App,3,6127.82,0.0,18383.47,18383.47,12898.19,Cash on Delivery,Delivered,5485.28,0.2984,2024-11,2024,Q4,1,0,0
ORD003413,2024-04-14,CUST01358,Fashion,Sunglasses,South,Hyderabad,Marketplace,2,502.68,0.05,1005.36,955.09,564.03,Credit Card,Delivered,391.06,0.4094,2024-04,2024,Q2,1,0,0
ORD003414,2024-12-10,CUST01091,Fashion,T-Shirt,South,Chennai,Website,1,2154.82,0.2,2154.82,1723.85,1353.71,Debit Card,Delivered,370.14,0.2147,2024-12,2024,Q4,1,0,0
ORD003415,2024-03-20,CUST00823,Beauty,Sunscreen,West,Ahmedabad,Mobile App,4,621.73,0.2,2486.92,1989.54,1383.07,Debit Card,Delivered,606.47,0.3048,2024-03,2024,Q1,1,0,0
ORD003416,2024-01-22,CUST01094,Electronics,Wireless Headphones,North,Chandigarh,Website,2,7450.01,0.0,14900.02,14900.02,8848.55,Cash on Delivery,Delivered,6051.47,0.4061,2024-01,2024,Q1,1,0,0
ORD003417,2024-02-07,CUST01471,Home & Kitchen,Storage Box,North,Chandigarh,Mobile App,1,1452.93,0.1,1452.93,1307.64,731.89,UPI,Delivered,575.75,0.4403,2024-02,2024,Q1,1,0,0
ORD003418,2024-06-07,CUST00162,Home & Kitchen,Coffee Maker,West,Pune,Marketplace,3,8126.98,0.05,24380.93,23161.88,13418.7,Debit Card,Cancelled,9743.18,0.4207,2024-06,2024,Q2,0,0,1
ORD003419,2024-06-08,CUST00401,Beauty,Sunscreen,East,Bhubaneswar,Website,2,933.58,0.0,1867.16,1867.16,1291.85,Cash on Delivery,Delivered,575.31,0.3081,2024-06,2024,Q2,1,0,0
ORD003420,2024-03-09,CUST00428,Sports,Yoga Mat,East,Bhubaneswar,Website,2,1547.75,0.2,3095.5,2476.4,1867.97,Debit Card,Delivered,608.43,0.2457,2024-03,2024,Q1,1,0,0
ORD003421,2024-08-14,CUST00453,Home & Kitchen,Coffee Maker,East,Bhubaneswar,Marketplace,1,4807.4,0.05,4807.4,4567.03,3217.85,Cash on Delivery,Cancelled,1349.18,0.2954,2024-08,2024,Q3,0,0,1
ORD003422,2024-08-08,CUST01500,Electronics,Wireless Headphones,West,Mumbai,Marketplace,5,16161.96,0.0,80809.82,80809.82,42117.31,Net Banking,Delivered,38692.51,0.4788,2024-08,2024,Q3,1,0,0
ORD003423,2024-07-04,CUST00572,Beauty,Face Serum,North,Jaipur,Website,1,1867.7,0.0,1867.7,1867.7,1459.43,Cash on Delivery,Delivered,408.27,0.2186,2024-07,2024,Q3,1,0,0
ORD003424,2025-02-01,CUST00997,Fashion,Backpack,West,Mumbai,Website,2,4259.71,0.1,8519.42,7667.48,4579.31,Net Banking,Delivered,3088.17,0.4028,2025-02,2025,Q1,1,0,0
ORD003425,2025-01-12,CUST01306,Fashion,Running Shoes,South,Bengaluru,Mobile App,3,1383.28,0.15,4149.84,3527.36,2773.32,Cash on Delivery,Pending,754.04,0.2138,2025-01,2025,Q1,0,0,0
ORD003426,2025-04-14,CUST00700,Beauty,Moisturizer,South,Bengaluru,Marketplace,2,1181.41,0.0,2362.82,2362.82,1309.92,Credit Card,Delivered,1052.9,0.4456,2025-04,2025,Q2,1,0,0
ORD003427,2024-07-15,CUST00376,Home & Kitchen,Air Fryer,West,Pune,Website,5,5982.77,0.1,29913.84,26922.46,15688.31,Credit Card,Delivered,11234.15,0.4173,2024-07,2024,Q3,1,0,0
ORD003428,2024-04-19,CUST01266,Fashion,Backpack,North,Delhi,Website,3,2625.87,0.25,7877.6,5908.2,3082.13,Net Banking,Delivered,2826.07,0.4783,2024-04,2024,Q2,1,0,0
ORD003429,2025-02-14,CUST01328,Fashion,Backpack,West,Ahmedabad,Mobile App,1,3400.65,0.2,3400.65,2720.52,1913.49,UPI,Delivered,807.03,0.2966,2025-02,2025,Q1,1,0,0
ORD003430,2024-12-13,CUST00615,Sports,Football,East,Patna,Mobile App,4,2161.1,0.05,8644.39,8212.17,6401.77,UPI,Delivered,1810.4,0.2205,2024-12,2024,Q4,1,0,0
ORD003431,2024-11-30,CUST00664,Home & Kitchen,Air Fryer,South,Bengaluru,Marketplace,2,2088.3,0.0,4176.61,4176.61,3444.73,Debit Card,Delivered,731.88,0.1752,2024-11,2024,Q4,1,0,0
ORD003432,2025-06-23,CUST01223,Fashion,Running Shoes,East,Patna,Marketplace,3,3419.15,0.1,10257.45,9231.7,6397.52,Cash on Delivery,Delivered,2834.18,0.307,2025-06,2025,Q2,1,0,0
ORD003433,2024-06-11,CUST00793,Fashion,T-Shirt,North,Chandigarh,Website,4,1389.27,0.15,5557.07,4723.51,3600.07,Debit Card,Delivered,1123.44,0.2378,2024-06,2024,Q2,1,0,0
ORD003434,2025-06-30,CUST00971,Sports,Football,North,Chandigarh,Website,2,1507.25,0.05,3014.5,2863.77,1555.86,Net Banking,Delivered,1307.91,0.4567,2025-06,2025,Q2,1,0,0
ORD003435,2024-10-15,CUST01529,Fashion,Sunglasses,South,Chennai,Website,4,4073.27,0.1,16293.08,14663.77,9294.48,UPI,Pending,5369.29,0.3662,2024-10,2024,Q4,0,0,0
ORD003436,2024-02-24,CUST00901,Electronics,Bluetooth Speaker,East,Kolkata,Website,1,17063.33,0.1,17063.33,15357.0,12455.43,Net Banking,Delivered,2901.57,0.1889,2024-02,2024,Q1,1,0,0
ORD003437,2025-03-19,CUST00108,Fashion,Denim Jacket,North,Delhi,Marketplace,1,3192.11,0.05,3192.11,3032.5,2263.8,UPI,Delivered,768.7,0.2535,2025-03,2025,Q1,1,0,0
ORD003438,2025-02-12,CUST01368,Home & Kitchen,Water Bottle,East,Patna,Website,4,2047.53,0.05,8190.1,7780.6,5533.39,Net Banking,Delivered,2247.21,0.2888,2025-02,2025,Q1,1,0,0
ORD003439,2024-10-23,CUST01105,Home & Kitchen,Air Fryer,South,Hyderabad,Website,1,9487.23,0.0,9487.23,9487.23,6751.78,Net Banking,Delivered,2735.45,0.2883,2024-10,2024,Q4,1,0,0
ORD003440,2025-05-16,CUST00258,Fashion,Running Shoes,South,Bengaluru,Marketplace,3,1993.1,0.1,5979.31,5381.38,3978.77,Cash on Delivery,Delivered,1402.61,0.2606,2025-05,2025,Q2,1,0,0
ORD003441,2025-02-07,CUST00697,Electronics,Power Bank,North,Jaipur,Mobile App,2,3004.21,0.05,6008.42,5708.0,3104.16,UPI,Delivered,2603.84,0.4562,2025-02,2025,Q1,1,0,0
ORD003442,2025-03-28,CUST00433,Fashion,Sunglasses,East,Patna,Website,5,1227.5,0.05,6137.48,5830.61,3445.08,UPI,Delivered,2385.53,0.4091,2025-03,2025,Q1,1,0,0
ORD003443,2025-04-25,CUST00892,Electronics,Bluetooth Speaker,South,Bengaluru,Website,2,13671.87,0.0,27343.74,27343.74,22274.86,Net Banking,Pending,5068.88,0.1854,2025-04,2025,Q2,0,0,0
ORD003444,2025-02-03,CUST00384,Sports,Resistance Bands,South,Chennai,Marketplace,5,3753.2,0.0,18766.02,18766.02,12761.5,Net Banking,Delivered,6004.52,0.32,2025-02,2025,Q1,1,0,0
ORD003445,2025-06-18,CUST01104,Sports,Dumbbells,South,Hyderabad,Mobile App,1,3820.87,0.05,3820.87,3629.83,2190.4,Cash on Delivery,Delivered,1439.43,0.3966,2025-06,2025,Q2,1,0,0
ORD003446,2025-04-22,CUST00545,Fashion,T-Shirt,North,Delhi,Mobile App,4,1369.29,0.1,5477.16,4929.44,3013.13,Net Banking,Delivered,1916.31,0.3887,2025-04,2025,Q2,1,0,0
ORD003447,2025-06-23,CUST01438,Electronics,Bluetooth Speaker,South,Hyderabad,Website,2,21491.47,0.15,42982.95,36535.51,22305.57,Debit Card,Delivered,14229.94,0.3895,2025-06,2025,Q2,1,0,0
ORD003448,2024-10-18,CUST00603,Beauty,Face Serum,Central,Nagpur,Mobile App,1,1247.05,0.15,1247.05,1059.99,562.0,Cash on Delivery,Cancelled,497.99,0.4698,2024-10,2024,Q4,0,0,1
ORD003449,2024-04-10,CUST01115,Beauty,Moisturizer,Central,Nagpur,Mobile App,5,2137.73,0.15,10688.63,9085.34,6728.58,UPI,Delivered,2356.76,0.2594,2024-04,2024,Q2,1,0,0
ORD003450,2024-02-11,CUST00742,Home & Kitchen,Storage Box,South,Chennai,Marketplace,4,9447.74,0.05,37790.96,35901.41,29809.78,Cash on Delivery,Delivered,6091.63,0.1697,2024-02,2024,Q1,1,0,0
ORD003451,2025-01-29,CUST01381,Home & Kitchen,Coffee Maker,East,Bhubaneswar,Website,4,9703.72,0.1,38814.86,34933.38,28993.69,Cash on Delivery,Delivered,5939.69,0.17,2025-01,2025,Q1,1,0,0
ORD003452,2024-12-24,CUST00956,Home & Kitchen,Coffee Maker,North,Chandigarh,Website,4,9637.73,0.1,38550.93,34695.84,26589.4,Net Banking,Returned,8106.44,0.2336,2024-12,2024,Q4,0,1,0
ORD003453,2025-01-01,CUST00982,Beauty,Lip Balm,Central,Indore,Mobile App,1,1865.38,0.1,1865.38,1678.84,1347.61,Net Banking,Delivered,331.23,0.1973,2025-01,2025,Q1,1,0,0
ORD003454,2024-11-20,CUST00041,Beauty,Sunscreen,South,Chennai,Mobile App,1,1351.42,0.05,1351.42,1283.85,696.41,Credit Card,Delivered,587.44,0.4576,2024-11,2024,Q4,1,0,0
ORD003455,2024-04-11,CUST01568,Beauty,Sunscreen,South,Bengaluru,Marketplace,2,2784.94,0.15,5569.89,4734.41,2567.86,UPI,Delivered,2166.55,0.4576,2024-04,2024,Q2,1,0,0
ORD003456,2024-03-25,CUST01011,Home & Kitchen,Coffee Maker,South,Hyderabad,Marketplace,3,2599.13,0.15,7797.39,6627.78,3453.14,UPI,Delivered,3174.64,0.479,2024-03,2024,Q1,1,0,0
ORD003457,2024-09-17,CUST01412,Home & Kitchen,Mixer Grinder,North,Chandigarh,Website,3,3775.66,0.1,11326.97,10194.28,6228.75,Net Banking,Pending,3965.53,0.389,2024-09,2024,Q3,0,0,0
ORD003458,2024-12-25,CUST00164,Beauty,Shampoo,North,Jaipur,Website,1,1139.57,0.2,1139.57,911.65,645.74,Cash on Delivery,Returned,265.91,0.2917,2024-12,2024,Q4,0,1,0
ORD003459,2024-05-30,CUST00422,Home & Kitchen,Air Fryer,North,Jaipur,Website,5,2349.39,0.0,11746.95,11746.95,7181.97,UPI,Delivered,4564.98,0.3886,2024-05,2024,Q2,1,0,0
ORD003460,2024-08-21,CUST00218,Fashion,Denim Jacket,Central,Indore,Website,4,3005.27,0.0,12021.08,12021.08,8390.61,Credit Card,Delivered,3630.47,0.302,2024-08,2024,Q3,1,0,0
ORD003461,2025-02-25,CUST00749,Sports,Resistance Bands,West,Pune,Mobile App,5,3838.78,0.05,19193.89,18234.2,12297.75,Credit Card,Delivered,5936.45,0.3256,2025-02,2025,Q1,1,0,0
ORD003462,2025-05-21,CUST01530,Fashion,Backpack,West,Pune,Marketplace,5,1000.64,0.0,5003.21,5003.21,3125.22,Cash on Delivery,Pending,1877.99,0.3754,2025-05,2025,Q2,0,0,0
ORD003463,2024-02-01,CUST01467,Fashion,Backpack,Central,Bhopal,Mobile App,3,1704.85,0.2,5114.55,4091.64,2293.09,Cash on Delivery,Delivered,1798.55,0.4396,2024-02,2024,Q1,1,0,0
ORD003464,2025-01-22,CUST00824,Home & Kitchen,Mixer Grinder,West,Mumbai,Marketplace,4,6470.11,0.0,25880.42,25880.42,17744.77,UPI,Delivered,8135.65,0.3144,2025-01,2025,Q1,1,0,0
ORD003465,2025-06-11,CUST01365,Beauty,Moisturizer,North,Delhi,Marketplace,4,233.3,0.0,933.21,933.21,753.42,Credit Card,Delivered,179.79,0.1927,2025-06,2025,Q2,1,0,0
ORD003466,2024-01-21,CUST00469,Home & Kitchen,Mixer Grinder,South,Bengaluru,Mobile App,4,8698.6,0.25,34794.39,26095.8,14563.66,Cash on Delivery,Cancelled,11532.14,0.4419,2024-01,2024,Q1,0,0,1
ORD003467,2024-11-05,CUST00079,Home & Kitchen,Storage Box,Central,Nagpur,Marketplace,3,2198.15,0.1,6594.46,5935.01,4688.68,Credit Card,Delivered,1246.33,0.21,2024-11,2024,Q4,1,0,0
ORD003468,2024-02-18,CUST01314,Electronics,Bluetooth Speaker,West,Mumbai,Website,1,19031.03,0.05,19031.03,18079.48,12192.07,Credit Card,Returned,5887.41,0.3256,2024-02,2024,Q1,0,1,0
ORD003469,2024-08-19,CUST01532,Beauty,Moisturizer,Central,Indore,Website,4,2928.29,0.05,11713.18,11127.52,8481.96,Cash on Delivery,Cancelled,2645.56,0.2377,2024-08,2024,Q3,0,0,1
ORD003470,2024-11-05,CUST00705,Electronics,Smartwatch,North,Jaipur,Mobile App,2,19026.68,0.1,38053.35,34248.02,19514.34,Credit Card,Cancelled,14733.68,0.4302,2024-11,2024,Q4,0,0,1
ORD003471,2025-04-23,CUST01498,Sports,Resistance Bands,North,Chandigarh,Mobile App,2,2891.08,0.05,5782.15,5493.05,3272.46,Debit Card,Delivered,2220.59,0.4043,2025-04,2025,Q2,1,0,0
ORD003472,2024-01-07,CUST01082,Fashion,Backpack,West,Ahmedabad,Website,5,1475.13,0.1,7375.67,6638.11,4911.32,Cash on Delivery,Pending,1726.79,0.2601,2024-01,2024,Q1,0,0,0
ORD003473,2024-04-16,CUST00430,Electronics,Wireless Headphones,South,Bengaluru,Website,3,16451.84,0.2,49355.52,39484.42,27876.46,Debit Card,Delivered,11607.96,0.294,2024-04,2024,Q2,1,0,0
ORD003474,2025-04-07,CUST00855,Beauty,Lip Balm,Central,Indore,Website,1,1945.43,0.2,1945.43,1556.35,1127.65,Cash on Delivery,Cancelled,428.7,0.2755,2025-04,2025,Q2,0,0,1
ORD003475,2025-01-04,CUST00024,Fashion,Sunglasses,South,Chennai,Website,3,1215.22,0.05,3645.66,3463.37,2178.39,Debit Card,Delivered,1284.98,0.371,2025-01,2025,Q1,1,0,0
ORD003476,2024-12-07,CUST00592,Sports,Resistance Bands,West,Mumbai,Mobile App,2,4083.23,0.1,8166.46,7349.81,6158.19,Debit Card,Delivered,1191.62,0.1621,2024-12,2024,Q4,1,0,0
ORD003477,2025-06-09,CUST01355,Electronics,Smartwatch,South,Chennai,Marketplace,2,8922.92,0.15,17845.84,15168.96,8558.46,Cash on Delivery,Delivered,6610.5,0.4358,2025-06,2025,Q2,1,0,0
ORD003478,2024-07-24,CUST00442,Electronics,Laptop Stand,Central,Nagpur,Mobile App,3,21493.45,0.0,64480.34,64480.34,46481.69,Debit Card,Delivered,17998.65,0.2791,2024-07,2024,Q3,1,0,0
ORD003479,2024-03-11,CUST01423,Beauty,Sunscreen,West,Pune,Mobile App,4,2694.32,0.05,10777.26,10238.4,5778.92,Net Banking,Cancelled,4459.48,0.4356,2024-03,2024,Q1,0,0,1
ORD003480,2024-11-27,CUST00359,Home & Kitchen,Water Bottle,North,Delhi,Mobile App,2,2194.76,0.25,4389.52,3292.14,2119.56,UPI,Delivered,1172.58,0.3562,2024-11,2024,Q4,1,0,0
ORD003481,2024-03-15,CUST01585,Electronics,Wireless Headphones,North,Delhi,Website,4,15473.92,0.0,61895.67,61895.67,39746.68,Credit Card,Delivered,22148.99,0.3578,2024-03,2024,Q1,1,0,0
ORD003482,2025-01-04,CUST00854,Fashion,Sunglasses,North,Chandigarh,Website,4,4848.31,0.0,19393.24,19393.24,14964.36,Net Banking,Delivered,4428.88,0.2284,2025-01,2025,Q1,1,0,0
ORD003483,2024-03-01,CUST01259,Sports,Football,West,Ahmedabad,Marketplace,2,1574.07,0.2,3148.14,2518.51,1794.44,Cash on Delivery,Pending,724.07,0.2875,2024-03,2024,Q1,0,0,0
ORD003484,2025-05-02,CUST00471,Sports,Football,West,Ahmedabad,Mobile App,5,2184.33,0.0,10921.64,10921.64,6801.77,Credit Card,Delivered,4119.87,0.3772,2025-05,2025,Q2,1,0,0
ORD003485,2025-04-22,CUST00858,Beauty,Face Serum,North,Jaipur,Mobile App,5,1963.09,0.05,9815.43,9324.66,7747.17,UPI,Delivered,1577.49,0.1692,2025-04,2025,Q2,1,0,0
ORD003486,2025-01-13,CUST01253,Electronics,Bluetooth Speaker,West,Pune,Mobile App,2,14048.09,0.15,28096.19,23881.76,13431.76,Net Banking,Delivered,10450.0,0.4376,2025-01,2025,Q1,1,0,0
ORD003487,2025-06-18,CUST00176,Home & Kitchen,Mixer Grinder,North,Chandigarh,Mobile App,1,3584.5,0.0,3584.5,3584.5,2672.52,UPI,Delivered,911.98,0.2544,2025-06,2025,Q2,1,0,0
ORD003488,2024-04-21,CUST00095,Beauty,Moisturizer,West,Mumbai,Mobile App,5,2565.31,0.15,12826.53,10902.55,7789.52,Cash on Delivery,Delivered,3113.03,0.2855,2024-04,2024,Q2,1,0,0
ORD003489,2025-04-23,CUST01521,Sports,Yoga Mat,North,Delhi,Mobile App,5,2127.01,0.1,10635.07,9571.56,7580.44,Credit Card,Returned,1991.12,0.208,2025-04,2025,Q2,0,1,0
ORD003490,2025-02-18,CUST00019,Home & Kitchen,Air Fryer,East,Patna,Mobile App,5,5511.67,0.2,27558.33,22046.66,17231.18,Net Banking,Cancelled,4815.48,0.2184,2025-02,2025,Q1,0,0,1
ORD003491,2025-06-26,CUST01421,Fashion,Backpack,West,Pune,Mobile App,5,3745.3,0.0,18726.48,18726.48,11430.54,UPI,Delivered,7295.94,0.3896,2025-06,2025,Q2,1,0,0
ORD003492,2024-05-20,CUST00624,Electronics,Smartwatch,West,Mumbai,Website,5,16516.65,0.2,82583.24,66066.59,43381.22,Net Banking,Delivered,22685.37,0.3434,2024-05,2024,Q2,1,0,0
ORD003493,2025-04-07,CUST00395,Beauty,Face Serum,Central,Indore,Website,2,1262.54,0.1,2525.09,2272.58,1347.16,Net Banking,Delivered,925.42,0.4072,2025-04,2025,Q2,1,0,0
ORD003494,2024-04-07,CUST00356,Home & Kitchen,Storage Box,South,Chennai,Mobile App,3,2386.23,0.15,7158.7,6084.9,5108.56,Debit Card,Delivered,976.34,0.1605,2024-04,2024,Q2,1,0,0
ORD003495,2025-06-23,CUST00206,Beauty,Face Serum,West,Ahmedabad,Marketplace,3,394.01,0.1,1182.02,1063.81,634.33,Net Banking,Delivered,429.48,0.4037,2025-06,2025,Q2,1,0,0
ORD003496,2025-01-31,CUST01342,Electronics,Laptop Stand,South,Chennai,Mobile App,3,7782.81,0.15,23348.42,19846.16,13032.51,Credit Card,Delivered,6813.65,0.3433,2025-01,2025,Q1,1,0,0
ORD003497,2025-05-14,CUST00188,Electronics,Laptop Stand,Central,Indore,Mobile App,1,18551.86,0.15,18551.86,15769.08,10968.3,Net Banking,Returned,4800.78,0.3044,2025-05,2025,Q2,0,1,0
ORD003498,2025-06-20,CUST00580,Home & Kitchen,Water Bottle,West,Ahmedabad,Mobile App,5,685.51,0.0,3427.57,3427.57,2066.54,Net Banking,Delivered,1361.03,0.3971,2025-06,2025,Q2,1,0,0
ORD003499,2025-01-22,CUST00194,Sports,Yoga Mat,West,Pune,Mobile App,3,4135.99,0.0,12407.96,12407.96,8927.39,Cash on Delivery,Delivered,3480.57,0.2805,2025-01,2025,Q1,1,0,0
ORD003500,2025-06-17,CUST00657,Beauty,Shampoo,North,Jaipur,Marketplace,3,1359.15,0.2,4077.44,3261.95,2515.62,Net Banking,Delivered,746.33,0.2288,2025-06,2025,Q2,1,0,0
ORD003501,2024-03-13,CUST01410,Home & Kitchen,Mixer Grinder,Central,Indore,Mobile App,5,4716.09,0.0,23580.45,23580.45,16844.04,Net Banking,Delivered,6736.41,0.2857,2024-03,2024,Q1,1,0,0
ORD003502,2025-02-03,CUST00756,Fashion,Sunglasses,West,Mumbai,Mobile App,4,2954.68,0.0,11818.73,11818.73,8995.65,UPI,Delivered,2823.08,0.2389,2025-02,2025,Q1,1,0,0
ORD003503,2024-02-18,CUST00324,Electronics,Power Bank,Central,Indore,Marketplace,4,3704.27,0.2,14817.1,11853.68,7544.57,Net Banking,Pending,4309.11,0.3635,2024-02,2024,Q1,0,0,0
ORD003504,2024-07-13,CUST00520,Sports,Yoga Mat,East,Bhubaneswar,Website,1,4415.2,0.05,4415.2,4194.44,3235.31,Net Banking,Delivered,959.13,0.2287,2024-07,2024,Q3,1,0,0
ORD003505,2024-12-24,CUST01504,Beauty,Face Serum,West,Mumbai,Website,1,1055.86,0.15,1055.86,897.48,682.96,UPI,Delivered,214.52,0.239,2024-12,2024,Q4,1,0,0
ORD003506,2025-06-18,CUST00639,Fashion,Running Shoes,West,Pune,Mobile App,2,4160.97,0.0,8321.94,8321.94,6965.81,Credit Card,Delivered,1356.13,0.163,2025-06,2025,Q2,1,0,0
ORD003507,2024-02-16,CUST00782,Home & Kitchen,Storage Box,North,Jaipur,Mobile App,4,6234.06,0.1,24936.23,22442.61,12199.4,Credit Card,Delivered,10243.21,0.4564,2024-02,2024,Q1,1,0,0
ORD003508,2024-11-16,CUST00265,Sports,Resistance Bands,Central,Nagpur,Mobile App,3,5953.37,0.1,17860.11,16074.1,10643.09,Cash on Delivery,Delivered,5431.01,0.3379,2024-11,2024,Q4,1,0,0
ORD003509,2024-04-12,CUST01310,Fashion,Denim Jacket,West,Mumbai,Mobile App,5,4210.72,0.05,21053.6,20000.92,15185.9,Debit Card,Pending,4815.02,0.2407,2024-04,2024,Q2,0,0,0
ORD003510,2025-02-17,CUST00752,Electronics,Bluetooth Speaker,West,Ahmedabad,Mobile App,5,10645.0,0.1,53225.0,47902.5,25135.15,Credit Card,Delivered,22767.35,0.4753,2025-02,2025,Q1,1,0,0
ORD003511,2024-10-05,CUST01377,Home & Kitchen,Storage Box,Central,Bhopal,Mobile App,2,8058.3,0.05,16116.6,15310.77,12344.32,UPI,Delivered,2966.45,0.1937,2024-10,2024,Q4,1,0,0
ORD003512,2024-11-10,CUST00631,Home & Kitchen,Storage Box,North,Delhi,Mobile App,2,535.91,0.05,1071.82,1018.23,648.82,Net Banking,Delivered,369.41,0.3628,2024-11,2024,Q4,1,0,0
ORD003513,2024-09-08,CUST00200,Electronics,Bluetooth Speaker,West,Pune,Marketplace,4,15771.99,0.1,63087.94,56779.15,46727.84,UPI,Delivered,10051.31,0.177,2024-09,2024,Q3,1,0,0
ORD003514,2024-09-27,CUST01353,Electronics,Bluetooth Speaker,North,Delhi,Mobile App,3,10331.77,0.0,30995.32,30995.32,23930.24,Debit Card,Delivered,7065.08,0.2279,2024-09,2024,Q3,1,0,0
ORD003515,2024-03-22,CUST00578,Home & Kitchen,Coffee Maker,Central,Nagpur,Marketplace,2,2049.3,0.05,4098.6,3893.67,2584.85,Cash on Delivery,Delivered,1308.82,0.3361,2024-03,2024,Q1,1,0,0
ORD003516,2024-01-17,CUST00657,Fashion,Running Shoes,Central,Bhopal,Website,5,5422.6,0.15,27113.01,23046.06,12481.8,Cash on Delivery,Delivered,10564.26,0.4584,2024-01,2024,Q1,1,0,0
ORD003517,2024-03-07,CUST00011,Fashion,Running Shoes,West,Mumbai,Mobile App,3,1938.85,0.1,5816.55,5234.9,3733.62,Cash on Delivery,Delivered,1501.28,0.2868,2024-03,2024,Q1,1,0,0
ORD003518,2025-02-11,CUST01168,Fashion,Running Shoes,North,Chandigarh,Marketplace,5,3930.33,0.2,19651.67,15721.34,10448.06,Cash on Delivery,Delivered,5273.28,0.3354,2025-02,2025,Q1,1,0,0
ORD003519,2024-07-17,CUST01557,Fashion,Running Shoes,South,Chennai,Mobile App,2,1004.25,0.1,2008.49,1807.64,1179.34,Debit Card,Returned,628.3,0.3476,2024-07,2024,Q3,0,1,0
ORD003520,2024-02-02,CUST01100,Home & Kitchen,Storage Box,West,Mumbai,Mobile App,5,7537.88,0.0,37689.41,37689.41,22609.9,Cash on Delivery,Delivered,15079.51,0.4001,2024-02,2024,Q1,1,0,0
ORD003521,2024-05-24,CUST00204,Sports,Resistance Bands,West,Pune,Mobile App,2,1352.93,0.1,2705.86,2435.27,1904.05,Credit Card,Delivered,531.22,0.2181,2024-05,2024,Q2,1,0,0
ORD003522,2024-06-07,CUST00259,Electronics,Bluetooth Speaker,West,Mumbai,Mobile App,3,3922.67,0.1,11768.01,10591.21,8498.47,UPI,Cancelled,2092.74,0.1976,2024-06,2024,Q2,0,0,1
ORD003523,2025-06-12,CUST00677,Fashion,Backpack,South,Hyderabad,Website,1,3105.87,0.0,3105.87,3105.87,1909.67,UPI,Delivered,1196.2,0.3851,2025-06,2025,Q2,1,0,0
ORD003524,2024-03-23,CUST00256,Fashion,Running Shoes,East,Kolkata,Marketplace,3,4767.69,0.25,14303.08,10727.31,7773.17,Credit Card,Delivered,2954.14,0.2754,2024-03,2024,Q1,1,0,0
ORD003525,2024-02-19,CUST01399,Electronics,Wireless Headphones,South,Chennai,Website,3,3896.84,0.1,11690.53,10521.48,8506.54,Cash on Delivery,Delivered,2014.94,0.1915,2024-02,2024,Q1,1,0,0
ORD003526,2025-05-21,CUST00677,Electronics,Laptop Stand,South,Chennai,Marketplace,3,11897.21,0.05,35691.64,33907.06,23390.86,UPI,Delivered,10516.2,0.3101,2025-05,2025,Q2,1,0,0
ORD003527,2024-01-26,CUST00610,Fashion,Sunglasses,North,Delhi,Website,2,1343.07,0.05,2686.13,2551.83,2028.74,Debit Card,Delivered,523.09,0.205,2024-01,2024,Q1,1,0,0
ORD003528,2024-06-06,CUST01443,Fashion,Running Shoes,West,Ahmedabad,Marketplace,2,2025.74,0.15,4051.48,3443.76,2019.53,Net Banking,Delivered,1424.23,0.4136,2024-06,2024,Q2,1,0,0
ORD003529,2024-02-14,CUST01107,Fashion,Sunglasses,West,Pune,Website,4,4643.74,0.1,18574.95,16717.45,12399.8,Cash on Delivery,Delivered,4317.65,0.2583,2024-02,2024,Q1,1,0,0
ORD003530,2024-04-07,CUST01343,Fashion,T-Shirt,South,Hyderabad,Website,1,3070.5,0.05,3070.5,2916.98,1911.62,Debit Card,Delivered,1005.36,0.3447,2024-04,2024,Q2,1,0,0
ORD003531,2024-08-18,CUST00481,Beauty,Sunscreen,East,Patna,Marketplace,2,1645.81,0.15,3291.62,2797.88,1753.36,Net Banking,Delivered,1044.52,0.3733,2024-08,2024,Q3,1,0,0
ORD003532,2024-01-02,CUST00364,Beauty,Face Serum,South,Bengaluru,Website,2,1044.89,0.05,2089.78,1985.3,1353.98,Debit Card,Delivered,631.32,0.318,2024-01,2024,Q1,1,0,0
ORD003533,2024-10-08,CUST00487,Fashion,Backpack,West,Mumbai,Website,4,303.68,0.15,1214.73,1032.52,638.82,Credit Card,Delivered,393.7,0.3813,2024-10,2024,Q4,1,0,0
ORD003534,2024-03-09,CUST01379,Electronics,Power Bank,South,Chennai,Website,1,12844.1,0.1,12844.1,11559.69,9355.74,UPI,Delivered,2203.95,0.1907,2024-03,2024,Q1,1,0,0
ORD003535,2024-12-23,CUST00173,Electronics,Smartwatch,North,Chandigarh,Mobile App,4,14784.55,0.05,59138.2,56181.29,43030.82,UPI,Pending,13150.47,0.2341,2024-12,2024,Q4,0,0,0
ORD003536,2025-05-14,CUST01196,Fashion,Sunglasses,Central,Indore,Mobile App,5,3454.14,0.1,17270.71,15543.64,10624.45,UPI,Delivered,4919.19,0.3165,2025-05,2025,Q2,1,0,0
ORD003537,2025-06-05,CUST00316,Electronics,Smartwatch,South,Bengaluru,Website,4,10930.7,0.0,43722.81,43722.81,31958.84,Cash on Delivery,Delivered,11763.97,0.2691,2025-06,2025,Q2,1,0,0
ORD003538,2024-06-19,CUST01055,Fashion,T-Shirt,Central,Bhopal,Mobile App,1,2806.03,0.0,2806.03,2806.03,2302.38,Cash on Delivery,Delivered,503.65,0.1795,2024-06,2024,Q2,1,0,0
ORD003539,2025-01-04,CUST00270,Electronics,Bluetooth Speaker,North,Jaipur,Website,2,1369.29,0.25,2738.59,2053.94,1390.22,UPI,Returned,663.72,0.3231,2025-01,2025,Q1,0,1,0
ORD003540,2025-01-16,CUST01530,Electronics,Smartwatch,Central,Nagpur,Marketplace,5,8929.09,0.1,44645.45,40180.91,23710.27,Cash on Delivery,Cancelled,16470.64,0.4099,2025-01,2025,Q1,0,0,1
ORD003541,2025-05-26,CUST01582,Beauty,Sunscreen,Central,Bhopal,Marketplace,2,689.56,0.1,1379.12,1241.21,874.83,Credit Card,Delivered,366.38,0.2952,2025-05,2025,Q2,1,0,0
ORD003542,2024-02-22,CUST00005,Fashion,Backpack,East,Patna,Website,4,3084.39,0.05,12337.58,11720.7,7078.42,Cash on Delivery,Delivered,4642.28,0.3961,2024-02,2024,Q1,1,0,0
ORD003543,2025-06-22,CUST01176,Home & Kitchen,Air Fryer,South,Hyderabad,Mobile App,3,7296.12,0.15,21888.35,18605.1,15182.2,Net Banking,Cancelled,3422.9,0.184,2025-06,2025,Q2,0,0,1
ORD003544,2024-06-14,CUST00050,Beauty,Face Serum,South,Chennai,Website,5,1889.61,0.0,9448.07,9448.07,6334.21,Cash on Delivery,Delivered,3113.86,0.3296,2024-06,2024,Q2,1,0,0
ORD003545,2025-02-07,CUST01570,Beauty,Sunscreen,East,Patna,Mobile App,2,1812.31,0.0,3624.62,3624.62,2147.27,Net Banking,Returned,1477.35,0.4076,2025-02,2025,Q1,0,1,0
ORD003546,2024-09-18,CUST00492,Electronics,Wireless Headphones,East,Kolkata,Mobile App,3,5814.46,0.1,17443.39,15699.05,8229.39,Credit Card,Delivered,7469.66,0.4758,2024-09,2024,Q3,1,0,0
ORD003547,2024-03-17,CUST01517,Sports,Dumbbells,East,Bhubaneswar,Website,4,2681.46,0.0,10725.84,10725.84,8140.92,Cash on Delivery,Delivered,2584.92,0.241,2024-03,2024,Q1,1,0,0
ORD003548,2025-04-22,CUST00675,Fashion,Backpack,West,Mumbai,Website,4,2552.18,0.1,10208.71,9187.84,7415.51,Net Banking,Pending,1772.33,0.1929,2025-04,2025,Q2,0,0,0
ORD003549,2024-05-20,CUST00247,Electronics,Wireless Headphones,North,Jaipur,Website,2,18508.77,0.25,37017.54,27763.16,19305.38,Debit Card,Delivered,8457.78,0.3046,2024-05,2024,Q2,1,0,0
ORD003550,2024-12-07,CUST00634,Sports,Resistance Bands,West,Mumbai,Website,5,877.06,0.0,4385.31,4385.31,3518.52,Credit Card,Delivered,866.79,0.1977,2024-12,2024,Q4,1,0,0
ORD003551,2024-11-09,CUST00599,Home & Kitchen,Air Fryer,East,Bhubaneswar,Mobile App,5,9894.58,0.2,49472.91,39578.33,26777.69,Credit Card,Delivered,12800.64,0.3234,2024-11,2024,Q4,1,0,0
ORD003552,2025-03-10,CUST00686,Fashion,T-Shirt,West,Mumbai,Mobile App,5,4803.06,0.05,24015.29,22814.53,18485.92,Net Banking,Delivered,4328.61,0.1897,2025-03,2025,Q1,1,0,0
ORD003553,2024-07-23,CUST00975,Electronics,Laptop Stand,East,Patna,Website,2,14908.52,0.1,29817.04,26835.34,21003.91,Credit Card,Delivered,5831.43,0.2173,2024-07,2024,Q3,1,0,0
ORD003554,2025-05-16,CUST01367,Home & Kitchen,Storage Box,North,Delhi,Website,1,607.61,0.0,607.61,607.61,386.2,Credit Card,Delivered,221.41,0.3644,2025-05,2025,Q2,1,0,0
ORD003555,2025-03-08,CUST00061,Fashion,Denim Jacket,North,Jaipur,Website,4,4530.56,0.1,18122.23,16310.01,9346.87,Credit Card,Delivered,6963.14,0.4269,2025-03,2025,Q1,1,0,0
ORD003556,2024-03-24,CUST01005,Beauty,Lip Balm,South,Hyderabad,Mobile App,4,2806.92,0.0,11227.67,11227.67,9020.51,UPI,Delivered,2207.16,0.1966,2024-03,2024,Q1,1,0,0
ORD003557,2024-10-11,CUST00838,Sports,Yoga Mat,West,Mumbai,Marketplace,3,6994.78,0.1,20984.35,18885.91,14954.29,UPI,Delivered,3931.62,0.2082,2024-10,2024,Q4,1,0,0
ORD003558,2024-11-07,CUST00614,Electronics,Smartwatch,Central,Nagpur,Website,2,20356.74,0.05,40713.49,38677.81,23795.19,Credit Card,Delivered,14882.62,0.3848,2024-11,2024,Q4,1,0,0
ORD003559,2024-09-15,CUST00569,Fashion,Denim Jacket,East,Bhubaneswar,Website,1,3113.63,0.1,3113.63,2802.27,2211.03,Net Banking,Delivered,591.24,0.211,2024-09,2024,Q3,1,0,0
ORD003560,2024-06-06,CUST00905,Electronics,Smartwatch,South,Bengaluru,Website,4,20495.47,0.0,81981.88,81981.88,61129.37,Debit Card,Delivered,20852.51,0.2544,2024-06,2024,Q2,1,0,0
ORD003561,2024-08-11,CUST01334,Fashion,T-Shirt,East,Kolkata,Marketplace,1,4238.72,0.1,4238.72,3814.85,2115.61,Cash on Delivery,Delivered,1699.24,0.4454,2024-08,2024,Q3,1,0,0
ORD003562,2025-02-28,CUST00982,Home & Kitchen,Air Fryer,Central,Nagpur,Website,3,8261.05,0.05,24783.14,23543.98,16996.45,Net Banking,Delivered,6547.53,0.2781,2025-02,2025,Q1,1,0,0
ORD003563,2025-06-18,CUST00921,Electronics,Wireless Headphones,North,Jaipur,Website,5,19529.71,0.05,97648.55,92766.13,49919.96,Cash on Delivery,Returned,42846.17,0.4619,2025-06,2025,Q2,0,1,0
ORD003564,2024-07-17,CUST01214,Electronics,Bluetooth Speaker,South,Bengaluru,Website,4,17557.26,0.15,70229.05,59694.69,31397.19,Credit Card,Delivered,28297.5,0.474,2024-07,2024,Q3,1,0,0
ORD003565,2024-11-29,CUST01507,Sports,Resistance Bands,North,Delhi,Website,4,1383.45,0.0,5533.8,5533.8,4291.18,Net Banking,Delivered,1242.62,0.2246,2024-11,2024,Q4,1,0,0
ORD003566,2024-04-19,CUST00693,Home & Kitchen,Water Bottle,North,Jaipur,Website,5,5401.29,0.1,27006.47,24305.82,17677.06,Debit Card,Delivered,6628.76,0.2727,2024-04,2024,Q2,1,0,0
ORD003567,2025-06-29,CUST00106,Sports,Football,East,Kolkata,Marketplace,3,5573.27,0.1,16719.8,15047.82,8789.75,UPI,Delivered,6258.07,0.4159,2025-06,2025,Q2,1,0,0
ORD003568,2024-08-18,CUST00611,Electronics,Power Bank,South,Bengaluru,Mobile App,4,8307.49,0.2,33229.96,26583.97,21610.24,Debit Card,Delivered,4973.73,0.1871,2024-08,2024,Q3,1,0,0
ORD003569,2024-02-24,CUST01132,Sports,Yoga Mat,South,Bengaluru,Website,1,3158.16,0.1,3158.16,2842.35,2008.48,UPI,Pending,833.87,0.2934,2024-02,2024,Q1,0,0,0
ORD003570,2024-10-10,CUST00189,Fashion,Backpack,South,Hyderabad,Marketplace,2,3171.43,0.1,6342.86,5708.57,4209.16,Credit Card,Delivered,1499.41,0.2627,2024-10,2024,Q4,1,0,0
ORD003571,2024-01-25,CUST01142,Home & Kitchen,Water Bottle,South,Hyderabad,Website,3,9380.7,0.05,28142.11,26735.01,16447.49,Credit Card,Delivered,10287.52,0.3848,2024-01,2024,Q1,1,0,0
ORD003572,2024-06-03,CUST01381,Sports,Dumbbells,North,Jaipur,Website,4,2236.61,0.2,8946.44,7157.15,4872.94,Credit Card,Delivered,2284.21,0.3192,2024-06,2024,Q2,1,0,0
ORD003573,2025-05-26,CUST00522,Home & Kitchen,Mixer Grinder,South,Bengaluru,Marketplace,3,8948.88,0.0,26846.64,26846.64,16440.56,Cash on Delivery,Returned,10406.08,0.3876,2025-05,2025,Q2,0,1,0
ORD003574,2024-09-30,CUST01484,Home & Kitchen,Air Fryer,West,Ahmedabad,Website,5,3624.07,0.0,18120.33,18120.33,13601.28,Cash on Delivery,Delivered,4519.05,0.2494,2024-09,2024,Q3,1,0,0
ORD003575,2024-07-22,CUST01514,Electronics,Laptop Stand,Central,Bhopal,Marketplace,4,4855.73,0.05,19422.92,18451.77,13195.64,Net Banking,Delivered,5256.13,0.2849,2024-07,2024,Q3,1,0,0
ORD003576,2024-01-19,CUST01522,Fashion,Running Shoes,West,Pune,Marketplace,2,691.56,0.2,1383.13,1106.5,663.78,Cash on Delivery,Pending,442.72,0.4001,2024-01,2024,Q1,0,0,0
ORD003577,2024-01-02,CUST00989,Beauty,Moisturizer,West,Mumbai,Website,2,673.78,0.1,1347.57,1212.81,887.85,UPI,Cancelled,324.96,0.2679,2024-01,2024,Q1,0,0,1
ORD003578,2025-04-13,CUST00520,Electronics,Laptop Stand,West,Ahmedabad,Website,1,16998.76,0.2,16998.76,13599.01,7267.69,Debit Card,Delivered,6331.32,0.4656,2025-04,2025,Q2,1,0,0
ORD003579,2024-07-13,CUST01230,Electronics,Wireless Headphones,East,Bhubaneswar,Mobile App,1,6871.07,0.2,6871.07,5496.86,4360.02,Cash on Delivery,Delivered,1136.84,0.2068,2024-07,2024,Q3,1,0,0
ORD003580,2024-09-05,CUST01562,Electronics,Bluetooth Speaker,North,Delhi,Mobile App,3,18874.23,0.1,56622.68,50960.41,28271.96,Cash on Delivery,Cancelled,22688.45,0.4452,2024-09,2024,Q3,0,0,1
ORD003581,2025-05-06,CUST00547,Electronics,Bluetooth Speaker,East,Kolkata,Website,3,12234.01,0.25,36702.02,27526.51,17028.5,Cash on Delivery,Delivered,10498.01,0.3814,2025-05,2025,Q2,1,0,0
ORD003582,2025-04-06,CUST00694,Electronics,Power Bank,South,Bengaluru,Mobile App,1,20725.73,0.0,20725.73,20725.73,12838.56,UPI,Delivered,7887.17,0.3805,2025-04,2025,Q2,1,0,0
ORD003583,2024-03-03,CUST01333,Home & Kitchen,Coffee Maker,West,Ahmedabad,Website,5,7721.89,0.25,38609.43,28957.08,17638.58,Net Banking,Delivered,11318.5,0.3909,2024-03,2024,Q1,1,0,0
ORD003584,2024-01-04,CUST00371,Electronics,Laptop Stand,East,Kolkata,Mobile App,5,2112.84,0.0,10564.22,10564.22,8494.25,Cash on Delivery,Delivered,2069.97,0.1959,2024-01,2024,Q1,1,0,0
ORD003585,2024-07-17,CUST01052,Home & Kitchen,Coffee Maker,South,Bengaluru,Marketplace,1,9382.0,0.1,9382.0,8443.8,5017.32,Debit Card,Delivered,3426.48,0.4058,2024-07,2024,Q3,1,0,0
ORD003586,2024-11-04,CUST00327,Home & Kitchen,Mixer Grinder,South,Hyderabad,Website,1,3839.08,0.05,3839.08,3647.13,2754.23,Debit Card,Delivered,892.9,0.2448,2024-11,2024,Q4,1,0,0
ORD003587,2024-07-26,CUST00162,Home & Kitchen,Air Fryer,West,Mumbai,Mobile App,4,2650.94,0.0,10603.75,10603.75,6197.98,Debit Card,Delivered,4405.77,0.4155,2024-07,2024,Q3,1,0,0
ORD003588,2025-04-21,CUST00422,Home & Kitchen,Storage Box,North,Chandigarh,Marketplace,2,1595.97,0.2,3191.95,2553.56,1711.32,Net Banking,Returned,842.24,0.3298,2025-04,2025,Q2,0,1,0
ORD003589,2025-05-31,CUST00056,Sports,Cricket Bat,Central,Nagpur,Mobile App,2,5006.17,0.25,10012.34,7509.26,5510.37,Cash on Delivery,Returned,1998.89,0.2662,2025-05,2025,Q2,0,1,0
ORD003590,2024-04-20,CUST01226,Fashion,Sunglasses,North,Delhi,Website,4,2757.17,0.15,11028.67,9374.37,5750.16,UPI,Delivered,3624.21,0.3866,2024-04,2024,Q2,1,0,0
ORD003591,2024-05-07,CUST00477,Home & Kitchen,Storage Box,Central,Nagpur,Marketplace,2,827.58,0.15,1655.16,1406.88,789.68,Cash on Delivery,Delivered,617.2,0.4387,2024-05,2024,Q2,1,0,0
ORD003592,2024-02-22,CUST01202,Beauty,Moisturizer,Central,Indore,Website,1,2441.14,0.0,2441.14,2441.14,1851.74,Cash on Delivery,Delivered,589.4,0.2414,2024-02,2024,Q1,1,0,0
ORD003593,2024-08-05,CUST00219,Beauty,Shampoo,West,Mumbai,Mobile App,5,2490.91,0.0,12454.53,12454.53,8905.01,Credit Card,Returned,3549.52,0.285,2024-08,2024,Q3,0,1,0
ORD003594,2024-07-07,CUST01515,Home & Kitchen,Water Bottle,Central,Indore,Mobile App,1,4524.87,0.0,4524.87,4524.87,3465.53,Cash on Delivery,Pending,1059.34,0.2341,2024-07,2024,Q3,0,0,0
ORD003595,2025-02-11,CUST01513,Beauty,Face Serum,Central,Bhopal,Website,1,2882.51,0.2,2882.51,2306.01,1615.96,Net Banking,Pending,690.05,0.2992,2025-02,2025,Q1,0,0,0
ORD003596,2025-04-08,CUST01579,Fashion,Sunglasses,North,Chandigarh,Mobile App,3,5240.08,0.0,15720.23,15720.23,10362.54,Cash on Delivery,Returned,5357.69,0.3408,2025-04,2025,Q2,0,1,0
ORD003597,2024-10-12,CUST01436,Home & Kitchen,Mixer Grinder,South,Chennai,Website,5,1591.37,0.0,7956.84,7956.84,4834.02,Net Banking,Delivered,3122.82,0.3925,2024-10,2024,Q4,1,0,0
ORD003598,2025-06-23,CUST01474,Sports,Resistance Bands,North,Delhi,Website,5,3690.44,0.1,18452.21,16606.99,9879.59,UPI,Delivered,6727.4,0.4051,2025-06,2025,Q2,1,0,0
ORD003599,2024-06-24,CUST01003,Sports,Yoga Mat,East,Bhubaneswar,Mobile App,2,3106.14,0.05,6212.28,5901.67,3909.39,Net Banking,Delivered,1992.28,0.3376,2024-06,2024,Q2,1,0,0
ORD003600,2024-02-27,CUST00028,Fashion,Backpack,Central,Bhopal,Mobile App,5,3013.24,0.05,15066.18,14312.87,10499.1,UPI,Delivered,3813.77,0.2665,2024-02,2024,Q1,1,0,0
ORD003601,2024-09-05,CUST01082,Electronics,Power Bank,South,Chennai,Mobile App,5,1545.15,0.05,7725.73,7339.45,6125.08,Credit Card,Delivered,1214.37,0.1655,2024-09,2024,Q3,1,0,0
ORD003602,2025-04-09,CUST00493,Fashion,Denim Jacket,North,Chandigarh,Mobile App,1,887.88,0.25,887.88,665.91,488.73,UPI,Delivered,177.18,0.2661,2025-04,2025,Q2,1,0,0
ORD003603,2024-03-08,CUST00604,Electronics,Power Bank,South,Hyderabad,Website,4,12157.41,0.25,48629.64,36472.23,19048.09,Debit Card,Delivered,17424.14,0.4777,2024-03,2024,Q1,1,0,0
ORD003604,2024-10-22,CUST01208,Beauty,Shampoo,West,Ahmedabad,Marketplace,5,2325.48,0.05,11627.42,11046.04,7144.45,Net Banking,Returned,3901.59,0.3532,2024-10,2024,Q4,0,1,0
ORD003605,2024-07-16,CUST00106,Electronics,Bluetooth Speaker,West,Mumbai,Mobile App,3,10220.62,0.1,30661.85,27595.67,15343.43,Cash on Delivery,Delivered,12252.24,0.444,2024-07,2024,Q3,1,0,0
ORD003606,2025-02-24,CUST00971,Fashion,Running Shoes,West,Ahmedabad,Website,2,3857.42,0.0,7714.85,7714.85,5516.36,Net Banking,Delivered,2198.49,0.285,2025-02,2025,Q1,1,0,0
ORD003607,2025-03-05,CUST00564,Beauty,Sunscreen,Central,Bhopal,Mobile App,1,1073.9,0.05,1073.9,1020.21,677.21,UPI,Delivered,343.0,0.3362,2025-03,2025,Q1,1,0,0
ORD003608,2025-01-10,CUST01387,Electronics,Laptop Stand,Central,Bhopal,Mobile App,4,2402.57,0.1,9610.27,8649.24,5189.27,Credit Card,Delivered,3459.97,0.4,2025-01,2025,Q1,1,0,0
ORD003609,2024-07-02,CUST00324,Fashion,Sunglasses,South,Bengaluru,Mobile App,3,1427.03,0.1,4281.09,3852.98,2317.77,UPI,Delivered,1535.21,0.3984,2024-07,2024,Q3,1,0,0
ORD003610,2025-01-21,CUST00742,Fashion,Backpack,East,Patna,Marketplace,5,804.39,0.15,4021.95,3418.65,2209.25,UPI,Delivered,1209.4,0.3538,2025-01,2025,Q1,1,0,0
ORD003611,2024-05-30,CUST00218,Fashion,Sunglasses,West,Ahmedabad,Website,4,3710.47,0.05,14841.88,14099.79,7412.28,UPI,Delivered,6687.51,0.4743,2024-05,2024,Q2,1,0,0
ORD003612,2024-02-27,CUST00024,Fashion,T-Shirt,North,Chandigarh,Mobile App,2,1677.41,0.05,3354.82,3187.08,2577.45,Cash on Delivery,Delivered,609.63,0.1913,2024-02,2024,Q1,1,0,0
ORD003613,2024-05-08,CUST01031,Electronics,Wireless Headphones,North,Jaipur,Mobile App,4,15312.02,0.1,61248.07,55123.27,33714.34,Cash on Delivery,Delivered,21408.93,0.3884,2024-05,2024,Q2,1,0,0
ORD003614,2024-05-06,CUST01085,Home & Kitchen,Mixer Grinder,South,Chennai,Mobile App,3,2429.08,0.0,7287.23,7287.23,5844.08,Debit Card,Delivered,1443.15,0.198,2024-05,2024,Q2,1,0,0
ORD003615,2024-12-09,CUST00746,Fashion,Denim Jacket,South,Bengaluru,Mobile App,4,2028.3,0.0,8113.21,8113.21,6161.31,UPI,Delivered,1951.9,0.2406,2024-12,2024,Q4,1,0,0
ORD003616,2025-01-16,CUST00861,Fashion,Backpack,West,Pune,Mobile App,3,5392.82,0.05,16178.47,15369.55,10407.33,Debit Card,Pending,4962.22,0.3229,2025-01,2025,Q1,0,0,0
ORD003617,2024-02-24,CUST00035,Fashion,T-Shirt,North,Jaipur,Marketplace,5,376.08,0.05,1880.38,1786.36,1002.02,UPI,Delivered,784.34,0.4391,2024-02,2024,Q1,1,0,0
ORD003618,2024-12-07,CUST01239,Fashion,Running Shoes,North,Jaipur,Marketplace,5,1098.83,0.05,5494.14,5219.43,2884.84,Cash on Delivery,Delivered,2334.59,0.4473,2024-12,2024,Q4,1,0,0
ORD003619,2024-08-03,CUST01463,Home & Kitchen,Storage Box,North,Chandigarh,Mobile App,2,4189.34,0.15,8378.69,7121.88,4355.3,UPI,Returned,2766.58,0.3885,2024-08,2024,Q3,0,1,0
ORD003620,2025-05-02,CUST01513,Electronics,Power Bank,East,Kolkata,Mobile App,3,20270.11,0.0,60810.32,60810.32,40973.93,UPI,Delivered,19836.39,0.3262,2025-05,2025,Q2,1,0,0
ORD003621,2024-04-29,CUST01242,Electronics,Wireless Headphones,West,Ahmedabad,Mobile App,5,13688.22,0.1,68441.08,61596.97,40922.82,UPI,Delivered,20674.15,0.3356,2024-04,2024,Q2,1,0,0
ORD003622,2025-01-09,CUST01232,Electronics,Power Bank,North,Delhi,Mobile App,1,7634.97,0.1,7634.97,6871.48,5609.22,Credit Card,Delivered,1262.26,0.1837,2025-01,2025,Q1,1,0,0
ORD003623,2024-01-31,CUST01215,Beauty,Shampoo,West,Pune,Mobile App,1,1679.37,0.1,1679.37,1511.43,899.64,Debit Card,Delivered,611.79,0.4048,2024-01,2024,Q1,1,0,0
ORD003624,2024-02-12,CUST00090,Beauty,Moisturizer,South,Hyderabad,Website,4,671.16,0.0,2684.65,2684.65,1785.95,Net Banking,Delivered,898.7,0.3348,2024-02,2024,Q1,1,0,0
ORD003625,2024-11-06,CUST00599,Electronics,Smartwatch,West,Pune,Marketplace,5,4392.65,0.0,21963.24,21963.24,17506.24,Net Banking,Delivered,4457.0,0.2029,2024-11,2024,Q4,1,0,0
ORD003626,2024-02-22,CUST00942,Fashion,Backpack,South,Chennai,Website,2,5053.98,0.05,10107.96,9602.57,7398.51,UPI,Delivered,2204.06,0.2295,2024-02,2024,Q1,1,0,0
ORD003627,2024-03-15,CUST00013,Fashion,Denim Jacket,East,Bhubaneswar,Mobile App,3,2772.14,0.2,8316.42,6653.13,4535.14,Net Banking,Delivered,2117.99,0.3183,2024-03,2024,Q1,1,0,0
ORD003628,2024-12-19,CUST00853,Electronics,Smartwatch,North,Chandigarh,Mobile App,1,18407.02,0.0,18407.02,18407.02,10276.41,Debit Card,Returned,8130.61,0.4417,2024-12,2024,Q4,0,1,0
ORD003629,2024-09-22,CUST01540,Home & Kitchen,Water Bottle,North,Jaipur,Website,2,1358.01,0.1,2716.02,2444.42,1731.4,Credit Card,Delivered,713.02,0.2917,2024-09,2024,Q3,1,0,0
ORD003630,2024-09-07,CUST00990,Electronics,Bluetooth Speaker,North,Jaipur,Marketplace,1,8294.55,0.15,8294.55,7050.37,5010.08,Credit Card,Cancelled,2040.29,0.2894,2024-09,2024,Q3,0,0,1
ORD003631,2024-04-10,CUST00011,Beauty,Face Serum,West,Mumbai,Marketplace,1,428.87,0.25,428.87,321.65,191.06,Cash on Delivery,Pending,130.59,0.406,2024-04,2024,Q2,0,0,0
ORD003632,2024-10-07,CUST00950,Fashion,Running Shoes,East,Patna,Marketplace,3,5382.18,0.0,16146.54,16146.54,8532.36,Net Banking,Delivered,7614.18,0.4716,2024-10,2024,Q4,1,0,0
ORD003633,2024-04-11,CUST00693,Beauty,Moisturizer,East,Patna,Marketplace,5,978.66,0.05,4893.31,4648.64,3173.71,Credit Card,Delivered,1474.93,0.3173,2024-04,2024,Q2,1,0,0
ORD003634,2024-11-22,CUST00004,Home & Kitchen,Water Bottle,South,Hyderabad,Mobile App,3,7334.21,0.15,22002.62,18702.23,14278.41,Debit Card,Delivered,4423.82,0.2365,2024-11,2024,Q4,1,0,0
ORD003635,2024-12-14,CUST00659,Beauty,Sunscreen,North,Delhi,Mobile App,4,839.71,0.1,3358.85,3022.96,2488.4,Cash on Delivery,Delivered,534.56,0.1768,2024-12,2024,Q4,1,0,0
ORD003636,2024-03-21,CUST01486,Fashion,Sunglasses,East,Bhubaneswar,Marketplace,4,4188.09,0.1,16752.35,15077.12,8046.35,Debit Card,Delivered,7030.77,0.4663,2024-03,2024,Q1,1,0,0
ORD003637,2025-04-06,CUST00400,Electronics,Laptop Stand,South,Bengaluru,Website,3,11494.44,0.0,34483.32,34483.32,20698.43,Debit Card,Delivered,13784.89,0.3998,2025-04,2025,Q2,1,0,0
ORD003638,2025-02-14,CUST00757,Fashion,T-Shirt,East,Patna,Website,3,1020.18,0.0,3060.55,3060.55,2420.92,Cash on Delivery,Delivered,639.63,0.209,2025-02,2025,Q1,1,0,0
ORD003639,2024-05-21,CUST01165,Sports,Resistance Bands,North,Jaipur,Marketplace,2,5627.48,0.05,11254.96,10692.22,8097.64,UPI,Pending,2594.58,0.2427,2024-05,2024,Q2,0,0,0
ORD003640,2024-06-08,CUST01374,Electronics,Power Bank,South,Bengaluru,Marketplace,4,3340.93,0.1,13363.72,12027.35,7595.01,Debit Card,Delivered,4432.34,0.3685,2024-06,2024,Q2,1,0,0
ORD003641,2024-10-20,CUST01422,Home & Kitchen,Air Fryer,East,Kolkata,Website,5,6206.58,0.1,31032.91,27929.62,17485.52,Credit Card,Delivered,10444.1,0.3739,2024-10,2024,Q4,1,0,0
ORD003642,2024-04-16,CUST01033,Electronics,Smartwatch,West,Pune,Marketplace,3,19624.41,0.05,58873.22,55929.56,40109.84,Net Banking,Delivered,15819.72,0.2829,2024-04,2024,Q2,1,0,0
ORD003643,2025-06-04,CUST00891,Fashion,T-Shirt,Central,Nagpur,Mobile App,2,2814.37,0.0,5628.74,5628.74,4513.99,UPI,Delivered,1114.75,0.198,2025-06,2025,Q2,1,0,0
ORD003644,2025-04-04,CUST00030,Home & Kitchen,Coffee Maker,South,Bengaluru,Website,4,4473.32,0.15,17893.26,15209.27,11811.59,UPI,Delivered,3397.68,0.2234,2025-04,2025,Q2,1,0,0
ORD003645,2024-09-14,CUST01494,Fashion,T-Shirt,West,Pune,Mobile App,5,3735.28,0.0,18676.38,18676.38,12562.01,Cash on Delivery,Delivered,6114.37,0.3274,2024-09,2024,Q3,1,0,0
ORD003646,2025-06-12,CUST00708,Electronics,Bluetooth Speaker,West,Ahmedabad,Website,3,19040.54,0.15,57121.61,48553.36,30885.63,Credit Card,Pending,17667.73,0.3639,2025-06,2025,Q2,0,0,0
ORD003647,2024-04-02,CUST00718,Fashion,Backpack,North,Chandigarh,Website,3,831.44,0.1,2494.33,2244.89,1185.13,Credit Card,Pending,1059.76,0.4721,2024-04,2024,Q2,0,0,0
ORD003648,2024-03-06,CUST01517,Electronics,Smartwatch,West,Pune,Marketplace,5,13067.37,0.1,65336.87,58803.19,49004.8,Net Banking,Delivered,9798.39,0.1666,2024-03,2024,Q1,1,0,0
ORD003649,2024-07-04,CUST01099,Fashion,Backpack,West,Ahmedabad,Website,5,3108.87,0.05,15544.37,14767.16,11050.91,Cash on Delivery,Delivered,3716.25,0.2517,2024-07,2024,Q3,1,0,0
ORD003650,2024-03-21,CUST01220,Electronics,Laptop Stand,East,Bhubaneswar,Mobile App,4,3685.58,0.15,14742.31,12530.97,8716.78,Debit Card,Delivered,3814.19,0.3044,2024-03,2024,Q1,1,0,0
ORD003651,2024-03-08,CUST00958,Electronics,Laptop Stand,West,Pune,Mobile App,3,19789.69,0.05,59369.07,56400.61,39626.61,Net Banking,Delivered,16774.0,0.2974,2024-03,2024,Q1,1,0,0
ORD003652,2024-01-17,CUST00478,Sports,Resistance Bands,Central,Bhopal,Mobile App,5,6711.53,0.05,33557.67,31879.79,24236.98,UPI,Delivered,7642.81,0.2397,2024-01,2024,Q1,1,0,0
ORD003653,2024-11-04,CUST00348,Electronics,Bluetooth Speaker,North,Delhi,Mobile App,2,11686.65,0.15,23373.31,19867.31,13511.48,UPI,Pending,6355.83,0.3199,2024-11,2024,Q4,0,0,0
ORD003654,2025-05-26,CUST00463,Beauty,Moisturizer,East,Bhubaneswar,Mobile App,4,1230.78,0.0,4923.12,4923.12,2802.97,Net Banking,Delivered,2120.15,0.4307,2025-05,2025,Q2,1,0,0
ORD003655,2025-05-23,CUST00543,Electronics,Bluetooth Speaker,West,Mumbai,Website,2,6116.85,0.1,12233.69,11010.32,6219.49,Net Banking,Delivered,4790.83,0.4351,2025-05,2025,Q2,1,0,0
ORD003656,2025-04-30,CUST00942,Electronics,Power Bank,South,Chennai,Mobile App,4,21515.06,0.0,86060.25,86060.25,65126.93,UPI,Delivered,20933.32,0.2432,2025-04,2025,Q2,1,0,0
ORD003657,2024-11-18,CUST00562,Fashion,Running Shoes,East,Patna,Mobile App,1,3884.0,0.1,3884.0,3495.6,2655.38,Cash on Delivery,Delivered,840.22,0.2404,2024-11,2024,Q4,1,0,0
ORD003658,2024-01-01,CUST00448,Fashion,T-Shirt,East,Kolkata,Marketplace,1,1349.14,0.05,1349.14,1281.69,678.13,Net Banking,Delivered,603.56,0.4709,2024-01,2024,Q1,1,0,0
ORD003659,2024-03-24,CUST00319,Electronics,Power Bank,South,Hyderabad,Website,5,14434.76,0.0,72173.78,72173.78,39887.95,UPI,Delivered,32285.83,0.4473,2024-03,2024,Q1,1,0,0
ORD003660,2024-07-20,CUST00671,Sports,Dumbbells,East,Patna,Mobile App,5,4625.17,0.1,23125.87,20813.28,14711.68,Debit Card,Delivered,6101.6,0.2932,2024-07,2024,Q3,1,0,0
ORD003661,2024-04-12,CUST00163,Home & Kitchen,Storage Box,South,Chennai,Marketplace,4,3897.73,0.05,15590.91,14811.37,8951.21,UPI,Delivered,5860.16,0.3957,2024-04,2024,Q2,1,0,0
ORD003662,2024-04-15,CUST00704,Beauty,Sunscreen,North,Jaipur,Website,3,1994.89,0.15,5984.66,5086.96,3451.99,UPI,Delivered,1634.97,0.3214,2024-04,2024,Q2,1,0,0
ORD003663,2024-12-23,CUST00297,Beauty,Moisturizer,North,Chandigarh,Mobile App,4,2064.24,0.1,8256.98,7431.28,4334.99,Credit Card,Delivered,3096.29,0.4167,2024-12,2024,Q4,1,0,0
ORD003664,2025-02-23,CUST01530,Home & Kitchen,Water Bottle,West,Mumbai,Marketplace,4,4566.11,0.2,18264.44,14611.55,8119.95,Debit Card,Returned,6491.6,0.4443,2025-02,2025,Q1,0,1,0
ORD003665,2025-06-01,CUST01374,Beauty,Sunscreen,East,Bhubaneswar,Website,5,1406.15,0.05,7030.73,6679.19,4493.27,UPI,Cancelled,2185.92,0.3273,2025-06,2025,Q2,0,0,1
ORD003666,2024-04-01,CUST01131,Electronics,Bluetooth Speaker,East,Kolkata,Website,5,11092.11,0.15,55460.57,47141.49,34517.81,Credit Card,Delivered,12623.68,0.2678,2024-04,2024,Q2,1,0,0
ORD003667,2024-11-03,CUST00304,Fashion,Backpack,South,Bengaluru,Website,5,2015.54,0.15,10077.68,8566.02,4640.8,Credit Card,Delivered,3925.22,0.4582,2024-11,2024,Q4,1,0,0
ORD003668,2024-02-10,CUST00260,Electronics,Smartwatch,South,Chennai,Website,2,17600.25,0.05,35200.49,33440.47,26919.06,Cash on Delivery,Delivered,6521.41,0.195,2024-02,2024,Q1,1,0,0
ORD003669,2025-05-02,CUST00170,Beauty,Shampoo,South,Bengaluru,Mobile App,5,832.19,0.1,4160.93,3744.84,3084.99,Credit Card,Delivered,659.85,0.1762,2025-05,2025,Q2,1,0,0
ORD003670,2024-11-03,CUST00637,Electronics,Power Bank,West,Mumbai,Mobile App,4,4703.27,0.2,18813.06,15050.45,10296.54,UPI,Delivered,4753.91,0.3159,2024-11,2024,Q4,1,0,0
ORD003671,2025-05-01,CUST01210,Beauty,Sunscreen,West,Pune,Mobile App,1,557.86,0.1,557.86,502.08,290.06,UPI,Delivered,212.02,0.4223,2025-05,2025,Q2,1,0,0
ORD003672,2025-05-24,CUST00823,Home & Kitchen,Mixer Grinder,South,Bengaluru,Website,4,3909.45,0.1,15637.78,14074.0,9140.18,UPI,Delivered,4933.82,0.3506,2025-05,2025,Q2,1,0,0
ORD003673,2024-03-20,CUST00607,Sports,Cricket Bat,East,Bhubaneswar,Mobile App,5,2418.36,0.2,12091.79,9673.43,5489.24,Net Banking,Delivered,4184.19,0.4325,2024-03,2024,Q1,1,0,0
ORD003674,2025-03-05,CUST01376,Electronics,Power Bank,North,Jaipur,Mobile App,3,13044.98,0.15,39134.93,33264.69,19303.47,Credit Card,Delivered,13961.22,0.4197,2025-03,2025,Q1,1,0,0
ORD003675,2024-05-08,CUST01345,Sports,Cricket Bat,South,Hyderabad,Website,5,5866.51,0.15,29332.53,24932.65,13853.99,UPI,Delivered,11078.66,0.4443,2024-05,2024,Q2,1,0,0
ORD003676,2025-03-03,CUST01467,Fashion,Running Shoes,East,Bhubaneswar,Website,4,1837.04,0.2,7348.18,5878.54,3283.06,Credit Card,Delivered,2595.48,0.4415,2025-03,2025,Q1,1,0,0
ORD003677,2024-08-07,CUST00802,Electronics,Power Bank,North,Chandigarh,Website,5,2244.67,0.15,11223.37,9539.86,4984.42,Cash on Delivery,Delivered,4555.44,0.4775,2024-08,2024,Q3,1,0,0
ORD003678,2024-09-12,CUST01490,Beauty,Lip Balm,West,Pune,Website,5,2508.51,0.05,12542.55,11915.42,6492.31,Net Banking,Returned,5423.11,0.4551,2024-09,2024,Q3,0,1,0
ORD003679,2024-12-12,CUST00688,Beauty,Sunscreen,South,Hyderabad,Marketplace,4,712.17,0.05,2848.7,2706.26,1589.25,Debit Card,Delivered,1117.01,0.4128,2024-12,2024,Q4,1,0,0
ORD003680,2024-06-29,CUST00603,Electronics,Wireless Headphones,Central,Indore,Website,2,9792.98,0.15,19585.96,16648.06,9612.32,Net Banking,Delivered,7035.74,0.4226,2024-06,2024,Q2,1,0,0
ORD003681,2024-02-09,CUST00425,Home & Kitchen,Water Bottle,East,Bhubaneswar,Mobile App,2,3665.16,0.1,7330.32,6597.29,4467.92,Credit Card,Cancelled,2129.37,0.3228,2024-02,2024,Q1,0,0,1
ORD003682,2024-12-21,CUST01538,Sports,Dumbbells,North,Chandigarh,Mobile App,1,6567.56,0.0,6567.56,6567.56,3705.01,Cash on Delivery,Delivered,2862.55,0.4359,2024-12,2024,Q4,1,0,0
ORD003683,2024-07-13,CUST00220,Home & Kitchen,Air Fryer,West,Ahmedabad,Website,5,3554.33,0.05,17771.65,16883.07,12671.77,UPI,Cancelled,4211.3,0.2494,2024-07,2024,Q3,0,0,1
ORD003684,2025-06-16,CUST00687,Beauty,Sunscreen,Central,Bhopal,Website,5,752.51,0.25,3762.53,2821.9,1611.38,UPI,Delivered,1210.52,0.429,2025-06,2025,Q2,1,0,0
ORD003685,2025-06-13,CUST01166,Electronics,Laptop Stand,South,Chennai,Mobile App,3,10285.03,0.05,30855.09,29312.33,20782.26,Debit Card,Delivered,8530.07,0.291,2025-06,2025,Q2,1,0,0
ORD003686,2024-04-02,CUST01485,Home & Kitchen,Coffee Maker,Central,Nagpur,Website,5,1829.27,0.0,9146.34,9146.34,7459.52,Net Banking,Delivered,1686.82,0.1844,2024-04,2024,Q2,1,0,0
ORD003687,2025-02-23,CUST00485,Sports,Cricket Bat,North,Chandigarh,Marketplace,4,5395.87,0.05,21583.5,20504.32,15482.89,Cash on Delivery,Delivered,5021.43,0.2449,2025-02,2025,Q1,1,0,0
ORD003688,2024-08-10,CUST00542,Electronics,Smartwatch,East,Bhubaneswar,Mobile App,2,10212.45,0.1,20424.89,18382.4,10607.81,Cash on Delivery,Cancelled,7774.59,0.4229,2024-08,2024,Q3,0,0,1
ORD003689,2025-05-13,CUST00050,Electronics,Smartwatch,Central,Nagpur,Mobile App,3,9319.92,0.15,27959.76,23765.8,19698.91,Credit Card,Returned,4066.89,0.1711,2025-05,2025,Q2,0,1,0
ORD003690,2024-09-20,CUST00912,Sports,Cricket Bat,South,Bengaluru,Mobile App,2,5121.93,0.05,10243.87,9731.67,6827.95,Credit Card,Delivered,2903.72,0.2984,2024-09,2024,Q3,1,0,0
ORD003691,2025-03-21,CUST00164,Home & Kitchen,Storage Box,South,Chennai,Marketplace,1,5010.71,0.05,5010.71,4760.17,2670.31,Credit Card,Delivered,2089.86,0.439,2025-03,2025,Q1,1,0,0
ORD003692,2024-11-29,CUST01265,Beauty,Shampoo,North,Chandigarh,Marketplace,4,2641.06,0.0,10564.24,10564.24,6108.49,Net Banking,Returned,4455.75,0.4218,2024-11,2024,Q4,0,1,0
ORD003693,2025-01-01,CUST00773,Home & Kitchen,Water Bottle,South,Hyderabad,Website,5,2377.95,0.15,11889.74,10106.28,5460.49,UPI,Delivered,4645.79,0.4597,2025-01,2025,Q1,1,0,0
ORD003694,2025-01-20,CUST00804,Electronics,Laptop Stand,West,Ahmedabad,Website,2,14041.68,0.05,28083.37,26679.2,15352.23,Net Banking,Delivered,11326.97,0.4246,2025-01,2025,Q1,1,0,0
ORD003695,2024-05-28,CUST00028,Fashion,Running Shoes,Central,Nagpur,Mobile App,4,3668.34,0.1,14673.37,13206.04,6975.72,Cash on Delivery,Delivered,6230.32,0.4718,2024-05,2024,Q2,1,0,0
ORD003696,2024-04-23,CUST00539,Electronics,Laptop Stand,Central,Nagpur,Mobile App,5,8640.99,0.15,43204.94,36724.2,27940.62,Cash on Delivery,Delivered,8783.58,0.2392,2024-04,2024,Q2,1,0,0
ORD003697,2025-02-10,CUST00135,Beauty,Moisturizer,West,Mumbai,Website,3,2502.02,0.15,7506.05,6380.15,4654.84,UPI,Delivered,1725.31,0.2704,2025-02,2025,Q1,1,0,0
ORD003698,2024-08-09,CUST00312,Electronics,Bluetooth Speaker,East,Kolkata,Website,5,12235.53,0.1,61177.64,55059.87,43317.75,UPI,Delivered,11742.12,0.2133,2024-08,2024,Q3,1,0,0
ORD003699,2025-06-01,CUST00008,Fashion,Sunglasses,South,Bengaluru,Mobile App,5,3600.71,0.15,18003.53,15303.0,8243.06,UPI,Delivered,7059.94,0.4613,2025-06,2025,Q2,1,0,0
ORD003700,2024-02-03,CUST00322,Fashion,Backpack,West,Pune,Website,1,4214.78,0.05,4214.78,4004.04,2453.84,UPI,Delivered,1550.2,0.3872,2024-02,2024,Q1,1,0,0
ORD003701,2024-03-14,CUST01365,Electronics,Smartwatch,South,Chennai,Marketplace,2,5909.44,0.0,11818.88,11818.88,6393.88,Credit Card,Delivered,5425.0,0.459,2024-03,2024,Q1,1,0,0
ORD003702,2025-02-08,CUST01370,Fashion,Denim Jacket,South,Bengaluru,Website,3,3639.49,0.15,10918.47,9280.7,5692.44,Net Banking,Delivered,3588.26,0.3866,2025-02,2025,Q1,1,0,0
ORD003703,2024-01-24,CUST00077,Home & Kitchen,Water Bottle,North,Jaipur,Mobile App,3,5622.95,0.05,16868.85,16025.4,12693.19,UPI,Delivered,3332.21,0.2079,2024-01,2024,Q1,1,0,0
ORD003704,2025-06-01,CUST00655,Electronics,Wireless Headphones,East,Kolkata,Website,5,10345.74,0.05,51728.71,49142.28,35281.17,UPI,Delivered,13861.11,0.2821,2025-06,2025,Q2,1,0,0
ORD003705,2025-01-14,CUST00185,Electronics,Wireless Headphones,West,Ahmedabad,Marketplace,1,2701.18,0.1,2701.18,2431.06,1483.99,Credit Card,Delivered,947.07,0.3896,2025-01,2025,Q1,1,0,0
ORD003706,2025-05-18,CUST01569,Electronics,Wireless Headphones,North,Chandigarh,Mobile App,5,9874.83,0.0,49374.16,49374.16,28346.63,Cash on Delivery,Delivered,21027.53,0.4259,2025-05,2025,Q2,1,0,0
ORD003707,2025-04-16,CUST00124,Fashion,T-Shirt,Central,Indore,Website,3,651.39,0.15,1954.18,1661.05,1259.48,UPI,Pending,401.57,0.2418,2025-04,2025,Q2,0,0,0
ORD003708,2024-08-17,CUST00494,Beauty,Moisturizer,North,Delhi,Mobile App,1,2105.62,0.05,2105.62,2000.34,1426.65,UPI,Delivered,573.69,0.2868,2024-08,2024,Q3,1,0,0
ORD003709,2024-06-30,CUST00211,Home & Kitchen,Coffee Maker,East,Patna,Website,5,7941.11,0.0,39705.55,39705.55,33041.12,Cash on Delivery,Returned,6664.43,0.1678,2024-06,2024,Q2,0,1,0
ORD003710,2025-02-03,CUST01569,Electronics,Wireless Headphones,West,Ahmedabad,Mobile App,1,11508.42,0.1,11508.42,10357.58,7232.21,Debit Card,Delivered,3125.37,0.3017,2025-02,2025,Q1,1,0,0
ORD003711,2024-07-03,CUST00912,Home & Kitchen,Air Fryer,North,Jaipur,Website,3,3178.67,0.1,9536.0,8582.4,5980.56,Cash on Delivery,Cancelled,2601.84,0.3032,2024-07,2024,Q3,0,0,1
ORD003712,2024-09-18,CUST01108,Home & Kitchen,Mixer Grinder,West,Mumbai,Mobile App,4,5274.76,0.1,21099.02,18989.12,12721.06,UPI,Delivered,6268.06,0.3301,2024-09,2024,Q3,1,0,0
ORD003713,2024-10-28,CUST01478,Electronics,Wireless Headphones,North,Chandigarh,Website,5,6609.6,0.05,33047.98,31395.58,23389.48,Debit Card,Delivered,8006.1,0.255,2024-10,2024,Q4,1,0,0
ORD003714,2024-04-24,CUST00687,Fashion,Sunglasses,West,Pune,Website,1,4714.54,0.05,4714.54,4478.81,2748.88,Credit Card,Delivered,1729.93,0.3862,2024-04,2024,Q2,1,0,0
ORD003715,2024-10-06,CUST01009,Beauty,Lip Balm,North,Jaipur,Mobile App,3,733.82,0.1,2201.46,1981.31,1316.23,UPI,Delivered,665.08,0.3357,2024-10,2024,Q4,1,0,0
ORD003716,2024-01-03,CUST01344,Home & Kitchen,Mixer Grinder,South,Hyderabad,Marketplace,4,7619.76,0.0,30479.04,30479.04,23721.42,UPI,Returned,6757.62,0.2217,2024-01,2024,Q1,0,1,0
ORD003717,2024-04-15,CUST00746,Fashion,Backpack,West,Ahmedabad,Website,4,932.1,0.05,3728.38,3541.96,2758.96,Debit Card,Delivered,783.0,0.2211,2024-04,2024,Q2,1,0,0
ORD003718,2024-09-27,CUST00289,Fashion,Sunglasses,South,Bengaluru,Website,2,5123.14,0.15,10246.28,8709.34,4719.75,Debit Card,Pending,3989.59,0.4581,2024-09,2024,Q3,0,0,0
ORD003719,2025-06-03,CUST01466,Sports,Dumbbells,East,Kolkata,Marketplace,5,681.94,0.2,3409.69,2727.75,1604.38,Debit Card,Delivered,1123.37,0.4118,2025-06,2025,Q2,1,0,0
ORD003720,2025-03-09,CUST00813,Fashion,Denim Jacket,Central,Bhopal,Website,2,3180.14,0.1,6360.27,5724.25,3727.66,Cash on Delivery,Delivered,1996.59,0.3488,2025-03,2025,Q1,1,0,0
ORD003721,2025-03-16,CUST00731,Beauty,Sunscreen,North,Delhi,Mobile App,5,577.81,0.0,2889.03,2889.03,1908.23,Credit Card,Delivered,980.8,0.3395,2025-03,2025,Q1,1,0,0
ORD003722,2024-08-26,CUST00975,Home & Kitchen,Coffee Maker,South,Bengaluru,Mobile App,3,3290.93,0.05,9872.8,9379.16,5922.74,Net Banking,Delivered,3456.42,0.3685,2024-08,2024,Q3,1,0,0
ORD003723,2024-06-23,CUST01124,Fashion,Backpack,West,Pune,Marketplace,2,2651.56,0.1,5303.12,4772.81,3192.8,UPI,Delivered,1580.01,0.331,2024-06,2024,Q2,1,0,0
ORD003724,2024-08-15,CUST00563,Fashion,Sunglasses,South,Chennai,Website,2,4623.93,0.05,9247.85,8785.46,5118.47,Credit Card,Pending,3666.99,0.4174,2024-08,2024,Q3,0,0,0
ORD003725,2025-03-22,CUST00866,Home & Kitchen,Water Bottle,South,Bengaluru,Website,3,8878.7,0.05,26636.1,25304.29,19875.79,Debit Card,Returned,5428.5,0.2145,2025-03,2025,Q1,0,1,0
ORD003726,2025-06-16,CUST01548,Home & Kitchen,Storage Box,South,Chennai,Marketplace,3,9832.12,0.05,29496.37,28021.55,16719.11,UPI,Delivered,11302.44,0.4033,2025-06,2025,Q2,1,0,0
ORD003727,2024-06-01,CUST00850,Home & Kitchen,Coffee Maker,North,Delhi,Mobile App,2,6809.32,0.05,13618.64,12937.71,10064.86,Debit Card,Delivered,2872.85,0.2221,2024-06,2024,Q2,1,0,0
ORD003728,2024-12-30,CUST00117,Beauty,Lip Balm,South,Bengaluru,Website,2,2869.71,0.05,5739.42,5452.45,3530.61,Credit Card,Delivered,1921.84,0.3525,2024-12,2024,Q4,1,0,0
ORD003729,2025-03-08,CUST00678,Electronics,Bluetooth Speaker,North,Jaipur,Mobile App,2,8673.08,0.2,17346.16,13876.92,11321.91,UPI,Delivered,2555.01,0.1841,2025-03,2025,Q1,1,0,0
ORD003730,2024-02-10,CUST01206,Electronics,Power Bank,South,Chennai,Website,5,19639.09,0.2,98195.46,78556.37,51391.75,Debit Card,Delivered,27164.62,0.3458,2024-02,2024,Q1,1,0,0
ORD003731,2024-01-03,CUST01571,Beauty,Sunscreen,Central,Nagpur,Marketplace,4,1775.9,0.05,7103.6,6748.42,4163.82,UPI,Delivered,2584.6,0.383,2024-01,2024,Q1,1,0,0
ORD003732,2024-07-03,CUST01520,Sports,Yoga Mat,South,Chennai,Marketplace,5,821.37,0.2,4106.87,3285.5,2235.6,Net Banking,Delivered,1049.9,0.3196,2024-07,2024,Q3,1,0,0
ORD003733,2024-05-01,CUST00189,Fashion,Sunglasses,Central,Bhopal,Marketplace,2,5049.14,0.1,10098.29,9088.46,5563.11,Debit Card,Delivered,3525.35,0.3879,2024-05,2024,Q2,1,0,0
ORD003734,2024-07-02,CUST01267,Home & Kitchen,Storage Box,South,Chennai,Mobile App,4,3169.37,0.15,12677.48,10775.86,7133.13,Cash on Delivery,Delivered,3642.73,0.338,2024-07,2024,Q3,1,0,0
ORD003735,2024-05-07,CUST00705,Fashion,Running Shoes,South,Hyderabad,Mobile App,1,2097.9,0.15,2097.9,1783.22,1039.44,Debit Card,Delivered,743.78,0.4171,2024-05,2024,Q2,1,0,0
ORD003736,2024-11-23,CUST00358,Fashion,Running Shoes,North,Delhi,Mobile App,3,3525.87,0.1,10577.6,9519.84,6470.9,Net Banking,Delivered,3048.94,0.3203,2024-11,2024,Q4,1,0,0
ORD003737,2024-03-30,CUST01227,Electronics,Wireless Headphones,Central,Bhopal,Website,1,8383.48,0.1,8383.48,7545.13,5759.42,Credit Card,Delivered,1785.71,0.2367,2024-03,2024,Q1,1,0,0
ORD003738,2025-04-02,CUST00089,Beauty,Lip Balm,East,Bhubaneswar,Marketplace,5,1979.21,0.05,9896.05,9401.25,6702.27,Credit Card,Delivered,2698.98,0.2871,2025-04,2025,Q2,1,0,0
ORD003739,2025-06-22,CUST01083,Electronics,Bluetooth Speaker,South,Bengaluru,Website,3,14061.27,0.0,42183.82,42183.82,22124.5,Cash on Delivery,Delivered,20059.32,0.4755,2025-06,2025,Q2,1,0,0
ORD003740,2024-08-14,CUST00782,Electronics,Power Bank,South,Chennai,Website,2,4514.0,0.1,9028.0,8125.2,6520.43,Net Banking,Delivered,1604.77,0.1975,2024-08,2024,Q3,1,0,0
ORD003741,2024-04-03,CUST00412,Sports,Football,East,Bhubaneswar,Mobile App,4,3463.76,0.05,13855.06,13162.31,9039.65,Net Banking,Delivered,4122.66,0.3132,2024-04,2024,Q2,1,0,0
ORD003742,2024-03-17,CUST00828,Beauty,Shampoo,North,Jaipur,Website,1,2323.13,0.15,2323.13,1974.66,1162.78,Net Banking,Delivered,811.88,0.4111,2024-03,2024,Q1,1,0,0
ORD003743,2024-07-21,CUST00675,Fashion,T-Shirt,Central,Bhopal,Marketplace,3,4784.11,0.15,14352.34,12199.49,9148.68,Debit Card,Delivered,3050.81,0.2501,2024-07,2024,Q3,1,0,0
ORD003744,2024-12-26,CUST01591,Electronics,Bluetooth Speaker,South,Chennai,Website,5,1808.35,0.0,9041.75,9041.75,5464.44,Credit Card,Returned,3577.31,0.3956,2024-12,2024,Q4,0,1,0
ORD003745,2025-01-13,CUST00568,Sports,Resistance Bands,West,Ahmedabad,Website,3,5889.27,0.0,17667.81,17667.81,12071.95,Cash on Delivery,Returned,5595.86,0.3167,2025-01,2025,Q1,0,1,0
ORD003746,2024-11-14,CUST00229,Home & Kitchen,Mixer Grinder,Central,Bhopal,Website,2,2746.05,0.0,5492.1,5492.1,2912.47,UPI,Delivered,2579.63,0.4697,2024-11,2024,Q4,1,0,0
ORD003747,2025-06-14,CUST00509,Fashion,Running Shoes,South,Chennai,Website,4,3964.58,0.05,15858.33,15065.42,11325.13,Cash on Delivery,Delivered,3740.29,0.2483,2025-06,2025,Q2,1,0,0
ORD003748,2025-02-12,CUST01230,Fashion,Denim Jacket,Central,Nagpur,Mobile App,5,3037.49,0.05,15187.47,14428.1,10915.12,Cash on Delivery,Delivered,3512.98,0.2435,2025-02,2025,Q1,1,0,0
ORD003749,2024-12-18,CUST01422,Beauty,Face Serum,West,Pune,Website,5,1118.38,0.1,5591.9,5032.71,3288.95,Net Banking,Delivered,1743.76,0.3465,2024-12,2024,Q4,1,0,0
ORD003750,2024-04-16,CUST00360,Sports,Football,North,Jaipur,Website,5,6940.09,0.1,34700.47,31230.42,20134.24,Cash on Delivery,Delivered,11096.18,0.3553,2024-04,2024,Q2,1,0,0
ORD003751,2024-12-04,CUST01251,Beauty,Moisturizer,West,Ahmedabad,Mobile App,1,1769.06,0.25,1769.06,1326.79,1052.84,Debit Card,Delivered,273.95,0.2065,2024-12,2024,Q4,1,0,0
ORD003752,2024-09-24,CUST00103,Electronics,Smartwatch,Central,Bhopal,Marketplace,5,13545.22,0.1,67726.09,60953.48,39448.08,UPI,Returned,21505.4,0.3528,2024-09,2024,Q3,0,1,0
ORD003753,2025-02-03,CUST01184,Home & Kitchen,Air Fryer,Central,Indore,Website,5,1992.6,0.1,9962.98,8966.68,5079.68,Credit Card,Delivered,3887.0,0.4335,2025-02,2025,Q1,1,0,0
ORD003754,2025-04-04,CUST01261,Beauty,Moisturizer,North,Chandigarh,Website,1,1574.75,0.05,1574.75,1496.02,1225.24,Debit Card,Delivered,270.78,0.181,2025-04,2025,Q2,1,0,0
ORD003755,2025-01-06,CUST00879,Beauty,Lip Balm,West,Pune,Marketplace,3,566.62,0.1,1699.85,1529.87,1279.95,Cash on Delivery,Delivered,249.92,0.1634,2025-01,2025,Q1,1,0,0
ORD003756,2025-01-20,CUST00560,Home & Kitchen,Coffee Maker,Central,Bhopal,Mobile App,1,5710.85,0.0,5710.85,5710.85,3651.71,UPI,Delivered,2059.14,0.3606,2025-01,2025,Q1,1,0,0
ORD003757,2025-06-06,CUST01059,Fashion,Sunglasses,North,Jaipur,Website,4,4732.47,0.0,18929.88,18929.88,14756.31,Net Banking,Cancelled,4173.57,0.2205,2025-06,2025,Q2,0,0,1
ORD003758,2025-05-12,CUST00314,Beauty,Moisturizer,North,Jaipur,Website,1,1272.95,0.2,1272.95,1018.36,537.29,Cash on Delivery,Delivered,481.07,0.4724,2025-05,2025,Q2,1,0,0
ORD003759,2024-06-14,CUST00245,Beauty,Lip Balm,South,Chennai,Mobile App,1,1428.84,0.0,1428.84,1428.84,975.84,Net Banking,Delivered,453.0,0.317,2024-06,2024,Q2,1,0,0
ORD003760,2024-07-15,CUST00490,Beauty,Moisturizer,North,Delhi,Website,1,1361.1,0.25,1361.1,1020.83,543.43,UPI,Delivered,477.4,0.4677,2024-07,2024,Q3,1,0,0
ORD003761,2024-12-28,CUST00681,Electronics,Wireless Headphones,West,Mumbai,Website,4,17869.67,0.0,71478.7,71478.7,41501.26,Credit Card,Delivered,29977.44,0.4194,2024-12,2024,Q4,1,0,0
ORD003762,2025-01-05,CUST01581,Electronics,Laptop Stand,West,Pune,Mobile App,1,21504.17,0.0,21504.17,21504.17,11343.03,Net Banking,Delivered,10161.14,0.4725,2025-01,2025,Q1,1,0,0
ORD003763,2025-05-23,CUST00249,Beauty,Lip Balm,Central,Indore,Mobile App,5,2857.0,0.0,14284.98,14284.98,8632.06,Cash on Delivery,Delivered,5652.92,0.3957,2025-05,2025,Q2,1,0,0
ORD003764,2024-06-18,CUST01521,Beauty,Sunscreen,South,Bengaluru,Website,5,2867.0,0.05,14334.99,13618.24,10468.96,Net Banking,Delivered,3149.28,0.2313,2024-06,2024,Q2,1,0,0
ORD003765,2025-03-14,CUST00467,Electronics,Wireless Headphones,East,Bhubaneswar,Mobile App,3,15360.24,0.05,46080.72,43776.68,35777.51,UPI,Delivered,7999.17,0.1827,2025-03,2025,Q1,1,0,0
ORD003766,2025-06-07,CUST01493,Fashion,T-Shirt,East,Patna,Mobile App,2,4149.16,0.1,8298.32,7468.49,5584.91,UPI,Cancelled,1883.58,0.2522,2025-06,2025,Q2,0,0,1
ORD003767,2025-01-06,CUST01348,Home & Kitchen,Air Fryer,East,Kolkata,Marketplace,1,2533.32,0.0,2533.32,2533.32,1349.06,Credit Card,Delivered,1184.26,0.4675,2025-01,2025,Q1,1,0,0
ORD003768,2024-06-30,CUST00683,Fashion,Backpack,South,Bengaluru,Website,4,5055.78,0.1,20223.12,18200.81,15256.65,Net Banking,Delivered,2944.16,0.1618,2024-06,2024,Q2,1,0,0
ORD003769,2024-08-12,CUST01384,Sports,Dumbbells,Central,Nagpur,Mobile App,1,5052.41,0.05,5052.41,4799.79,2715.86,UPI,Returned,2083.93,0.4342,2024-08,2024,Q3,0,1,0
ORD003770,2025-02-01,CUST01312,Home & Kitchen,Water Bottle,East,Kolkata,Mobile App,4,1503.6,0.15,6014.42,5112.26,4029.39,Net Banking,Delivered,1082.87,0.2118,2025-02,2025,Q1,1,0,0
ORD003771,2025-06-13,CUST01298,Electronics,Smartwatch,West,Mumbai,Website,4,6664.39,0.1,26657.56,23991.8,18119.8,UPI,Returned,5872.0,0.2448,2025-06,2025,Q2,0,1,0
ORD003772,2024-09-23,CUST00377,Electronics,Bluetooth Speaker,East,Bhubaneswar,Mobile App,4,7987.78,0.15,31951.12,27158.46,15834.06,UPI,Returned,11324.4,0.417,2024-09,2024,Q3,0,1,0
ORD003773,2024-06-06,CUST00504,Sports,Football,East,Bhubaneswar,Website,1,1490.07,0.05,1490.07,1415.56,911.52,UPI,Pending,504.04,0.3561,2024-06,2024,Q2,0,0,0
ORD003774,2025-02-07,CUST00976,Fashion,Running Shoes,West,Pune,Mobile App,1,383.69,0.1,383.69,345.32,212.44,UPI,Delivered,132.88,0.3848,2025-02,2025,Q1,1,0,0
ORD003775,2025-03-11,CUST00613,Fashion,Denim Jacket,South,Hyderabad,Marketplace,5,3580.99,0.25,17904.94,13428.7,10184.19,Credit Card,Delivered,3244.51,0.2416,2025-03,2025,Q1,1,0,0
ORD003776,2024-04-26,CUST00854,Electronics,Smartwatch,East,Bhubaneswar,Website,4,6557.27,0.1,26229.08,23606.17,12613.51,Net Banking,Delivered,10992.66,0.4657,2024-04,2024,Q2,1,0,0
ORD003777,2024-09-03,CUST01430,Fashion,Sunglasses,East,Bhubaneswar,Website,2,2171.26,0.0,4342.52,4342.52,2928.8,UPI,Delivered,1413.72,0.3256,2024-09,2024,Q3,1,0,0
ORD003778,2025-03-05,CUST00366,Sports,Yoga Mat,East,Kolkata,Mobile App,3,899.58,0.05,2698.73,2563.8,1634.96,Cash on Delivery,Delivered,928.84,0.3623,2025-03,2025,Q1,1,0,0
ORD003779,2024-01-19,CUST00212,Fashion,T-Shirt,East,Bhubaneswar,Mobile App,5,2615.92,0.05,13079.58,12425.6,9367.37,Cash on Delivery,Delivered,3058.23,0.2461,2024-01,2024,Q1,1,0,0
ORD003780,2025-04-01,CUST01178,Beauty,Sunscreen,West,Ahmedabad,Website,5,1949.43,0.0,9747.14,9747.14,8029.49,UPI,Delivered,1717.65,0.1762,2025-04,2025,Q2,1,0,0
ORD003781,2024-11-28,CUST01394,Home & Kitchen,Storage Box,Central,Nagpur,Website,2,3715.71,0.1,7431.42,6688.28,5540.03,Net Banking,Delivered,1148.25,0.1717,2024-11,2024,Q4,1,0,0
ORD003782,2024-09-18,CUST01071,Sports,Dumbbells,Central,Nagpur,Marketplace,4,5408.6,0.15,21634.41,18389.25,15201.35,UPI,Delivered,3187.9,0.1734,2024-09,2024,Q3,1,0,0
ORD003783,2024-10-28,CUST00249,Electronics,Laptop Stand,Central,Indore,Website,5,19101.3,0.0,95506.52,95506.52,66604.59,Net Banking,Delivered,28901.93,0.3026,2024-10,2024,Q4,1,0,0
ORD003784,2024-01-22,CUST00373,Fashion,Running Shoes,North,Chandigarh,Marketplace,4,1547.34,0.2,6189.37,4951.49,3523.45,Credit Card,Pending,1428.04,0.2884,2024-01,2024,Q1,0,0,0
ORD003785,2025-03-09,CUST00552,Electronics,Bluetooth Speaker,West,Ahmedabad,Marketplace,3,5115.5,0.25,15346.49,11509.87,6070.27,Debit Card,Delivered,5439.6,0.4726,2025-03,2025,Q1,1,0,0
ORD003786,2024-06-29,CUST00683,Home & Kitchen,Air Fryer,South,Chennai,Website,3,1717.29,0.0,5151.88,5151.88,3272.12,Cash on Delivery,Delivered,1879.76,0.3649,2024-06,2024,Q2,1,0,0
ORD003787,2024-09-11,CUST00107,Sports,Dumbbells,South,Hyderabad,Mobile App,5,1169.63,0.0,5848.17,5848.17,3900.2,Debit Card,Cancelled,1947.97,0.3331,2024-09,2024,Q3,0,0,1
ORD003788,2024-05-23,CUST00548,Electronics,Power Bank,East,Kolkata,Marketplace,1,5095.07,0.1,5095.07,4585.56,3284.48,Credit Card,Returned,1301.08,0.2837,2024-05,2024,Q2,0,1,0
ORD003789,2025-05-25,CUST01551,Electronics,Power Bank,North,Delhi,Mobile App,5,4064.29,0.05,20321.47,19305.4,11584.52,UPI,Delivered,7720.88,0.3999,2025-05,2025,Q2,1,0,0
ORD003790,2025-06-27,CUST00957,Beauty,Lip Balm,West,Mumbai,Mobile App,2,213.74,0.0,427.47,427.47,283.36,Debit Card,Delivered,144.11,0.3371,2025-06,2025,Q2,1,0,0
ORD003791,2025-06-16,CUST00932,Electronics,Power Bank,South,Hyderabad,Mobile App,2,12075.11,0.1,24150.22,21735.2,16028.24,UPI,Delivered,5706.96,0.2626,2025-06,2025,Q2,1,0,0
ORD003792,2025-05-07,CUST01014,Sports,Yoga Mat,South,Bengaluru,Website,3,6396.93,0.15,19190.79,16312.17,10204.2,Debit Card,Delivered,6107.97,0.3744,2025-05,2025,Q2,1,0,0
ORD003793,2024-05-21,CUST00992,Sports,Yoga Mat,South,Chennai,Marketplace,4,3771.65,0.05,15086.59,14332.26,9221.9,Debit Card,Returned,5110.36,0.3566,2024-05,2024,Q2,0,1,0
ORD003794,2024-10-06,CUST00829,Sports,Resistance Bands,West,Ahmedabad,Website,5,1874.38,0.05,9371.92,8903.33,6742.08,UPI,Returned,2161.25,0.2427,2024-10,2024,Q4,0,1,0
ORD003795,2024-03-23,CUST00648,Beauty,Face Serum,South,Bengaluru,Website,5,2551.38,0.1,12756.89,11481.2,9264.01,Cash on Delivery,Delivered,2217.19,0.1931,2024-03,2024,Q1,1,0,0
ORD003796,2025-05-14,CUST01063,Beauty,Moisturizer,South,Hyderabad,Marketplace,2,844.99,0.0,1689.98,1689.98,1295.27,Cash on Delivery,Delivered,394.71,0.2336,2025-05,2025,Q2,1,0,0
ORD003797,2024-04-02,CUST00886,Fashion,T-Shirt,South,Chennai,Website,1,2756.63,0.15,2756.63,2343.13,1508.94,Debit Card,Delivered,834.19,0.356,2024-04,2024,Q2,1,0,0
ORD003798,2024-01-14,CUST00417,Fashion,Sunglasses,South,Bengaluru,Website,3,2382.27,0.1,7146.8,6432.12,3858.25,Net Banking,Delivered,2573.87,0.4002,2024-01,2024,Q1,1,0,0
ORD003799,2025-02-14,CUST01512,Fashion,Sunglasses,South,Hyderabad,Mobile App,2,3947.41,0.1,7894.83,7105.35,5800.79,Debit Card,Delivered,1304.56,0.1836,2025-02,2025,Q1,1,0,0
ORD003800,2024-08-16,CUST01025,Beauty,Lip Balm,East,Patna,Marketplace,4,2603.69,0.0,10414.76,10414.76,7419.74,Debit Card,Returned,2995.02,0.2876,2024-08,2024,Q3,0,1,0
ORD003801,2024-12-31,CUST00140,Home & Kitchen,Mixer Grinder,East,Bhubaneswar,Website,1,8107.93,0.15,8107.93,6891.74,5407.47,Debit Card,Delivered,1484.27,0.2154,2024-12,2024,Q4,1,0,0
ORD003802,2025-03-04,CUST01148,Electronics,Wireless Headphones,Central,Bhopal,Website,3,12231.41,0.05,36694.24,34859.52,28229.92,UPI,Delivered,6629.6,0.1902,2025-03,2025,Q1,1,0,0
ORD003803,2025-01-16,CUST00276,Sports,Football,Central,Bhopal,Website,4,4730.69,0.0,18922.76,18922.76,15454.26,UPI,Delivered,3468.5,0.1833,2025-01,2025,Q1,1,0,0
ORD003804,2024-11-24,CUST00863,Electronics,Power Bank,West,Mumbai,Website,2,10082.6,0.05,20165.2,19156.94,11447.26,UPI,Delivered,7709.68,0.4024,2024-11,2024,Q4,1,0,0
ORD003805,2024-11-11,CUST01414,Electronics,Smartwatch,West,Ahmedabad,Website,3,2458.19,0.1,7374.56,6637.11,4678.44,Cash on Delivery,Delivered,1958.67,0.2951,2024-11,2024,Q4,1,0,0
ORD003806,2024-03-14,CUST00447,Electronics,Power Bank,East,Kolkata,Website,3,17744.95,0.1,53234.86,47911.37,39211.98,Cash on Delivery,Delivered,8699.39,0.1816,2024-03,2024,Q1,1,0,0
ORD003807,2024-04-16,CUST00149,Home & Kitchen,Storage Box,North,Jaipur,Mobile App,5,4930.29,0.15,24651.44,20953.73,17033.27,Debit Card,Delivered,3920.46,0.1871,2024-04,2024,Q2,1,0,0
ORD003808,2024-01-13,CUST00631,Beauty,Sunscreen,West,Mumbai,Website,1,2176.36,0.15,2176.36,1849.91,1291.76,Debit Card,Cancelled,558.15,0.3017,2024-01,2024,Q1,0,0,1
ORD003809,2024-07-16,CUST01122,Fashion,Backpack,North,Delhi,Website,3,5335.25,0.05,16005.76,15205.48,12389.99,Net Banking,Returned,2815.49,0.1852,2024-07,2024,Q3,0,1,0
ORD003810,2024-12-12,CUST00064,Home & Kitchen,Storage Box,East,Patna,Mobile App,1,3037.07,0.05,3037.07,2885.22,2148.7,UPI,Delivered,736.52,0.2553,2024-12,2024,Q4,1,0,0
ORD003811,2025-06-23,CUST01306,Beauty,Sunscreen,Central,Bhopal,Website,4,1916.59,0.2,7666.37,6133.1,3935.77,Credit Card,Delivered,2197.33,0.3583,2025-06,2025,Q2,1,0,0
ORD003812,2025-04-26,CUST01334,Home & Kitchen,Water Bottle,North,Chandigarh,Marketplace,4,9750.66,0.2,39002.64,31202.11,18899.79,Net Banking,Delivered,12302.32,0.3943,2025-04,2025,Q2,1,0,0
ORD003813,2024-02-18,CUST00216,Electronics,Power Bank,West,Ahmedabad,Mobile App,5,6414.74,0.2,32073.69,25658.95,14385.75,Net Banking,Cancelled,11273.2,0.4393,2024-02,2024,Q1,0,0,1
ORD003814,2024-06-05,CUST00222,Home & Kitchen,Water Bottle,East,Kolkata,Mobile App,5,2582.07,0.0,12910.35,12910.35,10523.84,Credit Card,Delivered,2386.51,0.1849,2024-06,2024,Q2,1,0,0
ORD003815,2024-07-13,CUST00841,Beauty,Face Serum,South,Chennai,Marketplace,4,2101.93,0.1,8407.72,7566.95,6273.91,Debit Card,Delivered,1293.04,0.1709,2024-07,2024,Q3,1,0,0
ORD003816,2024-12-06,CUST01400,Beauty,Lip Balm,North,Delhi,Marketplace,2,1212.35,0.1,2424.71,2182.24,1382.03,Debit Card,Returned,800.21,0.3667,2024-12,2024,Q4,0,1,0
ORD003817,2025-05-01,CUST00617,Fashion,Sunglasses,South,Chennai,Website,1,4007.93,0.0,4007.93,4007.93,2108.84,Cash on Delivery,Delivered,1899.09,0.4738,2025-05,2025,Q2,1,0,0
ORD003818,2025-06-07,CUST00506,Fashion,Denim Jacket,South,Chennai,Mobile App,2,1280.82,0.2,2561.64,2049.32,1078.25,Debit Card,Delivered,971.07,0.4738,2025-06,2025,Q2,1,0,0
ORD003819,2024-08-31,CUST00880,Beauty,Shampoo,West,Pune,Mobile App,5,359.45,0.05,1797.24,1707.38,1390.41,Credit Card,Returned,316.97,0.1856,2024-08,2024,Q3,0,1,0
ORD003820,2024-08-07,CUST00348,Beauty,Shampoo,West,Pune,Mobile App,3,299.43,0.15,898.29,763.54,459.58,Net Banking,Delivered,303.96,0.3981,2024-08,2024,Q3,1,0,0
ORD003821,2025-06-21,CUST00045,Electronics,Wireless Headphones,South,Hyderabad,Mobile App,5,15145.89,0.15,75729.45,64370.04,45989.62,Debit Card,Delivered,18380.42,0.2855,2025-06,2025,Q2,1,0,0
ORD003822,2025-06-15,CUST01044,Fashion,T-Shirt,West,Ahmedabad,Website,3,2875.35,0.05,8626.04,8194.74,5181.12,UPI,Delivered,3013.62,0.3678,2025-06,2025,Q2,1,0,0
ORD003823,2024-01-20,CUST01102,Electronics,Bluetooth Speaker,West,Mumbai,Marketplace,3,17179.92,0.0,51539.76,51539.76,42580.8,UPI,Delivered,8958.96,0.1738,2024-01,2024,Q1,1,0,0
ORD003824,2024-03-04,CUST00275,Electronics,Power Bank,North,Jaipur,Marketplace,5,20971.31,0.25,104856.56,78642.42,51132.52,UPI,Delivered,27509.9,0.3498,2024-03,2024,Q1,1,0,0
ORD003825,2025-06-06,CUST00287,Home & Kitchen,Coffee Maker,East,Bhubaneswar,Marketplace,5,2144.41,0.2,10722.07,8577.66,6889.08,Credit Card,Delivered,1688.58,0.1969,2025-06,2025,Q2,1,0,0
ORD003826,2025-06-12,CUST00720,Electronics,Bluetooth Speaker,West,Ahmedabad,Website,1,13823.35,0.2,13823.35,11058.68,7994.23,UPI,Delivered,3064.45,0.2771,2025-06,2025,Q2,1,0,0
ORD003827,2025-03-15,CUST00578,Electronics,Laptop Stand,East,Patna,Marketplace,4,5829.23,0.1,23316.91,20985.22,14510.49,Net Banking,Delivered,6474.73,0.3085,2025-03,2025,Q1,1,0,0
ORD003828,2025-04-23,CUST00441,Home & Kitchen,Coffee Maker,Central,Nagpur,Mobile App,4,1624.33,0.2,6497.3,5197.84,2823.66,UPI,Delivered,2374.18,0.4568,2025-04,2025,Q2,1,0,0
ORD003829,2024-07-10,CUST01576,Fashion,T-Shirt,Central,Bhopal,Website,5,5141.94,0.2,25709.71,20567.77,17152.69,UPI,Delivered,3415.08,0.166,2024-07,2024,Q3,1,0,0
ORD003830,2024-07-01,CUST00599,Sports,Cricket Bat,North,Delhi,Website,1,4635.38,0.1,4635.38,4171.84,3161.41,Cash on Delivery,Delivered,1010.43,0.2422,2024-07,2024,Q3,1,0,0
ORD003831,2024-05-19,CUST00361,Beauty,Moisturizer,South,Bengaluru,Mobile App,5,461.08,0.05,2305.38,2190.11,1377.87,Debit Card,Delivered,812.24,0.3709,2024-05,2024,Q2,1,0,0
ORD003832,2025-03-29,CUST01258,Electronics,Power Bank,North,Chandigarh,Mobile App,3,9983.45,0.0,29950.36,29950.36,17544.77,Cash on Delivery,Delivered,12405.59,0.4142,2025-03,2025,Q1,1,0,0
ORD003833,2024-08-30,CUST01281,Home & Kitchen,Air Fryer,South,Chennai,Mobile App,5,5572.3,0.2,27861.51,22289.2,18315.95,Debit Card,Delivered,3973.25,0.1783,2024-08,2024,Q3,1,0,0
ORD003834,2025-03-13,CUST01198,Electronics,Bluetooth Speaker,West,Mumbai,Website,1,6601.21,0.05,6601.21,6271.15,3341.71,Debit Card,Delivered,2929.44,0.4671,2025-03,2025,Q1,1,0,0
ORD003835,2024-06-01,CUST00117,Sports,Cricket Bat,West,Ahmedabad,Mobile App,5,3452.58,0.0,17262.89,17262.89,13067.97,UPI,Delivered,4194.92,0.243,2024-06,2024,Q2,1,0,0
ORD003836,2024-09-07,CUST00346,Electronics,Laptop Stand,East,Patna,Website,5,19459.57,0.1,97297.86,87568.08,70763.73,Credit Card,Delivered,16804.35,0.1919,2024-09,2024,Q3,1,0,0
ORD003837,2025-03-03,CUST00682,Fashion,Denim Jacket,South,Chennai,Website,4,3512.31,0.2,14049.23,11239.38,7144.31,Cash on Delivery,Delivered,4095.07,0.3644,2025-03,2025,Q1,1,0,0
ORD003838,2025-04-15,CUST00589,Electronics,Wireless Headphones,North,Jaipur,Marketplace,2,7917.36,0.0,15834.72,15834.72,13047.63,Net Banking,Pending,2787.09,0.176,2025-04,2025,Q2,0,0,0
ORD003839,2025-03-13,CUST00607,Electronics,Power Bank,West,Pune,Marketplace,5,3333.12,0.15,16665.62,14165.78,8690.93,Cash on Delivery,Delivered,5474.85,0.3865,2025-03,2025,Q1,1,0,0
ORD003840,2024-06-25,CUST00730,Electronics,Laptop Stand,West,Mumbai,Mobile App,4,16338.79,0.1,65355.16,58819.65,36650.58,Debit Card,Delivered,22169.07,0.3769,2024-06,2024,Q2,1,0,0
ORD003841,2024-02-28,CUST00363,Home & Kitchen,Coffee Maker,South,Bengaluru,Marketplace,5,940.27,0.1,4701.33,4231.2,2927.79,Cash on Delivery,Delivered,1303.41,0.308,2024-02,2024,Q1,1,0,0
ORD003842,2024-06-29,CUST01009,Home & Kitchen,Mixer Grinder,West,Mumbai,Marketplace,3,509.75,0.05,1529.25,1452.79,1088.99,Net Banking,Delivered,363.8,0.2504,2024-06,2024,Q2,1,0,0
ORD003843,2024-12-15,CUST01074,Sports,Football,East,Kolkata,Mobile App,3,1294.3,0.0,3882.89,3882.89,2645.87,Cash on Delivery,Delivered,1237.02,0.3186,2024-12,2024,Q4,1,0,0
ORD003844,2024-11-24,CUST01275,Fashion,T-Shirt,North,Jaipur,Website,4,742.31,0.2,2969.24,2375.39,1856.56,Debit Card,Delivered,518.83,0.2184,2024-11,2024,Q4,1,0,0
ORD003845,2025-04-16,CUST00052,Beauty,Sunscreen,North,Delhi,Marketplace,3,1528.18,0.0,4584.55,4584.55,3575.43,Credit Card,Delivered,1009.12,0.2201,2025-04,2025,Q2,1,0,0
ORD003846,2024-02-11,CUST00212,Home & Kitchen,Storage Box,West,Pune,Mobile App,3,9267.58,0.2,27802.75,22242.2,16176.17,Debit Card,Delivered,6066.03,0.2727,2024-02,2024,Q1,1,0,0
ORD003847,2025-02-08,CUST01165,Electronics,Wireless Headphones,South,Bengaluru,Mobile App,4,18922.23,0.15,75688.91,64335.58,38095.51,Credit Card,Delivered,26240.07,0.4079,2025-02,2025,Q1,1,0,0
ORD003848,2025-02-21,CUST00705,Electronics,Laptop Stand,North,Delhi,Mobile App,4,8111.38,0.05,32445.51,30823.23,23216.69,Credit Card,Delivered,7606.54,0.2468,2025-02,2025,Q1,1,0,0
ORD003849,2025-05-24,CUST00537,Fashion,Backpack,Central,Nagpur,Mobile App,1,1758.09,0.05,1758.09,1670.18,943.07,Credit Card,Pending,727.11,0.4353,2025-05,2025,Q2,0,0,0
ORD003850,2024-06-26,CUST01405,Sports,Football,West,Mumbai,Marketplace,2,4633.18,0.15,9266.37,7876.41,5944.81,UPI,Pending,1931.6,0.2452,2024-06,2024,Q2,0,0,0
ORD003851,2025-06-08,CUST00431,Home & Kitchen,Storage Box,South,Hyderabad,Website,2,8887.82,0.05,17775.64,16886.86,11024.49,UPI,Delivered,5862.37,0.3472,2025-06,2025,Q2,1,0,0
ORD003852,2024-12-14,CUST00544,Electronics,Smartwatch,South,Bengaluru,Website,4,15501.08,0.1,62004.33,55803.9,30358.31,Cash on Delivery,Delivered,25445.59,0.456,2024-12,2024,Q4,1,0,0
ORD003853,2025-04-03,CUST00319,Electronics,Wireless Headphones,North,Delhi,Website,2,20895.29,0.2,41790.58,33432.46,20999.25,UPI,Delivered,12433.21,0.3719,2025-04,2025,Q2,1,0,0
ORD003854,2024-03-22,CUST00236,Electronics,Laptop Stand,West,Ahmedabad,Mobile App,5,3880.45,0.05,19402.23,18432.12,15216.94,UPI,Delivered,3215.18,0.1744,2024-03,2024,Q1,1,0,0
ORD003855,2024-12-07,CUST01572,Home & Kitchen,Water Bottle,North,Jaipur,Marketplace,3,6923.27,0.05,20769.81,19731.32,14801.28,Cash on Delivery,Returned,4930.04,0.2499,2024-12,2024,Q4,0,1,0
ORD003856,2024-12-22,CUST01369,Electronics,Smartwatch,West,Ahmedabad,Website,4,21606.7,0.0,86426.8,86426.8,53596.34,Net Banking,Delivered,32830.46,0.3799,2024-12,2024,Q4,1,0,0
ORD003857,2025-01-19,CUST01371,Home & Kitchen,Water Bottle,West,Ahmedabad,Website,5,7545.48,0.2,37727.4,30181.92,22085.34,UPI,Pending,8096.58,0.2683,2025-01,2025,Q1,0,0,0
ORD003858,2025-01-13,CUST00202,Home & Kitchen,Storage Box,North,Chandigarh,Mobile App,3,8067.05,0.15,24201.15,20570.97,15369.04,Debit Card,Delivered,5201.93,0.2529,2025-01,2025,Q1,1,0,0
ORD003859,2025-04-30,CUST00249,Home & Kitchen,Water Bottle,West,Ahmedabad,Website,4,1759.07,0.05,7036.27,6684.46,4004.1,Cash on Delivery,Pending,2680.36,0.401,2025-04,2025,Q2,0,0,0
ORD003860,2024-11-20,CUST01377,Home & Kitchen,Mixer Grinder,West,Mumbai,Mobile App,4,6491.54,0.15,25966.16,22071.23,12180.35,UPI,Delivered,9890.88,0.4481,2024-11,2024,Q4,1,0,0
ORD003861,2024-01-14,CUST00590,Home & Kitchen,Air Fryer,East,Patna,Website,5,2117.48,0.2,10587.4,8469.92,6789.28,Debit Card,Delivered,1680.64,0.1984,2024-01,2024,Q1,1,0,0
ORD003862,2024-09-10,CUST00857,Electronics,Power Bank,West,Mumbai,Mobile App,3,1586.01,0.15,4758.03,4044.32,2484.32,Debit Card,Delivered,1560.0,0.3857,2024-09,2024,Q3,1,0,0
ORD003863,2024-10-25,CUST00536,Sports,Cricket Bat,Central,Indore,Website,4,1816.44,0.0,7265.77,7265.77,5444.06,Net Banking,Delivered,1821.71,0.2507,2024-10,2024,Q4,1,0,0
ORD003864,2025-01-13,CUST01573,Fashion,T-Shirt,East,Kolkata,Mobile App,5,1546.7,0.1,7733.48,6960.13,4476.3,Cash on Delivery,Delivered,2483.83,0.3569,2025-01,2025,Q1,1,0,0
ORD003865,2025-03-14,CUST00753,Home & Kitchen,Mixer Grinder,East,Kolkata,Website,2,5691.51,0.2,11383.02,9106.42,5027.02,Debit Card,Cancelled,4079.4,0.448,2025-03,2025,Q1,0,0,1
ORD003866,2025-05-08,CUST01500,Home & Kitchen,Mixer Grinder,North,Delhi,Marketplace,3,6297.14,0.1,18891.42,17002.28,9141.82,Net Banking,Delivered,7860.46,0.4623,2025-05,2025,Q2,1,0,0
ORD003867,2024-09-29,CUST01432,Beauty,Sunscreen,South,Chennai,Website,3,1865.49,0.2,5596.47,4477.18,3560.48,Cash on Delivery,Delivered,916.7,0.2047,2024-09,2024,Q3,1,0,0
ORD003868,2025-06-02,CUST00297,Fashion,T-Shirt,South,Chennai,Mobile App,3,4796.86,0.15,14390.58,12231.99,7275.07,UPI,Delivered,4956.92,0.4052,2025-06,2025,Q2,1,0,0
ORD003869,2024-12-14,CUST00755,Home & Kitchen,Mixer Grinder,North,Jaipur,Website,2,5030.51,0.05,10061.01,9557.96,6124.59,Credit Card,Delivered,3433.37,0.3592,2024-12,2024,Q4,1,0,0
ORD003870,2025-02-21,CUST01292,Home & Kitchen,Mixer Grinder,West,Mumbai,Website,2,2233.25,0.05,4466.51,4243.18,3558.26,Credit Card,Delivered,684.92,0.1614,2025-02,2025,Q1,1,0,0
ORD003871,2024-12-09,CUST00684,Electronics,Laptop Stand,South,Hyderabad,Marketplace,5,16683.34,0.15,83416.71,70904.2,42923.18,Cash on Delivery,Delivered,27981.02,0.3946,2024-12,2024,Q4,1,0,0
ORD003872,2025-05-30,CUST00650,Electronics,Power Bank,East,Kolkata,Website,5,1654.78,0.05,8273.89,7860.19,5808.81,Net Banking,Cancelled,2051.38,0.261,2025-05,2025,Q2,0,0,1
ORD003873,2024-02-14,CUST00441,Beauty,Face Serum,North,Delhi,Website,2,2921.95,0.1,5843.91,5259.52,2935.99,Cash on Delivery,Delivered,2323.53,0.4418,2024-02,2024,Q1,1,0,0
ORD003874,2025-04-13,CUST00518,Fashion,Running Shoes,North,Chandigarh,Mobile App,4,4692.77,0.05,18771.06,17832.51,11420.1,UPI,Cancelled,6412.41,0.3596,2025-04,2025,Q2,0,0,1
ORD003875,2024-05-08,CUST01362,Fashion,Running Shoes,West,Ahmedabad,Website,1,4982.18,0.1,4982.18,4483.96,2728.94,UPI,Delivered,1755.02,0.3914,2024-05,2024,Q2,1,0,0
ORD003876,2024-11-03,CUST00998,Electronics,Bluetooth Speaker,West,Mumbai,Website,2,8965.63,0.0,17931.25,17931.25,13924.05,Debit Card,Delivered,4007.2,0.2235,2024-11,2024,Q4,1,0,0
ORD003877,2024-03-01,CUST00619,Electronics,Wireless Headphones,West,Mumbai,Mobile App,4,14882.38,0.05,59529.51,56553.04,36350.22,Cash on Delivery,Pending,20202.82,0.3572,2024-03,2024,Q1,0,0,0
ORD003878,2024-02-25,CUST01286,Electronics,Bluetooth Speaker,South,Chennai,Mobile App,2,21563.79,0.1,43127.59,38814.83,25211.5,UPI,Delivered,13603.33,0.3505,2024-02,2024,Q1,1,0,0
ORD003879,2024-02-04,CUST01433,Home & Kitchen,Storage Box,West,Mumbai,Mobile App,3,9276.29,0.15,27828.86,23654.53,18601.23,UPI,Delivered,5053.3,0.2136,2024-02,2024,Q1,1,0,0
ORD003880,2024-08-18,CUST01053,Fashion,Sunglasses,West,Ahmedabad,Mobile App,4,2964.44,0.0,11857.75,11857.75,7808.49,Cash on Delivery,Delivered,4049.26,0.3415,2024-08,2024,Q3,1,0,0
ORD003881,2024-06-09,CUST00541,Electronics,Smartwatch,East,Patna,Mobile App,2,2564.88,0.1,5129.76,4616.79,3677.44,UPI,Delivered,939.35,0.2035,2024-06,2024,Q2,1,0,0
ORD003882,2025-03-25,CUST01088,Beauty,Face Serum,East,Bhubaneswar,Website,5,2654.93,0.05,13274.65,12610.92,8180.99,Credit Card,Delivered,4429.93,0.3513,2025-03,2025,Q1,1,0,0
ORD003883,2025-02-13,CUST00017,Home & Kitchen,Water Bottle,South,Chennai,Website,3,9263.08,0.1,27789.23,25010.31,16260.38,Cash on Delivery,Delivered,8749.93,0.3499,2025-02,2025,Q1,1,0,0
ORD003884,2025-05-05,CUST00284,Electronics,Smartwatch,West,Pune,Website,4,9163.91,0.1,36655.64,32990.08,21539.79,UPI,Delivered,11450.29,0.3471,2025-05,2025,Q2,1,0,0
ORD003885,2024-04-28,CUST00888,Electronics,Bluetooth Speaker,North,Chandigarh,Marketplace,1,19732.33,0.1,19732.33,17759.1,11342.05,UPI,Delivered,6417.05,0.3613,2024-04,2024,Q2,1,0,0
ORD003886,2024-02-23,CUST01002,Fashion,Backpack,East,Bhubaneswar,Mobile App,3,4216.25,0.0,12648.74,12648.74,10267.21,Net Banking,Delivered,2381.53,0.1883,2024-02,2024,Q1,1,0,0
ORD003887,2024-04-06,CUST00770,Electronics,Wireless Headphones,South,Chennai,Website,3,2736.9,0.2,8210.69,6568.56,4940.7,Debit Card,Delivered,1627.86,0.2478,2024-04,2024,Q2,1,0,0
ORD003888,2025-05-25,CUST00334,Electronics,Power Bank,Central,Indore,Marketplace,4,7780.07,0.2,31120.28,24896.23,20163.76,UPI,Delivered,4732.47,0.1901,2025-05,2025,Q2,1,0,0
ORD003889,2024-12-20,CUST01493,Electronics,Wireless Headphones,South,Bengaluru,Website,3,21298.57,0.05,63895.7,60700.91,32746.39,Credit Card,Delivered,27954.52,0.4605,2024-12,2024,Q4,1,0,0
ORD003890,2024-02-17,CUST01468,Home & Kitchen,Mixer Grinder,South,Chennai,Marketplace,2,7200.23,0.0,14400.46,14400.46,10376.94,Net Banking,Delivered,4023.52,0.2794,2024-02,2024,Q1,1,0,0
ORD003891,2024-05-17,CUST00333,Electronics,Laptop Stand,North,Delhi,Marketplace,3,4639.02,0.05,13917.07,13221.22,8468.59,Credit Card,Cancelled,4752.63,0.3595,2024-05,2024,Q2,0,0,1
ORD003892,2025-04-06,CUST00009,Fashion,Backpack,South,Hyderabad,Mobile App,1,837.28,0.25,837.28,627.96,348.46,Credit Card,Delivered,279.5,0.4451,2025-04,2025,Q2,1,0,0
ORD003893,2024-05-14,CUST01090,Fashion,Backpack,South,Chennai,Website,1,3490.85,0.1,3490.85,3141.76,2450.37,Net Banking,Delivered,691.39,0.2201,2024-05,2024,Q2,1,0,0
ORD003894,2025-01-01,CUST00175,Fashion,T-Shirt,Central,Nagpur,Website,4,1026.4,0.05,4105.59,3900.31,2123.66,Cash on Delivery,Delivered,1776.65,0.4555,2025-01,2025,Q1,1,0,0
ORD003895,2024-12-13,CUST00255,Fashion,Denim Jacket,North,Jaipur,Marketplace,4,4631.14,0.0,18524.56,18524.56,14708.15,Net Banking,Delivered,3816.41,0.206,2024-12,2024,Q4,1,0,0
ORD003896,2025-01-23,CUST00599,Beauty,Shampoo,North,Delhi,Website,3,1722.12,0.0,5166.36,5166.36,3720.6,Debit Card,Delivered,1445.76,0.2798,2025-01,2025,Q1,1,0,0
ORD003897,2024-06-22,CUST01072,Electronics,Power Bank,South,Bengaluru,Marketplace,5,8443.64,0.2,42218.21,33774.57,27721.12,Net Banking,Delivered,6053.45,0.1792,2024-06,2024,Q2,1,0,0
ORD003898,2025-03-11,CUST01339,Home & Kitchen,Storage Box,East,Patna,Website,2,7618.85,0.1,15237.69,13713.92,10673.11,Credit Card,Returned,3040.81,0.2217,2025-03,2025,Q1,0,1,0
ORD003899,2024-03-28,CUST00447,Fashion,Sunglasses,South,Bengaluru,Mobile App,3,5334.97,0.2,16004.91,12803.92,9014.78,Cash on Delivery,Delivered,3789.14,0.2959,2024-03,2024,Q1,1,0,0
ORD003900,2025-05-17,CUST00009,Home & Kitchen,Storage Box,South,Bengaluru,Mobile App,4,1101.22,0.0,4404.9,4404.9,3632.22,UPI,Pending,772.68,0.1754,2025-05,2025,Q2,0,0,0
ORD003901,2025-05-17,CUST01574,Electronics,Laptop Stand,South,Bengaluru,Website,5,8644.85,0.15,43224.24,36740.61,24349.7,Credit Card,Delivered,12390.91,0.3373,2025-05,2025,Q2,1,0,0
ORD003902,2024-08-27,CUST01154,Home & Kitchen,Mixer Grinder,West,Ahmedabad,Marketplace,4,3740.91,0.05,14963.66,14215.48,11573.62,Credit Card,Delivered,2641.86,0.1858,2024-08,2024,Q3,1,0,0
ORD003903,2024-12-08,CUST00495,Fashion,T-Shirt,Central,Nagpur,Marketplace,4,4197.53,0.0,16790.11,16790.11,13894.77,Credit Card,Delivered,2895.34,0.1724,2024-12,2024,Q4,1,0,0
ORD003904,2025-04-17,CUST01310,Fashion,Backpack,East,Patna,Mobile App,4,1013.53,0.05,4054.1,3851.4,2557.21,UPI,Delivered,1294.19,0.336,2025-04,2025,Q2,1,0,0
ORD003905,2025-04-14,CUST01213,Home & Kitchen,Water Bottle,South,Hyderabad,Mobile App,2,5611.25,0.0,11222.5,11222.5,8445.31,Credit Card,Delivered,2777.19,0.2475,2025-04,2025,Q2,1,0,0
ORD003906,2024-10-22,CUST01034,Fashion,Denim Jacket,North,Chandigarh,Mobile App,5,3123.81,0.2,15619.07,12495.25,7850.16,Net Banking,Delivered,4645.09,0.3717,2024-10,2024,Q4,1,0,0
ORD003907,2024-09-09,CUST01324,Home & Kitchen,Mixer Grinder,West,Pune,Marketplace,1,3904.11,0.0,3904.11,3904.11,2674.42,UPI,Delivered,1229.69,0.315,2024-09,2024,Q3,1,0,0
ORD003908,2024-11-23,CUST00782,Fashion,T-Shirt,South,Bengaluru,Website,1,1141.37,0.2,1141.37,913.1,568.84,Credit Card,Returned,344.26,0.377,2024-11,2024,Q4,0,1,0
ORD003909,2024-01-09,CUST00732,Home & Kitchen,Coffee Maker,West,Ahmedabad,Marketplace,3,8971.75,0.0,26915.26,26915.26,14220.93,Debit Card,Delivered,12694.33,0.4716,2024-01,2024,Q1,1,0,0
ORD003910,2024-09-27,CUST01479,Fashion,Sunglasses,South,Bengaluru,Website,3,560.97,0.1,1682.92,1514.63,1116.07,Cash on Delivery,Delivered,398.56,0.2631,2024-09,2024,Q3,1,0,0
ORD003911,2024-11-11,CUST00872,Electronics,Wireless Headphones,South,Chennai,Website,2,13649.52,0.0,27299.05,27299.05,19671.86,Cash on Delivery,Pending,7627.19,0.2794,2024-11,2024,Q4,0,0,0
ORD003912,2024-05-07,CUST00190,Electronics,Bluetooth Speaker,West,Ahmedabad,Website,2,14363.37,0.05,28726.74,27290.4,21360.52,UPI,Delivered,5929.88,0.2173,2024-05,2024,Q2,1,0,0
ORD003913,2024-05-29,CUST00911,Fashion,T-Shirt,East,Bhubaneswar,Mobile App,1,2201.74,0.05,2201.74,2091.65,1642.26,Cash on Delivery,Delivered,449.39,0.2148,2024-05,2024,Q2,1,0,0
ORD003914,2024-07-30,CUST01390,Sports,Dumbbells,South,Hyderabad,Mobile App,5,4942.31,0.05,24711.53,23475.96,18839.37,Net Banking,Delivered,4636.59,0.1975,2024-07,2024,Q3,1,0,0
ORD003915,2024-02-21,CUST00465,Fashion,Sunglasses,Central,Bhopal,Website,3,1384.37,0.15,4153.11,3530.14,2284.41,UPI,Returned,1245.73,0.3529,2024-02,2024,Q1,0,1,0
ORD003916,2024-04-20,CUST01446,Fashion,Sunglasses,East,Kolkata,Mobile App,2,3380.46,0.0,6760.93,6760.93,4359.49,Cash on Delivery,Delivered,2401.44,0.3552,2024-04,2024,Q2,1,0,0
ORD003917,2025-02-01,CUST00650,Beauty,Sunscreen,Central,Bhopal,Marketplace,1,2089.32,0.0,2089.32,2089.32,1306.46,Net Banking,Delivered,782.86,0.3747,2025-02,2025,Q1,1,0,0
ORD003918,2024-05-03,CUST01522,Electronics,Smartwatch,West,Pune,Website,1,18444.22,0.2,18444.22,14755.38,9476.2,Credit Card,Delivered,5279.18,0.3578,2024-05,2024,Q2,1,0,0
ORD003919,2024-01-10,CUST00865,Beauty,Face Serum,West,Ahmedabad,Website,4,2294.67,0.1,9178.69,8260.82,4365.84,UPI,Delivered,3894.98,0.4715,2024-01,2024,Q1,1,0,0
ORD003920,2024-01-13,CUST01208,Fashion,Denim Jacket,South,Chennai,Website,3,2933.8,0.1,8801.41,7921.27,5513.83,Debit Card,Delivered,2407.44,0.3039,2024-01,2024,Q1,1,0,0
ORD003921,2025-01-01,CUST01185,Fashion,Backpack,South,Chennai,Website,3,1145.12,0.05,3435.35,3263.58,1927.6,Credit Card,Delivered,1335.98,0.4094,2025-01,2025,Q1,1,0,0
ORD003922,2024-05-19,CUST00002,Fashion,Running Shoes,South,Bengaluru,Website,1,2136.26,0.2,2136.26,1709.01,1343.19,UPI,Returned,365.82,0.2141,2024-05,2024,Q2,0,1,0
ORD003923,2025-03-14,CUST00757,Sports,Resistance Bands,West,Pune,Marketplace,2,5216.46,0.0,10432.92,10432.92,6104.48,Debit Card,Delivered,4328.44,0.4149,2025-03,2025,Q1,1,0,0
ORD003924,2025-01-29,CUST01332,Fashion,Running Shoes,East,Bhubaneswar,Mobile App,5,2739.16,0.05,13695.81,13011.02,8003.15,Cash on Delivery,Delivered,5007.87,0.3849,2025-01,2025,Q1,1,0,0
ORD003925,2025-05-19,CUST00486,Home & Kitchen,Coffee Maker,South,Hyderabad,Mobile App,1,8307.91,0.0,8307.91,8307.91,5430.51,Net Banking,Delivered,2877.4,0.3463,2025-05,2025,Q2,1,0,0
ORD003926,2024-04-12,CUST01489,Electronics,Wireless Headphones,South,Chennai,Mobile App,4,21971.9,0.05,87887.58,83493.2,59530.06,Credit Card,Returned,23963.14,0.287,2024-04,2024,Q2,0,1,0
ORD003927,2024-05-31,CUST00073,Electronics,Laptop Stand,South,Hyderabad,Website,5,18302.03,0.1,91510.15,82359.14,59456.2,Cash on Delivery,Cancelled,22902.94,0.2781,2024-05,2024,Q2,0,0,1
ORD003928,2025-06-22,CUST01146,Fashion,Sunglasses,West,Ahmedabad,Website,4,4679.06,0.0,18716.24,18716.24,15203.01,Cash on Delivery,Delivered,3513.23,0.1877,2025-06,2025,Q2,1,0,0
ORD003929,2024-10-18,CUST00751,Home & Kitchen,Coffee Maker,Central,Indore,Mobile App,1,4171.24,0.2,4171.24,3336.99,1739.02,Credit Card,Delivered,1597.97,0.4789,2024-10,2024,Q4,1,0,0
ORD003930,2024-05-20,CUST00332,Sports,Resistance Bands,North,Delhi,Marketplace,2,5920.64,0.15,11841.28,10065.08,5440.6,Net Banking,Delivered,4624.48,0.4595,2024-05,2024,Q2,1,0,0
ORD003931,2024-02-21,CUST00487,Home & Kitchen,Storage Box,South,Chennai,Marketplace,3,4390.49,0.1,13171.48,11854.33,6831.75,Cash on Delivery,Delivered,5022.58,0.4237,2024-02,2024,Q1,1,0,0
ORD003932,2024-12-02,CUST00295,Electronics,Smartwatch,North,Chandigarh,Website,5,12452.72,0.1,62263.59,56037.23,29147.18,UPI,Delivered,26890.05,0.4799,2024-12,2024,Q4,1,0,0
ORD003933,2024-09-21,CUST00510,Home & Kitchen,Storage Box,Central,Nagpur,Website,3,1097.77,0.0,3293.3,3293.3,1764.14,Net Banking,Delivered,1529.16,0.4643,2024-09,2024,Q3,1,0,0
ORD003934,2024-02-13,CUST00727,Fashion,Running Shoes,East,Patna,Website,1,1714.04,0.15,1714.04,1456.94,792.0,Net Banking,Delivered,664.94,0.4564,2024-02,2024,Q1,1,0,0
ORD003935,2024-06-14,CUST00362,Fashion,Denim Jacket,East,Kolkata,Marketplace,1,4990.28,0.1,4990.28,4491.25,3115.36,Credit Card,Delivered,1375.89,0.3063,2024-06,2024,Q2,1,0,0
ORD003936,2025-01-30,CUST01100,Fashion,Sunglasses,East,Kolkata,Website,3,5468.96,0.1,16406.89,14766.2,8765.54,UPI,Delivered,6000.66,0.4064,2025-01,2025,Q1,1,0,0
ORD003937,2024-03-22,CUST01501,Sports,Yoga Mat,South,Hyderabad,Mobile App,1,1524.72,0.1,1524.72,1372.25,954.59,Cash on Delivery,Delivered,417.66,0.3044,2024-03,2024,Q1,1,0,0
ORD003938,2024-11-16,CUST00605,Sports,Dumbbells,West,Ahmedabad,Website,4,4871.48,0.05,19485.92,18511.62,9923.7,UPI,Delivered,8587.92,0.4639,2024-11,2024,Q4,1,0,0
ORD003939,2024-12-07,CUST01369,Electronics,Bluetooth Speaker,South,Bengaluru,Mobile App,2,17803.77,0.05,35607.54,33827.17,18921.81,Debit Card,Delivered,14905.36,0.4406,2024-12,2024,Q4,1,0,0
ORD003940,2024-01-21,CUST01359,Home & Kitchen,Storage Box,Central,Nagpur,Website,4,6786.06,0.0,27144.26,27144.26,14480.77,UPI,Returned,12663.49,0.4665,2024-01,2024,Q1,0,1,0
ORD003941,2024-05-07,CUST01348,Sports,Yoga Mat,South,Chennai,Mobile App,2,3216.38,0.0,6432.77,6432.77,4742.34,Cash on Delivery,Delivered,1690.43,0.2628,2024-05,2024,Q2,1,0,0
ORD003942,2025-04-10,CUST01533,Electronics,Power Bank,West,Pune,Website,1,2391.13,0.1,2391.13,2152.02,1740.3,Cash on Delivery,Delivered,411.72,0.1913,2025-04,2025,Q2,1,0,0
ORD003943,2025-01-05,CUST01221,Home & Kitchen,Coffee Maker,West,Mumbai,Marketplace,4,5646.76,0.25,22587.04,16940.28,9779.57,UPI,Delivered,7160.71,0.4227,2025-01,2025,Q1,1,0,0
ORD003944,2025-03-03,CUST00047,Electronics,Smartwatch,North,Chandigarh,Website,2,5967.06,0.05,11934.11,11337.41,5990.49,UPI,Delivered,5346.92,0.4716,2025-03,2025,Q1,1,0,0
ORD003945,2024-03-06,CUST00008,Beauty,Face Serum,West,Ahmedabad,Mobile App,3,1324.24,0.1,3972.72,3575.45,2476.23,Credit Card,Delivered,1099.22,0.3074,2024-03,2024,Q1,1,0,0
ORD003946,2025-04-12,CUST00513,Fashion,Sunglasses,East,Kolkata,Mobile App,4,1992.8,0.0,7971.22,7971.22,6460.67,Cash on Delivery,Delivered,1510.55,0.1895,2025-04,2025,Q2,1,0,0
ORD003947,2024-10-16,CUST01209,Fashion,Denim Jacket,East,Bhubaneswar,Website,4,2643.87,0.1,10575.49,9517.94,5833.12,Credit Card,Returned,3684.82,0.3871,2024-10,2024,Q4,0,1,0
ORD003948,2024-06-10,CUST01048,Fashion,Denim Jacket,Central,Bhopal,Website,2,4301.32,0.0,8602.63,8602.63,4517.49,Net Banking,Returned,4085.14,0.4749,2024-06,2024,Q2,0,1,0
ORD003949,2025-03-31,CUST00721,Electronics,Bluetooth Speaker,East,Patna,Website,4,6304.35,0.15,25217.39,21434.78,17189.67,Net Banking,Returned,4245.11,0.198,2025-03,2025,Q1,0,1,0
ORD003950,2025-05-07,CUST00780,Home & Kitchen,Coffee Maker,West,Pune,Website,4,2554.26,0.0,10217.04,10217.04,7784.49,UPI,Delivered,2432.55,0.2381,2025-05,2025,Q2,1,0,0
ORD003951,2024-01-22,CUST00616,Fashion,Running Shoes,South,Bengaluru,Website,5,5146.47,0.05,25732.37,24445.75,16737.17,Cash on Delivery,Delivered,7708.58,0.3153,2024-01,2024,Q1,1,0,0
ORD003952,2024-08-30,CUST00085,Electronics,Wireless Headphones,West,Mumbai,Website,2,1614.32,0.05,3228.63,3067.2,1634.11,UPI,Delivered,1433.09,0.4672,2024-08,2024,Q3,1,0,0
ORD003953,2025-03-17,CUST01011,Fashion,T-Shirt,West,Ahmedabad,Mobile App,5,1728.75,0.1,8643.75,7779.38,4068.5,Cash on Delivery,Delivered,3710.88,0.477,2025-03,2025,Q1,1,0,0
ORD003954,2024-07-28,CUST00554,Fashion,Backpack,South,Chennai,Website,3,4614.56,0.15,13843.67,11767.12,7961.22,Credit Card,Delivered,3805.9,0.3234,2024-07,2024,Q3,1,0,0
ORD003955,2024-08-09,CUST00231,Electronics,Bluetooth Speaker,West,Ahmedabad,Mobile App,2,19947.48,0.1,39894.96,35905.47,29138.65,UPI,Delivered,6766.82,0.1885,2024-08,2024,Q3,1,0,0
ORD003956,2025-05-27,CUST00909,Fashion,Denim Jacket,Central,Nagpur,Website,5,861.72,0.15,4308.58,3662.3,2806.03,Cash on Delivery,Delivered,856.27,0.2338,2025-05,2025,Q2,1,0,0
ORD003957,2025-03-15,CUST00236,Fashion,T-Shirt,East,Kolkata,Mobile App,4,2384.91,0.15,9539.65,8108.7,5100.52,Credit Card,Delivered,3008.18,0.371,2025-03,2025,Q1,1,0,0
ORD003958,2024-07-19,CUST00866,Fashion,Sunglasses,West,Mumbai,Website,3,4714.9,0.0,14144.71,14144.71,9747.96,Net Banking,Delivered,4396.75,0.3108,2024-07,2024,Q3,1,0,0
ORD003959,2024-12-26,CUST00963,Electronics,Smartwatch,South,Hyderabad,Website,4,14700.67,0.15,58802.69,49982.29,30427.09,Credit Card,Delivered,19555.2,0.3912,2024-12,2024,Q4,1,0,0
ORD003960,2024-04-21,CUST01052,Home & Kitchen,Mixer Grinder,West,Ahmedabad,Marketplace,3,6892.71,0.05,20678.13,19644.23,12039.39,Net Banking,Delivered,7604.84,0.3871,2024-04,2024,Q2,1,0,0
ORD003961,2025-02-08,CUST00890,Electronics,Bluetooth Speaker,South,Hyderabad,Mobile App,5,11092.6,0.1,55463.02,49916.72,32388.1,Credit Card,Returned,17528.62,0.3512,2025-02,2025,Q1,0,1,0
ORD003962,2025-03-23,CUST00853,Fashion,T-Shirt,South,Hyderabad,Website,4,4560.57,0.0,18242.29,18242.29,13315.64,Net Banking,Delivered,4926.65,0.2701,2025-03,2025,Q1,1,0,0
ORD003963,2024-09-22,CUST01576,Home & Kitchen,Air Fryer,West,Pune,Marketplace,1,9816.26,0.0,9816.26,9816.26,6882.57,Debit Card,Returned,2933.69,0.2989,2024-09,2024,Q3,0,1,0
ORD003964,2024-06-19,CUST01102,Electronics,Laptop Stand,South,Hyderabad,Website,4,4739.85,0.05,18959.41,18011.44,15016.57,Cash on Delivery,Delivered,2994.87,0.1663,2024-06,2024,Q2,1,0,0
ORD003965,2025-03-05,CUST00998,Home & Kitchen,Air Fryer,West,Pune,Marketplace,2,1932.31,0.1,3864.62,3478.16,2325.74,Debit Card,Returned,1152.42,0.3313,2025-03,2025,Q1,0,1,0
ORD003966,2024-03-03,CUST01073,Home & Kitchen,Mixer Grinder,South,Chennai,Mobile App,1,8422.98,0.2,8422.98,6738.38,5133.05,Debit Card,Delivered,1605.33,0.2382,2024-03,2024,Q1,1,0,0
ORD003967,2024-07-28,CUST00342,Beauty,Face Serum,North,Jaipur,Mobile App,5,2692.36,0.05,13461.79,12788.7,6972.8,Credit Card,Returned,5815.9,0.4548,2024-07,2024,Q3,0,1,0
ORD003968,2024-01-24,CUST00272,Electronics,Bluetooth Speaker,West,Mumbai,Marketplace,2,4086.92,0.2,8173.84,6539.08,4423.19,Credit Card,Delivered,2115.89,0.3236,2024-01,2024,Q1,1,0,0
ORD003969,2024-10-10,CUST00191,Beauty,Moisturizer,North,Chandigarh,Mobile App,1,397.78,0.05,397.78,377.89,196.6,Debit Card,Returned,181.29,0.4797,2024-10,2024,Q4,0,1,0
ORD003970,2025-04-17,CUST01389,Sports,Resistance Bands,East,Bhubaneswar,Mobile App,5,1508.47,0.1,7542.34,6788.1,4298.61,Credit Card,Returned,2489.49,0.3667,2025-04,2025,Q2,0,1,0
ORD003971,2025-01-27,CUST01191,Home & Kitchen,Air Fryer,North,Jaipur,Mobile App,1,1699.3,0.15,1699.3,1444.41,1031.93,Cash on Delivery,Delivered,412.48,0.2856,2025-01,2025,Q1,1,0,0
ORD003972,2024-09-25,CUST00396,Fashion,Denim Jacket,West,Mumbai,Website,4,4105.57,0.1,16422.26,14780.03,8404.19,Debit Card,Delivered,6375.84,0.4314,2024-09,2024,Q3,1,0,0
ORD003973,2025-01-16,CUST00808,Electronics,Laptop Stand,Central,Nagpur,Mobile App,1,18223.59,0.05,18223.59,17312.41,9221.29,Credit Card,Delivered,8091.12,0.4674,2025-01,2025,Q1,1,0,0
ORD003974,2025-01-14,CUST00230,Fashion,Backpack,Central,Indore,Mobile App,5,442.88,0.2,2214.4,1771.52,1218.0,Net Banking,Delivered,553.52,0.3125,2025-01,2025,Q1,1,0,0
ORD003975,2024-08-08,CUST00740,Electronics,Smartwatch,North,Chandigarh,Website,5,6143.04,0.15,30715.21,26107.93,15404.15,Debit Card,Delivered,10703.78,0.41,2024-08,2024,Q3,1,0,0
ORD003976,2024-01-29,CUST01142,Home & Kitchen,Storage Box,North,Chandigarh,Website,4,1495.85,0.25,5983.41,4487.56,2957.49,UPI,Delivered,1530.07,0.341,2024-01,2024,Q1,1,0,0
ORD003977,2024-03-29,CUST00257,Fashion,T-Shirt,East,Patna,Marketplace,1,5082.83,0.2,5082.83,4066.27,2425.51,Debit Card,Delivered,1640.76,0.4035,2024-03,2024,Q1,1,0,0
ORD003978,2024-10-20,CUST00694,Sports,Dumbbells,North,Delhi,Marketplace,2,986.46,0.0,1972.93,1972.93,1634.7,Net Banking,Delivered,338.23,0.1714,2024-10,2024,Q4,1,0,0
ORD003979,2025-06-03,CUST01327,Home & Kitchen,Air Fryer,Central,Bhopal,Mobile App,1,6779.73,0.05,6779.73,6440.74,5023.94,Net Banking,Delivered,1416.8,0.22,2025-06,2025,Q2,1,0,0
ORD003980,2024-04-04,CUST00166,Fashion,Denim Jacket,Central,Bhopal,Marketplace,5,538.33,0.2,2691.63,2153.31,1352.68,Net Banking,Delivered,800.63,0.3718,2024-04,2024,Q2,1,0,0
ORD003981,2024-04-26,CUST00888,Beauty,Sunscreen,West,Mumbai,Mobile App,2,735.49,0.2,1470.99,1176.79,961.97,Cash on Delivery,Delivered,214.82,0.1825,2024-04,2024,Q2,1,0,0
ORD003982,2024-07-08,CUST01347,Sports,Cricket Bat,South,Bengaluru,Website,2,5455.14,0.05,10910.29,10364.77,6609.41,Debit Card,Cancelled,3755.36,0.3623,2024-07,2024,Q3,0,0,1
ORD003983,2024-04-12,CUST01533,Sports,Cricket Bat,North,Chandigarh,Website,4,2926.32,0.15,11705.27,9949.48,5353.66,Net Banking,Delivered,4595.82,0.4619,2024-04,2024,Q2,1,0,0
ORD003984,2024-03-31,CUST01399,Fashion,Denim Jacket,West,Ahmedabad,Website,5,4014.04,0.1,20070.2,18063.18,11261.48,Credit Card,Delivered,6801.7,0.3766,2024-03,2024,Q1,1,0,0
ORD003985,2025-05-16,CUST01167,Electronics,Smartwatch,West,Ahmedabad,Website,5,1853.02,0.2,9265.11,7412.09,5834.87,UPI,Returned,1577.22,0.2128,2025-05,2025,Q2,0,1,0
ORD003986,2025-05-06,CUST01018,Electronics,Bluetooth Speaker,West,Ahmedabad,Mobile App,2,19767.83,0.25,39535.66,29651.74,19404.13,Net Banking,Delivered,10247.61,0.3456,2025-05,2025,Q2,1,0,0
ORD003987,2024-11-30,CUST00984,Sports,Resistance Bands,North,Delhi,Marketplace,2,6746.65,0.2,13493.3,10794.64,7223.83,Debit Card,Delivered,3570.81,0.3308,2024-11,2024,Q4,1,0,0
ORD003988,2024-09-23,CUST00118,Sports,Football,West,Ahmedabad,Mobile App,1,2302.95,0.0,2302.95,2302.95,1338.03,Cash on Delivery,Returned,964.92,0.419,2024-09,2024,Q3,0,1,0
ORD003989,2024-10-18,CUST01276,Fashion,Running Shoes,West,Pune,Mobile App,4,430.22,0.05,1720.87,1634.82,1304.45,Credit Card,Delivered,330.37,0.2021,2024-10,2024,Q4,1,0,0
ORD003990,2024-11-28,CUST00672,Fashion,Denim Jacket,Central,Indore,Mobile App,1,1179.39,0.1,1179.39,1061.45,780.28,Net Banking,Delivered,281.17,0.2649,2024-11,2024,Q4,1,0,0
ORD003991,2025-03-10,CUST00686,Home & Kitchen,Water Bottle,Central,Nagpur,Marketplace,1,3130.71,0.0,3130.71,3130.71,2544.51,Credit Card,Delivered,586.2,0.1872,2025-03,2025,Q1,1,0,0
ORD003992,2024-02-27,CUST01577,Beauty,Sunscreen,East,Patna,Website,2,1268.25,0.05,2536.49,2409.67,1500.29,Credit Card,Delivered,909.38,0.3774,2024-02,2024,Q1,1,0,0
ORD003993,2024-10-27,CUST00263,Home & Kitchen,Storage Box,South,Chennai,Mobile App,4,8017.87,0.1,32071.5,28864.35,22316.77,Cash on Delivery,Pending,6547.58,0.2268,2024-10,2024,Q4,0,0,0
ORD003994,2025-01-13,CUST00282,Beauty,Lip Balm,West,Pune,Website,4,1825.19,0.15,7300.76,6205.64,4658.9,Debit Card,Pending,1546.74,0.2492,2025-01,2025,Q1,0,0,0
ORD003995,2024-09-08,CUST00115,Electronics,Power Bank,Central,Bhopal,Mobile App,2,1768.2,0.1,3536.4,3182.76,2324.54,Credit Card,Delivered,858.22,0.2696,2024-09,2024,Q3,1,0,0
ORD003996,2025-04-07,CUST00710,Beauty,Moisturizer,East,Bhubaneswar,Mobile App,1,2395.95,0.05,2395.95,2276.15,1430.29,UPI,Returned,845.86,0.3716,2025-04,2025,Q2,0,1,0
ORD003997,2025-02-01,CUST00977,Beauty,Face Serum,South,Chennai,Marketplace,2,1534.81,0.0,3069.62,3069.62,2532.18,Net Banking,Delivered,537.44,0.1751,2025-02,2025,Q1,1,0,0
ORD003998,2025-06-13,CUST00307,Home & Kitchen,Coffee Maker,West,Ahmedabad,Mobile App,4,1376.51,0.1,5506.03,4955.43,3240.89,Debit Card,Delivered,1714.54,0.346,2025-06,2025,Q2,1,0,0
ORD003999,2025-01-20,CUST01544,Electronics,Power Bank,North,Delhi,Mobile App,3,5703.92,0.1,17111.75,15400.58,11161.88,Net Banking,Delivered,4238.7,0.2752,2025-01,2025,Q1,1,0,0
ORD004000,2024-07-10,CUST01272,Home & Kitchen,Coffee Maker,North,Jaipur,Marketplace,5,4565.36,0.05,22826.78,21685.44,12084.1,Debit Card,Delivered,9601.34,0.4428,2024-07,2024,Q3,1,0,0
ORD004001,2024-02-14,CUST01581,Home & Kitchen,Mixer Grinder,North,Jaipur,Website,1,8111.05,0.05,8111.05,7705.49,4481.08,Credit Card,Delivered,3224.41,0.4185,2024-02,2024,Q1,1,0,0
ORD004002,2024-06-21,CUST01072,Electronics,Laptop Stand,West,Mumbai,Mobile App,5,4910.1,0.05,24550.49,23322.97,16092.7,Debit Card,Delivered,7230.27,0.31,2024-06,2024,Q2,1,0,0
ORD004003,2024-01-29,CUST01494,Fashion,Denim Jacket,South,Chennai,Website,5,3544.75,0.15,17723.74,15065.18,11995.4,Cash on Delivery,Returned,3069.78,0.2038,2024-01,2024,Q1,0,1,0
ORD004004,2024-10-09,CUST00358,Fashion,Running Shoes,North,Chandigarh,Marketplace,4,2747.07,0.0,10988.27,10988.27,8279.76,Cash on Delivery,Delivered,2708.51,0.2465,2024-10,2024,Q4,1,0,0
ORD004005,2024-04-21,CUST00949,Sports,Cricket Bat,West,Ahmedabad,Marketplace,2,6915.38,0.25,13830.77,10373.08,6501.48,UPI,Delivered,3871.6,0.3732,2024-04,2024,Q2,1,0,0
ORD004006,2024-12-05,CUST00145,Electronics,Smartwatch,North,Delhi,Marketplace,1,16142.45,0.0,16142.45,16142.45,9103.62,Credit Card,Delivered,7038.83,0.436,2024-12,2024,Q4,1,0,0
ORD004007,2025-06-07,CUST01247,Fashion,T-Shirt,Central,Bhopal,Mobile App,3,3546.42,0.2,10639.25,8511.4,6859.32,UPI,Delivered,1652.08,0.1941,2025-06,2025,Q2,1,0,0
ORD004008,2024-12-05,CUST01474,Home & Kitchen,Air Fryer,West,Ahmedabad,Website,2,3186.06,0.1,6372.11,5734.9,3071.73,Debit Card,Delivered,2663.17,0.4644,2024-12,2024,Q4,1,0,0
ORD004009,2024-07-05,CUST00967,Beauty,Lip Balm,West,Mumbai,Website,2,1343.19,0.0,2686.39,2686.39,2004.06,Debit Card,Pending,682.33,0.254,2024-07,2024,Q3,0,0,0
ORD004010,2024-01-06,CUST00755,Beauty,Shampoo,West,Ahmedabad,Mobile App,5,1865.08,0.1,9325.4,8392.86,6951.68,Credit Card,Delivered,1441.18,0.1717,2024-01,2024,Q1,1,0,0
ORD004011,2024-10-05,CUST00890,Electronics,Laptop Stand,West,Pune,Marketplace,5,4598.77,0.1,22993.83,20694.45,15378.37,Cash on Delivery,Delivered,5316.08,0.2569,2024-10,2024,Q4,1,0,0
ORD004012,2025-06-17,CUST01270,Fashion,T-Shirt,West,Mumbai,Website,2,4075.42,0.05,8150.85,7743.31,6303.7,Net Banking,Delivered,1439.61,0.1859,2025-06,2025,Q2,1,0,0
ORD004013,2025-06-04,CUST00946,Electronics,Wireless Headphones,North,Jaipur,Website,1,15760.02,0.05,15760.02,14972.02,9371.27,Net Banking,Delivered,5600.75,0.3741,2025-06,2025,Q2,1,0,0
ORD004014,2024-09-21,CUST00337,Sports,Cricket Bat,West,Ahmedabad,Marketplace,5,3699.54,0.05,18497.69,17572.8,9788.09,Debit Card,Delivered,7784.71,0.443,2024-09,2024,Q3,1,0,0
ORD004015,2025-05-26,CUST00214,Home & Kitchen,Coffee Maker,West,Mumbai,Mobile App,2,7654.52,0.1,15309.05,13778.14,10305.66,Credit Card,Delivered,3472.48,0.252,2025-05,2025,Q2,1,0,0
ORD004016,2024-08-06,CUST01514,Electronics,Laptop Stand,East,Patna,Website,1,3098.22,0.0,3098.22,3098.22,1984.11,Cash on Delivery,Delivered,1114.11,0.3596,2024-08,2024,Q3,1,0,0
ORD004017,2025-06-18,CUST01383,Fashion,Backpack,Central,Bhopal,Marketplace,5,5137.6,0.05,25687.98,24403.58,17668.34,Credit Card,Cancelled,6735.24,0.276,2025-06,2025,Q2,0,0,1
ORD004018,2025-05-04,CUST00759,Beauty,Sunscreen,East,Patna,Marketplace,2,1952.9,0.05,3905.79,3710.5,2583.17,Net Banking,Delivered,1127.33,0.3038,2025-05,2025,Q2,1,0,0
ORD004019,2024-08-01,CUST01204,Fashion,T-Shirt,West,Ahmedabad,Mobile App,3,2496.01,0.1,7488.03,6739.23,3575.94,Net Banking,Returned,3163.29,0.4694,2024-08,2024,Q3,0,1,0
ORD004020,2024-11-02,CUST00887,Electronics,Smartwatch,South,Chennai,Marketplace,2,19669.75,0.0,39339.5,39339.5,30624.53,Credit Card,Delivered,8714.97,0.2215,2024-11,2024,Q4,1,0,0
ORD004021,2024-05-30,CUST01488,Electronics,Bluetooth Speaker,North,Delhi,Website,4,4996.16,0.05,19984.65,18985.41,15113.82,UPI,Delivered,3871.59,0.2039,2024-05,2024,Q2,1,0,0
ORD004022,2024-09-15,CUST01463,Home & Kitchen,Water Bottle,East,Patna,Website,3,7932.08,0.1,23796.25,21416.62,16972.16,Debit Card,Delivered,4444.46,0.2075,2024-09,2024,Q3,1,0,0
ORD004023,2024-02-02,CUST00553,Sports,Dumbbells,South,Chennai,Website,3,6992.08,0.05,20976.25,19927.44,12336.35,Net Banking,Delivered,7591.09,0.3809,2024-02,2024,Q1,1,0,0
ORD004024,2025-01-18,CUST01218,Electronics,Wireless Headphones,West,Ahmedabad,Marketplace,3,9827.56,0.05,29482.68,28008.54,20342.21,Net Banking,Delivered,7666.33,0.2737,2025-01,2025,Q1,1,0,0
ORD004025,2024-09-02,CUST00272,Home & Kitchen,Storage Box,West,Pune,Mobile App,3,9995.39,0.1,29986.17,26987.55,14713.31,Debit Card,Cancelled,12274.24,0.4548,2024-09,2024,Q3,0,0,1
ORD004026,2025-05-29,CUST00933,Electronics,Bluetooth Speaker,East,Patna,Website,4,6999.74,0.0,27998.96,27998.96,14564.7,Net Banking,Returned,13434.26,0.4798,2025-05,2025,Q2,0,1,0
ORD004027,2024-10-22,CUST00845,Electronics,Smartwatch,Central,Indore,Marketplace,4,4625.99,0.0,18503.95,18503.95,14000.25,Cash on Delivery,Delivered,4503.7,0.2434,2024-10,2024,Q4,1,0,0
ORD004028,2024-09-12,CUST01384,Electronics,Bluetooth Speaker,West,Ahmedabad,Website,5,20694.03,0.25,103470.14,77602.61,58896.85,Debit Card,Delivered,18705.76,0.241,2024-09,2024,Q3,1,0,0
ORD004029,2024-07-18,CUST00749,Fashion,T-Shirt,West,Ahmedabad,Marketplace,4,461.34,0.15,1845.36,1568.56,1042.29,Net Banking,Delivered,526.27,0.3355,2024-07,2024,Q3,1,0,0
ORD004030,2024-11-05,CUST01345,Electronics,Laptop Stand,North,Delhi,Website,5,16477.71,0.0,82388.57,82388.57,50987.64,Cash on Delivery,Delivered,31400.93,0.3811,2024-11,2024,Q4,1,0,0
ORD004031,2024-06-15,CUST00570,Home & Kitchen,Air Fryer,North,Jaipur,Mobile App,2,8675.39,0.05,17350.79,16483.25,8992.09,Debit Card,Delivered,7491.16,0.4545,2024-06,2024,Q2,1,0,0
ORD004032,2025-02-09,CUST01247,Fashion,T-Shirt,West,Ahmedabad,Website,3,3805.94,0.15,11417.82,9705.15,7620.24,Debit Card,Delivered,2084.91,0.2148,2025-02,2025,Q1,1,0,0
ORD004033,2025-05-05,CUST00842,Electronics,Bluetooth Speaker,West,Mumbai,Website,2,3620.47,0.25,7240.93,5430.7,4149.29,Credit Card,Delivered,1281.41,0.236,2025-05,2025,Q2,1,0,0
ORD004034,2024-02-22,CUST00965,Home & Kitchen,Mixer Grinder,East,Bhubaneswar,Mobile App,2,1915.73,0.1,3831.47,3448.32,2453.16,Debit Card,Delivered,995.16,0.2886,2024-02,2024,Q1,1,0,0
ORD004035,2025-01-27,CUST01536,Beauty,Lip Balm,East,Bhubaneswar,Mobile App,1,2918.02,0.1,2918.02,2626.22,1422.68,Debit Card,Delivered,1203.54,0.4583,2025-01,2025,Q1,1,0,0
ORD004036,2025-05-08,CUST01392,Fashion,T-Shirt,North,Chandigarh,Marketplace,2,3416.61,0.15,6833.21,5808.23,3798.06,Cash on Delivery,Delivered,2010.17,0.3461,2025-05,2025,Q2,1,0,0
ORD004037,2024-05-29,CUST01231,Electronics,Laptop Stand,East,Kolkata,Mobile App,3,16566.4,0.05,49699.19,47214.23,33746.83,Credit Card,Delivered,13467.4,0.2852,2024-05,2024,Q2,1,0,0
ORD004038,2024-02-08,CUST00133,Beauty,Lip Balm,West,Ahmedabad,Mobile App,3,1817.51,0.15,5452.53,4634.65,3231.02,UPI,Delivered,1403.63,0.3029,2024-02,2024,Q1,1,0,0
ORD004039,2024-09-30,CUST01051,Fashion,Running Shoes,West,Mumbai,Website,5,2874.77,0.2,14373.83,11499.06,8957.52,Credit Card,Delivered,2541.54,0.221,2024-09,2024,Q3,1,0,0
ORD004040,2025-03-06,CUST01432,Home & Kitchen,Coffee Maker,North,Chandigarh,Mobile App,3,6029.72,0.0,18089.17,18089.17,11378.66,Credit Card,Delivered,6710.51,0.371,2025-03,2025,Q1,1,0,0
ORD004041,2024-12-28,CUST00261,Fashion,Backpack,Central,Nagpur,Marketplace,3,2660.55,0.15,7981.66,6784.41,4200.38,Credit Card,Delivered,2584.03,0.3809,2024-12,2024,Q4,1,0,0
ORD004042,2024-03-03,CUST00805,Home & Kitchen,Air Fryer,South,Hyderabad,Website,3,8961.82,0.05,26885.47,25541.2,19392.41,UPI,Delivered,6148.79,0.2407,2024-03,2024,Q1,1,0,0
ORD004043,2024-06-10,CUST00807,Beauty,Shampoo,South,Chennai,Mobile App,2,1781.21,0.0,3562.42,3562.42,2658.7,UPI,Delivered,903.72,0.2537,2024-06,2024,Q2,1,0,0
ORD004044,2024-03-01,CUST00039,Beauty,Face Serum,North,Delhi,Mobile App,5,1850.22,0.2,9251.12,7400.89,3885.4,Credit Card,Delivered,3515.49,0.475,2024-03,2024,Q1,1,0,0
ORD004045,2025-06-24,CUST00504,Fashion,Running Shoes,West,Mumbai,Marketplace,4,4879.05,0.0,19516.22,19516.22,10340.54,Net Banking,Delivered,9175.68,0.4702,2025-06,2025,Q2,1,0,0
ORD004046,2025-05-03,CUST00079,Sports,Cricket Bat,Central,Indore,Mobile App,1,6065.25,0.0,6065.25,6065.25,4221.55,Net Banking,Delivered,1843.7,0.304,2025-05,2025,Q2,1,0,0
ORD004047,2024-03-26,CUST01076,Beauty,Moisturizer,Central,Nagpur,Mobile App,3,1578.94,0.1,4736.82,4263.14,3000.89,UPI,Delivered,1262.25,0.2961,2024-03,2024,Q1,1,0,0
ORD004048,2024-02-16,CUST00653,Beauty,Moisturizer,Central,Bhopal,Mobile App,5,2513.44,0.1,12567.22,11310.49,6383.75,Debit Card,Pending,4926.74,0.4356,2024-02,2024,Q1,0,0,0
ORD004049,2025-01-30,CUST01326,Beauty,Lip Balm,North,Chandigarh,Mobile App,5,1456.86,0.15,7284.29,6191.65,4256.57,UPI,Delivered,1935.08,0.3125,2025-01,2025,Q1,1,0,0
ORD004050,2024-12-22,CUST00915,Fashion,Running Shoes,North,Jaipur,Website,3,4627.71,0.15,13883.12,11800.65,7791.56,Credit Card,Delivered,4009.09,0.3397,2024-12,2024,Q4,1,0,0
ORD004051,2025-02-03,CUST00898,Electronics,Bluetooth Speaker,South,Hyderabad,Mobile App,2,7890.0,0.0,15780.0,15780.0,10924.29,Net Banking,Delivered,4855.71,0.3077,2025-02,2025,Q1,1,0,0
ORD004052,2024-04-17,CUST00627,Home & Kitchen,Water Bottle,North,Chandigarh,Website,1,1169.28,0.0,1169.28,1169.28,802.35,Net Banking,Returned,366.93,0.3138,2024-04,2024,Q2,0,1,0
ORD004053,2024-04-04,CUST00942,Electronics,Smartwatch,East,Kolkata,Mobile App,2,14897.01,0.2,29794.02,23835.22,13719.4,Debit Card,Delivered,10115.82,0.4244,2024-04,2024,Q2,1,0,0
ORD004054,2024-12-05,CUST00879,Fashion,Denim Jacket,South,Hyderabad,Marketplace,4,4960.61,0.05,19842.43,18850.31,13785.77,UPI,Delivered,5064.54,0.2687,2024-12,2024,Q4,1,0,0
ORD004055,2025-02-20,CUST00590,Home & Kitchen,Mixer Grinder,West,Mumbai,Mobile App,5,8956.2,0.0,44781.0,44781.0,28072.84,Net Banking,Delivered,16708.16,0.3731,2025-02,2025,Q1,1,0,0
ORD004056,2024-06-23,CUST00171,Beauty,Shampoo,South,Bengaluru,Mobile App,5,2551.53,0.1,12757.65,11481.89,8858.76,Credit Card,Delivered,2623.13,0.2285,2024-06,2024,Q2,1,0,0
ORD004057,2024-08-08,CUST00683,Beauty,Lip Balm,East,Bhubaneswar,Mobile App,3,250.16,0.0,750.48,750.48,469.98,Cash on Delivery,Delivered,280.5,0.3738,2024-08,2024,Q3,1,0,0
ORD004058,2024-03-03,CUST00590,Electronics,Smartwatch,West,Pune,Mobile App,2,1865.56,0.0,3731.12,3731.12,2907.78,Credit Card,Delivered,823.34,0.2207,2024-03,2024,Q1,1,0,0
ORD004059,2024-02-28,CUST01258,Home & Kitchen,Mixer Grinder,West,Ahmedabad,Website,2,9054.66,0.05,18109.31,17203.85,11024.05,Net Banking,Delivered,6179.8,0.3592,2024-02,2024,Q1,1,0,0
ORD004060,2024-07-15,CUST00184,Electronics,Laptop Stand,South,Bengaluru,Mobile App,4,17983.44,0.15,71933.76,61143.7,42783.54,Net Banking,Delivered,18360.16,0.3003,2024-07,2024,Q3,1,0,0
ORD004061,2024-09-08,CUST01308,Fashion,Sunglasses,Central,Nagpur,Marketplace,3,454.48,0.2,1363.44,1090.75,592.82,Debit Card,Delivered,497.93,0.4565,2024-09,2024,Q3,1,0,0
ORD004062,2025-03-05,CUST00852,Beauty,Sunscreen,East,Patna,Marketplace,5,2709.32,0.0,13546.6,13546.6,10034.96,UPI,Delivered,3511.64,0.2592,2025-03,2025,Q1,1,0,0
ORD004063,2024-07-13,CUST00902,Fashion,Backpack,West,Pune,Website,1,536.25,0.1,536.25,482.62,374.49,Cash on Delivery,Delivered,108.13,0.224,2024-07,2024,Q3,1,0,0
ORD004064,2024-05-03,CUST00631,Home & Kitchen,Water Bottle,East,Bhubaneswar,Website,1,8678.96,0.05,8678.96,8245.01,6078.51,Debit Card,Delivered,2166.5,0.2628,2024-05,2024,Q2,1,0,0
ORD004065,2024-08-11,CUST00218,Home & Kitchen,Storage Box,Central,Indore,Mobile App,4,5031.52,0.05,20126.08,19119.77,13393.07,Credit Card,Delivered,5726.7,0.2995,2024-08,2024,Q3,1,0,0
ORD004066,2025-03-22,CUST00232,Fashion,T-Shirt,East,Bhubaneswar,Website,2,1418.1,0.1,2836.21,2552.59,2000.34,Credit Card,Returned,552.25,0.2163,2025-03,2025,Q1,0,1,0
ORD004067,2024-06-11,CUST01055,Beauty,Face Serum,Central,Indore,Website,3,1912.56,0.0,5737.67,5737.67,4085.11,UPI,Delivered,1652.56,0.288,2024-06,2024,Q2,1,0,0
ORD004068,2024-08-18,CUST01003,Home & Kitchen,Air Fryer,North,Delhi,Website,3,7058.09,0.2,21174.28,16939.42,11699.28,Cash on Delivery,Delivered,5240.14,0.3093,2024-08,2024,Q3,1,0,0
ORD004069,2024-08-29,CUST00973,Home & Kitchen,Air Fryer,North,Chandigarh,Website,1,8524.04,0.05,8524.04,8097.83,5535.09,Cash on Delivery,Delivered,2562.74,0.3165,2024-08,2024,Q3,1,0,0
ORD004070,2024-03-19,CUST00982,Sports,Dumbbells,West,Mumbai,Marketplace,4,4144.53,0.05,16578.1,15749.2,8970.45,Credit Card,Returned,6778.75,0.4304,2024-03,2024,Q1,0,1,0
ORD004071,2025-06-10,CUST00126,Electronics,Bluetooth Speaker,Central,Bhopal,Mobile App,3,13365.55,0.0,40096.64,40096.64,33634.78,UPI,Delivered,6461.86,0.1612,2025-06,2025,Q2,1,0,0
ORD004072,2024-03-27,CUST00117,Fashion,T-Shirt,West,Mumbai,Website,1,4895.76,0.1,4895.76,4406.18,2609.33,Cash on Delivery,Delivered,1796.85,0.4078,2024-03,2024,Q1,1,0,0
ORD004073,2024-12-03,CUST01048,Fashion,Denim Jacket,North,Chandigarh,Website,1,3225.17,0.15,3225.17,2741.4,1983.23,Cash on Delivery,Delivered,758.17,0.2766,2024-12,2024,Q4,1,0,0
ORD004074,2025-02-27,CUST01164,Electronics,Laptop Stand,South,Bengaluru,Mobile App,2,14337.22,0.25,28674.44,21505.83,14672.91,Credit Card,Delivered,6832.92,0.3177,2025-02,2025,Q1,1,0,0
ORD004075,2025-05-09,CUST01479,Beauty,Sunscreen,East,Bhubaneswar,Mobile App,4,690.12,0.1,2760.48,2484.43,1385.37,Credit Card,Returned,1099.06,0.4424,2025-05,2025,Q2,0,1,0
ORD004076,2025-06-07,CUST00058,Sports,Yoga Mat,West,Pune,Mobile App,2,1662.63,0.1,3325.26,2992.73,2111.88,Credit Card,Delivered,880.85,0.2943,2025-06,2025,Q2,1,0,0
ORD004077,2025-01-05,CUST00083,Home & Kitchen,Air Fryer,North,Jaipur,Mobile App,5,7475.15,0.1,37375.77,33638.19,20241.12,Net Banking,Delivered,13397.07,0.3983,2025-01,2025,Q1,1,0,0
ORD004078,2025-03-22,CUST01283,Home & Kitchen,Storage Box,North,Jaipur,Website,1,3910.39,0.0,3910.39,3910.39,2457.59,Cash on Delivery,Delivered,1452.8,0.3715,2025-03,2025,Q1,1,0,0
ORD004079,2024-12-12,CUST01587,Home & Kitchen,Storage Box,East,Bhubaneswar,Marketplace,3,1166.21,0.1,3498.63,3148.77,1735.9,Credit Card,Delivered,1412.87,0.4487,2024-12,2024,Q4,1,0,0
ORD004080,2024-12-13,CUST00297,Home & Kitchen,Coffee Maker,South,Bengaluru,Website,2,6919.5,0.15,13838.99,11763.14,8534.77,Credit Card,Delivered,3228.37,0.2744,2024-12,2024,Q4,1,0,0
ORD004081,2025-01-03,CUST00199,Fashion,Sunglasses,South,Hyderabad,Marketplace,3,3274.35,0.25,9823.06,7367.29,3969.68,Cash on Delivery,Pending,3397.61,0.4612,2025-01,2025,Q1,0,0,0
ORD004082,2025-01-26,CUST00867,Home & Kitchen,Water Bottle,West,Pune,Marketplace,5,8687.22,0.1,43436.08,39092.47,29380.42,Credit Card,Delivered,9712.05,0.2484,2025-01,2025,Q1,1,0,0
ORD004083,2024-01-13,CUST00267,Electronics,Laptop Stand,South,Bengaluru,Website,3,7914.01,0.1,23742.04,21367.83,17561.61,Net Banking,Delivered,3806.22,0.1781,2024-01,2024,Q1,1,0,0
ORD004084,2025-03-26,CUST01456,Fashion,T-Shirt,North,Delhi,Website,4,2978.43,0.05,11913.71,11318.03,9117.5,Cash on Delivery,Delivered,2200.53,0.1944,2025-03,2025,Q1,1,0,0
ORD004085,2025-06-22,CUST00380,Fashion,T-Shirt,North,Chandigarh,Website,4,979.43,0.1,3917.71,3525.94,2660.78,Cash on Delivery,Delivered,865.16,0.2454,2025-06,2025,Q2,1,0,0
ORD004086,2025-04-16,CUST00795,Electronics,Wireless Headphones,South,Chennai,Website,1,3616.37,0.15,3616.37,3073.91,2112.09,Debit Card,Returned,961.82,0.3129,2025-04,2025,Q2,0,1,0
ORD004087,2024-09-28,CUST00545,Fashion,Running Shoes,Central,Indore,Mobile App,2,5218.55,0.2,10437.11,8349.68,6554.85,Cash on Delivery,Delivered,1794.83,0.215,2024-09,2024,Q3,1,0,0
ORD004088,2024-07-29,CUST00707,Fashion,Sunglasses,West,Ahmedabad,Marketplace,1,2791.95,0.05,2791.95,2652.35,1862.48,Debit Card,Delivered,789.87,0.2978,2024-07,2024,Q3,1,0,0
ORD004089,2024-07-28,CUST00088,Electronics,Bluetooth Speaker,East,Kolkata,Mobile App,1,8223.85,0.0,8223.85,8223.85,6610.67,Credit Card,Delivered,1613.18,0.1962,2024-07,2024,Q3,1,0,0
ORD004090,2024-12-28,CUST00755,Electronics,Laptop Stand,Central,Indore,Marketplace,1,4000.07,0.15,4000.07,3400.06,2561.67,Net Banking,Delivered,838.39,0.2466,2024-12,2024,Q4,1,0,0
ORD004091,2024-12-09,CUST00398,Electronics,Smartwatch,Central,Bhopal,Mobile App,1,9299.7,0.0,9299.7,9299.7,6513.41,Net Banking,Delivered,2786.29,0.2996,2024-12,2024,Q4,1,0,0
ORD004092,2025-02-08,CUST00445,Home & Kitchen,Storage Box,South,Chennai,Marketplace,4,6211.04,0.0,24844.16,24844.16,13777.04,Net Banking,Delivered,11067.12,0.4455,2025-02,2025,Q1,1,0,0
ORD004093,2024-10-24,CUST00557,Sports,Dumbbells,North,Jaipur,Mobile App,4,6387.37,0.1,25549.49,22994.54,15560.25,Credit Card,Delivered,7434.29,0.3233,2024-10,2024,Q4,1,0,0
ORD004094,2025-03-01,CUST00184,Home & Kitchen,Storage Box,West,Pune,Website,4,2970.62,0.05,11882.48,11288.35,7196.14,Debit Card,Delivered,4092.21,0.3625,2025-03,2025,Q1,1,0,0
ORD004095,2024-07-05,CUST01097,Electronics,Smartwatch,South,Hyderabad,Website,2,12844.59,0.15,25689.19,21835.81,15108.59,Net Banking,Cancelled,6727.22,0.3081,2024-07,2024,Q3,0,0,1
ORD004096,2024-10-24,CUST01594,Electronics,Laptop Stand,South,Bengaluru,Mobile App,5,1989.35,0.05,9946.74,9449.41,7295.83,Net Banking,Delivered,2153.58,0.2279,2024-10,2024,Q4,1,0,0
ORD004097,2024-12-14,CUST01328,Electronics,Smartwatch,West,Mumbai,Website,2,4568.2,0.0,9136.4,9136.4,6713.19,Cash on Delivery,Delivered,2423.21,0.2652,2024-12,2024,Q4,1,0,0
ORD004098,2024-11-23,CUST00412,Fashion,Running Shoes,East,Bhubaneswar,Website,3,3415.09,0.25,10245.28,7683.96,4079.58,Credit Card,Delivered,3604.38,0.4691,2024-11,2024,Q4,1,0,0
ORD004099,2025-05-06,CUST01274,Sports,Yoga Mat,South,Bengaluru,Website,1,3482.43,0.1,3482.43,3134.19,2401.25,Debit Card,Delivered,732.94,0.2339,2025-05,2025,Q2,1,0,0
ORD004100,2025-02-28,CUST00548,Home & Kitchen,Water Bottle,East,Bhubaneswar,Website,5,8504.36,0.05,42521.8,40395.71,25886.72,Credit Card,Delivered,14508.99,0.3592,2025-02,2025,Q1,1,0,0
ORD004101,2024-08-19,CUST01383,Electronics,Laptop Stand,West,Ahmedabad,Mobile App,4,21356.8,0.05,85427.19,81155.83,44983.06,Net Banking,Delivered,36172.77,0.4457,2024-08,2024,Q3,1,0,0
ORD004102,2024-01-04,CUST00706,Beauty,Moisturizer,Central,Bhopal,Mobile App,4,1309.59,0.1,5238.37,4714.54,2741.3,Cash on Delivery,Delivered,1973.24,0.4185,2024-01,2024,Q1,1,0,0
ORD004103,2025-03-24,CUST00985,Fashion,Backpack,East,Kolkata,Website,4,1771.12,0.05,7084.49,6730.26,4543.54,Debit Card,Delivered,2186.72,0.3249,2025-03,2025,Q1,1,0,0
ORD004104,2024-08-04,CUST01539,Beauty,Shampoo,West,Pune,Website,1,1511.63,0.0,1511.63,1511.63,904.44,Credit Card,Delivered,607.19,0.4017,2024-08,2024,Q3,1,0,0
ORD004105,2024-05-07,CUST01516,Home & Kitchen,Coffee Maker,West,Ahmedabad,Mobile App,1,9725.11,0.05,9725.11,9238.85,5899.32,Credit Card,Delivered,3339.53,0.3615,2024-05,2024,Q2,1,0,0
ORD004106,2024-06-18,CUST00962,Beauty,Moisturizer,West,Pune,Website,3,1623.68,0.15,4871.03,4140.37,2472.65,Credit Card,Returned,1667.72,0.4028,2024-06,2024,Q2,0,1,0
ORD004107,2025-04-26,CUST00892,Electronics,Wireless Headphones,North,Delhi,Website,5,15293.82,0.0,76469.1,76469.1,51918.89,Net Banking,Delivered,24550.21,0.321,2025-04,2025,Q2,1,0,0
ORD004108,2024-07-02,CUST00717,Fashion,T-Shirt,East,Bhubaneswar,Mobile App,4,2359.82,0.2,9439.27,7551.42,4086.67,Net Banking,Delivered,3464.75,0.4588,2024-07,2024,Q3,1,0,0
ORD004109,2025-03-23,CUST01118,Fashion,Denim Jacket,South,Bengaluru,Website,3,2497.95,0.05,7493.84,7119.15,4896.54,Debit Card,Delivered,2222.61,0.3122,2025-03,2025,Q1,1,0,0
ORD004110,2024-08-29,CUST00474,Electronics,Power Bank,West,Pune,Mobile App,3,15684.39,0.2,47053.17,37642.53,31446.02,Cash on Delivery,Returned,6196.51,0.1646,2024-08,2024,Q3,0,1,0
ORD004111,2024-10-21,CUST01360,Home & Kitchen,Coffee Maker,North,Jaipur,Marketplace,2,3179.24,0.05,6358.47,6040.55,3887.33,Credit Card,Delivered,2153.22,0.3565,2024-10,2024,Q4,1,0,0
ORD004112,2024-02-29,CUST00023,Beauty,Lip Balm,East,Patna,Website,4,1269.06,0.0,5076.24,5076.24,4082.47,Cash on Delivery,Delivered,993.77,0.1958,2024-02,2024,Q1,1,0,0
ORD004113,2024-03-03,CUST00343,Electronics,Wireless Headphones,South,Hyderabad,Website,3,9693.93,0.1,29081.8,26173.62,20188.93,Debit Card,Delivered,5984.69,0.2287,2024-03,2024,Q1,1,0,0
ORD004114,2025-04-03,CUST00839,Fashion,Running Shoes,West,Mumbai,Mobile App,4,3652.14,0.1,14608.54,13147.69,8229.97,Credit Card,Delivered,4917.72,0.374,2025-04,2025,Q2,1,0,0
ORD004115,2024-06-10,CUST01053,Electronics,Laptop Stand,Central,Nagpur,Marketplace,2,16866.1,0.0,33732.2,33732.2,25182.85,UPI,Delivered,8549.35,0.2534,2024-06,2024,Q2,1,0,0
ORD004116,2024-12-27,CUST00557,Fashion,Denim Jacket,West,Pune,Marketplace,2,5386.27,0.2,10772.54,8618.03,5451.86,UPI,Delivered,3166.17,0.3674,2024-12,2024,Q4,1,0,0
ORD004117,2024-07-22,CUST00932,Fashion,Running Shoes,East,Patna,Website,2,2532.63,0.05,5065.26,4812.0,2839.37,Cash on Delivery,Delivered,1972.63,0.4099,2024-07,2024,Q3,1,0,0
ORD004118,2024-04-08,CUST00116,Electronics,Power Bank,West,Ahmedabad,Marketplace,5,1438.22,0.1,7191.1,6471.99,3999.56,UPI,Returned,2472.43,0.382,2024-04,2024,Q2,0,1,0
ORD004119,2024-03-26,CUST00237,Electronics,Bluetooth Speaker,North,Delhi,Mobile App,1,3009.95,0.05,3009.95,2859.45,1613.38,Credit Card,Delivered,1246.07,0.4358,2024-03,2024,Q1,1,0,0
ORD004120,2024-11-30,CUST00217,Beauty,Face Serum,South,Hyderabad,Website,2,233.03,0.0,466.05,466.05,328.0,Cash on Delivery,Delivered,138.05,0.2962,2024-11,2024,Q4,1,0,0
ORD004121,2025-04-13,CUST00062,Sports,Cricket Bat,West,Pune,Website,3,2435.56,0.1,7306.68,6576.01,4122.91,Debit Card,Delivered,2453.1,0.373,2025-04,2025,Q2,1,0,0
ORD004122,2024-09-19,CUST00693,Electronics,Power Bank,South,Hyderabad,Website,4,5048.11,0.15,20192.43,17163.56,13933.0,Credit Card,Delivered,3230.56,0.1882,2024-09,2024,Q3,1,0,0
ORD004123,2024-07-28,CUST01561,Home & Kitchen,Air Fryer,North,Delhi,Website,5,4195.24,0.0,20976.19,20976.19,13275.58,UPI,Delivered,7700.61,0.3671,2024-07,2024,Q3,1,0,0
ORD004124,2024-12-19,CUST00905,Sports,Dumbbells,West,Mumbai,Marketplace,5,4884.75,0.15,24423.73,20760.17,17051.6,Credit Card,Cancelled,3708.57,0.1786,2024-12,2024,Q4,0,0,1
ORD004125,2025-05-30,CUST00344,Sports,Cricket Bat,South,Chennai,Website,1,2172.14,0.1,2172.14,1954.92,1109.11,Credit Card,Returned,845.81,0.4327,2025-05,2025,Q2,0,1,0
ORD004126,2025-01-26,CUST00569,Electronics,Wireless Headphones,South,Hyderabad,Marketplace,3,5682.85,0.0,17048.55,17048.55,9075.43,Cash on Delivery,Delivered,7973.12,0.4677,2025-01,2025,Q1,1,0,0
ORD004127,2024-07-26,CUST00638,Home & Kitchen,Storage Box,Central,Indore,Mobile App,4,9517.12,0.05,38068.48,36165.06,20403.35,Credit Card,Pending,15761.71,0.4358,2024-07,2024,Q3,0,0,0
ORD004128,2024-04-23,CUST01577,Beauty,Moisturizer,East,Bhubaneswar,Marketplace,1,2796.7,0.15,2796.7,2377.19,1837.57,Cash on Delivery,Delivered,539.62,0.227,2024-04,2024,Q2,1,0,0
ORD004129,2024-11-24,CUST00195,Fashion,Running Shoes,Central,Bhopal,Mobile App,5,2467.7,0.0,12338.5,12338.5,10164.96,Net Banking,Returned,2173.54,0.1762,2024-11,2024,Q4,0,1,0
ORD004130,2024-05-03,CUST00796,Sports,Resistance Bands,Central,Bhopal,Mobile App,1,6737.82,0.1,6737.82,6064.04,3336.91,Net Banking,Delivered,2727.13,0.4497,2024-05,2024,Q2,1,0,0
ORD004131,2024-06-01,CUST00136,Home & Kitchen,Air Fryer,East,Bhubaneswar,Website,2,2194.32,0.0,4388.63,4388.63,2350.33,Debit Card,Delivered,2038.3,0.4645,2024-06,2024,Q2,1,0,0
ORD004132,2024-12-29,CUST01183,Electronics,Wireless Headphones,South,Chennai,Website,2,1835.36,0.05,3670.71,3487.18,2399.02,Net Banking,Delivered,1088.16,0.312,2024-12,2024,Q4,1,0,0
ORD004133,2024-08-12,CUST00977,Electronics,Laptop Stand,East,Patna,Website,1,18131.59,0.05,18131.59,17225.01,12932.58,Net Banking,Delivered,4292.43,0.2492,2024-08,2024,Q3,1,0,0
ORD004134,2024-08-02,CUST00302,Electronics,Smartwatch,Central,Bhopal,Website,4,20587.05,0.1,82348.18,74113.36,60804.85,UPI,Delivered,13308.51,0.1796,2024-08,2024,Q3,1,0,0
ORD004135,2024-01-13,CUST00580,Fashion,Denim Jacket,West,Pune,Mobile App,1,5499.62,0.15,5499.62,4674.68,2765.58,Net Banking,Delivered,1909.1,0.4084,2024-01,2024,Q1,1,0,0
ORD004136,2024-10-03,CUST00449,Home & Kitchen,Water Bottle,South,Chennai,Website,1,8982.72,0.05,8982.72,8533.58,4546.35,UPI,Delivered,3987.23,0.4672,2024-10,2024,Q4,1,0,0
ORD004137,2024-03-01,CUST00326,Beauty,Lip Balm,West,Mumbai,Marketplace,4,906.02,0.15,3624.07,3080.46,2419.77,Cash on Delivery,Returned,660.69,0.2145,2024-03,2024,Q1,0,1,0
ORD004138,2024-08-01,CUST01571,Electronics,Laptop Stand,South,Hyderabad,Mobile App,4,4219.44,0.15,16877.76,14346.1,11141.87,Cash on Delivery,Delivered,3204.23,0.2234,2024-08,2024,Q3,1,0,0
ORD004139,2024-09-22,CUST01385,Electronics,Wireless Headphones,East,Patna,Marketplace,4,12558.07,0.05,50232.28,47720.66,37094.33,UPI,Pending,10626.33,0.2227,2024-09,2024,Q3,0,0,0
ORD004140,2024-03-18,CUST00682,Home & Kitchen,Water Bottle,North,Chandigarh,Mobile App,4,2455.8,0.1,9823.2,8840.88,5469.09,UPI,Delivered,3371.79,0.3814,2024-03,2024,Q1,1,0,0
ORD004141,2024-04-25,CUST01176,Electronics,Bluetooth Speaker,Central,Indore,Website,3,16624.24,0.2,49872.71,39898.17,31031.42,UPI,Delivered,8866.75,0.2222,2024-04,2024,Q2,1,0,0
ORD004142,2025-01-19,CUST01311,Fashion,Backpack,South,Chennai,Website,5,4809.31,0.2,24046.53,19237.22,14816.65,UPI,Returned,4420.57,0.2298,2025-01,2025,Q1,0,1,0
ORD004143,2025-02-14,CUST00798,Electronics,Wireless Headphones,South,Hyderabad,Website,3,19373.8,0.1,58121.4,52309.26,40617.94,UPI,Pending,11691.32,0.2235,2025-02,2025,Q1,0,0,0
ORD004144,2025-03-16,CUST00293,Sports,Yoga Mat,South,Bengaluru,Marketplace,4,3566.21,0.25,14264.84,10698.63,6389.28,Debit Card,Delivered,4309.35,0.4028,2025-03,2025,Q1,1,0,0
ORD004145,2024-06-25,CUST01420,Fashion,Backpack,North,Jaipur,Mobile App,5,672.37,0.1,3361.84,3025.66,2079.7,Credit Card,Delivered,945.96,0.3126,2024-06,2024,Q2,1,0,0
ORD004146,2025-01-26,CUST01508,Fashion,Denim Jacket,North,Chandigarh,Website,2,5212.76,0.05,10425.52,9904.25,5854.87,UPI,Delivered,4049.38,0.4089,2025-01,2025,Q1,1,0,0
ORD004147,2024-07-14,CUST00907,Home & Kitchen,Mixer Grinder,Central,Indore,Mobile App,3,4700.96,0.15,14102.87,11987.44,8482.71,Debit Card,Delivered,3504.73,0.2924,2024-07,2024,Q3,1,0,0
ORD004148,2024-09-21,CUST00068,Electronics,Power Bank,North,Chandigarh,Website,5,3645.56,0.05,18227.81,17316.42,12161.03,Cash on Delivery,Pending,5155.39,0.2977,2024-09,2024,Q3,0,0,0
ORD004149,2025-05-15,CUST01227,Fashion,Backpack,North,Delhi,Mobile App,4,2741.56,0.2,10966.23,8772.98,6227.27,UPI,Delivered,2545.71,0.2902,2025-05,2025,Q2,1,0,0
ORD004150,2024-08-12,CUST00798,Fashion,Sunglasses,East,Bhubaneswar,Website,4,2781.11,0.2,11124.45,8899.56,5458.79,Cash on Delivery,Delivered,3440.77,0.3866,2024-08,2024,Q3,1,0,0
ORD004151,2025-06-05,CUST00499,Sports,Yoga Mat,East,Bhubaneswar,Website,4,2454.87,0.1,9819.49,8837.54,5071.38,Net Banking,Cancelled,3766.16,0.4262,2025-06,2025,Q2,0,0,1
ORD004152,2024-01-31,CUST00897,Electronics,Power Bank,South,Bengaluru,Mobile App,3,20102.39,0.05,60307.18,57291.82,30103.3,UPI,Delivered,27188.52,0.4746,2024-01,2024,Q1,1,0,0
ORD004153,2025-06-27,CUST01376,Electronics,Laptop Stand,South,Bengaluru,Website,2,9849.13,0.1,19698.25,17728.43,14370.23,Cash on Delivery,Delivered,3358.2,0.1894,2025-06,2025,Q2,1,0,0
ORD004154,2025-02-05,CUST00827,Electronics,Power Bank,West,Pune,Mobile App,3,14730.26,0.05,44190.79,41981.25,34171.68,UPI,Delivered,7809.57,0.186,2025-02,2025,Q1,1,0,0
ORD004155,2024-10-10,CUST00776,Beauty,Shampoo,West,Pune,Mobile App,1,1818.99,0.1,1818.99,1637.09,1244.2,Cash on Delivery,Cancelled,392.89,0.24,2024-10,2024,Q4,0,0,1
ORD004156,2024-11-10,CUST00681,Sports,Yoga Mat,North,Delhi,Website,4,5125.33,0.1,20501.32,18451.19,12754.15,Credit Card,Delivered,5697.04,0.3088,2024-11,2024,Q4,1,0,0
ORD004157,2024-02-17,CUST00937,Sports,Yoga Mat,West,Mumbai,Mobile App,4,5117.96,0.0,20471.82,20471.82,13140.4,Cash on Delivery,Delivered,7331.42,0.3581,2024-02,2024,Q1,1,0,0
ORD004158,2025-02-08,CUST00036,Electronics,Bluetooth Speaker,West,Ahmedabad,Mobile App,4,10951.85,0.0,43807.4,43807.4,28212.66,Cash on Delivery,Delivered,15594.74,0.356,2025-02,2025,Q1,1,0,0
ORD004159,2025-01-26,CUST00759,Beauty,Lip Balm,West,Pune,Mobile App,5,2984.46,0.15,14922.32,12683.97,9920.16,UPI,Delivered,2763.81,0.2179,2025-01,2025,Q1,1,0,0
ORD004160,2024-04-01,CUST01473,Electronics,Wireless Headphones,Central,Indore,Website,3,3168.24,0.05,9504.72,9029.48,7418.58,Cash on Delivery,Delivered,1610.9,0.1784,2024-04,2024,Q2,1,0,0
ORD004161,2024-03-02,CUST00790,Home & Kitchen,Mixer Grinder,North,Delhi,Mobile App,5,7571.45,0.15,37857.23,32178.64,24729.82,Net Banking,Delivered,7448.82,0.2315,2024-03,2024,Q1,1,0,0
ORD004162,2024-01-16,CUST01062,Home & Kitchen,Water Bottle,East,Patna,Website,1,9004.27,0.2,9004.27,7203.42,5945.93,Cash on Delivery,Delivered,1257.49,0.1746,2024-01,2024,Q1,1,0,0
ORD004163,2025-06-03,CUST00103,Fashion,Backpack,South,Chennai,Website,2,3886.09,0.05,7772.17,7383.57,5914.28,Net Banking,Delivered,1469.29,0.199,2025-06,2025,Q2,1,0,0
ORD004164,2025-06-04,CUST00464,Sports,Dumbbells,North,Delhi,Marketplace,3,4755.79,0.1,14267.36,12840.63,9480.17,Debit Card,Delivered,3360.46,0.2617,2025-06,2025,Q2,1,0,0
ORD004165,2024-04-30,CUST01338,Electronics,Bluetooth Speaker,South,Bengaluru,Website,4,2485.57,0.05,9942.3,9445.18,5576.08,Debit Card,Delivered,3869.1,0.4096,2024-04,2024,Q2,1,0,0
ORD004166,2025-03-08,CUST01158,Sports,Cricket Bat,South,Chennai,Website,4,6414.06,0.1,25656.25,23090.62,12673.25,Net Banking,Delivered,10417.37,0.4512,2025-03,2025,Q1,1,0,0
ORD004167,2025-02-03,CUST01169,Electronics,Wireless Headphones,Central,Bhopal,Website,2,21446.44,0.25,42892.88,32169.66,19255.37,Cash on Delivery,Delivered,12914.29,0.4014,2025-02,2025,Q1,1,0,0
ORD004168,2024-02-19,CUST00671,Beauty,Shampoo,South,Bengaluru,Mobile App,5,1140.37,0.15,5701.83,4846.55,3862.89,UPI,Delivered,983.66,0.203,2024-02,2024,Q1,1,0,0
ORD004169,2024-06-15,CUST01533,Home & Kitchen,Air Fryer,Central,Bhopal,Mobile App,2,9744.25,0.05,19488.51,18514.08,10270.42,Credit Card,Delivered,8243.66,0.4453,2024-06,2024,Q2,1,0,0
ORD004170,2025-06-19,CUST00538,Fashion,Running Shoes,East,Patna,Mobile App,4,3136.68,0.1,12546.73,11292.06,6385.91,UPI,Delivered,4906.15,0.4345,2025-06,2025,Q2,1,0,0
ORD004171,2025-03-04,CUST01462,Electronics,Laptop Stand,South,Hyderabad,Website,5,9292.04,0.15,46460.22,39491.18,20899.13,UPI,Delivered,18592.05,0.4708,2025-03,2025,Q1,1,0,0
ORD004172,2024-01-14,CUST00235,Electronics,Power Bank,Central,Indore,Website,1,13839.43,0.1,13839.43,12455.49,9187.55,Net Banking,Delivered,3267.94,0.2624,2024-01,2024,Q1,1,0,0
ORD004173,2025-02-22,CUST01523,Electronics,Smartwatch,East,Patna,Marketplace,2,1345.88,0.2,2691.76,2153.41,1203.91,UPI,Delivered,949.5,0.4409,2025-02,2025,Q1,1,0,0
ORD004174,2024-12-25,CUST01030,Home & Kitchen,Mixer Grinder,South,Chennai,Mobile App,2,7829.12,0.15,15658.23,13309.5,10451.54,Debit Card,Delivered,2857.96,0.2147,2024-12,2024,Q4,1,0,0
ORD004175,2024-07-15,CUST00815,Beauty,Lip Balm,North,Chandigarh,Mobile App,4,2461.27,0.15,9845.06,8368.3,4634.65,Credit Card,Delivered,3733.65,0.4462,2024-07,2024,Q3,1,0,0
ORD004176,2024-06-17,CUST01360,Fashion,Sunglasses,South,Bengaluru,Mobile App,2,2396.61,0.05,4793.22,4553.56,2427.47,Debit Card,Delivered,2126.09,0.4669,2024-06,2024,Q2,1,0,0
ORD004177,2024-04-21,CUST00424,Fashion,T-Shirt,South,Bengaluru,Marketplace,1,1387.09,0.0,1387.09,1387.09,1120.89,Credit Card,Delivered,266.2,0.1919,2024-04,2024,Q2,1,0,0
ORD004178,2024-06-03,CUST01209,Fashion,Running Shoes,East,Patna,Website,1,1286.02,0.1,1286.02,1157.42,635.31,UPI,Returned,522.11,0.4511,2024-06,2024,Q2,0,1,0
ORD004179,2025-04-26,CUST01556,Fashion,T-Shirt,South,Chennai,Website,2,1260.99,0.2,2521.97,2017.58,1690.51,Net Banking,Delivered,327.07,0.1621,2025-04,2025,Q2,1,0,0
ORD004180,2025-04-18,CUST01082,Electronics,Bluetooth Speaker,West,Pune,Website,4,20045.31,0.15,80181.24,68154.05,41676.94,UPI,Delivered,26477.11,0.3885,2025-04,2025,Q2,1,0,0
ORD004181,2025-04-13,CUST01529,Electronics,Laptop Stand,South,Bengaluru,Website,1,15486.92,0.0,15486.92,15486.92,9521.54,Credit Card,Delivered,5965.38,0.3852,2025-04,2025,Q2,1,0,0
ORD004182,2025-03-16,CUST01391,Fashion,Running Shoes,Central,Nagpur,Mobile App,3,2421.19,0.0,7263.58,7263.58,6096.03,Credit Card,Delivered,1167.55,0.1607,2025-03,2025,Q1,1,0,0
ORD004183,2025-04-24,CUST00806,Fashion,Backpack,East,Bhubaneswar,Website,4,2261.43,0.05,9045.74,8593.45,6644.59,UPI,Delivered,1948.86,0.2268,2025-04,2025,Q2,1,0,0
ORD004184,2024-07-16,CUST00730,Sports,Football,South,Bengaluru,Website,1,1639.12,0.1,1639.12,1475.21,936.82,Net Banking,Cancelled,538.39,0.365,2024-07,2024,Q3,0,0,1
ORD004185,2024-10-28,CUST01439,Sports,Yoga Mat,North,Jaipur,Website,3,4180.93,0.25,12542.78,9407.09,5013.37,Net Banking,Delivered,4393.72,0.4671,2024-10,2024,Q4,1,0,0
ORD004186,2024-08-05,CUST00496,Electronics,Power Bank,West,Pune,Mobile App,3,18572.65,0.15,55717.95,47360.26,27268.74,UPI,Pending,20091.52,0.4242,2024-08,2024,Q3,0,0,0
ORD004187,2024-06-05,CUST00191,Home & Kitchen,Mixer Grinder,West,Mumbai,Mobile App,3,5165.61,0.05,15496.82,14721.98,7947.69,Net Banking,Delivered,6774.29,0.4601,2024-06,2024,Q2,1,0,0
ORD004188,2024-03-26,CUST01536,Sports,Cricket Bat,West,Pune,Marketplace,1,6497.65,0.0,6497.65,6497.65,3763.98,Debit Card,Delivered,2733.67,0.4207,2024-03,2024,Q1,1,0,0
ORD004189,2024-07-19,CUST00102,Sports,Dumbbells,Central,Nagpur,Website,3,2458.75,0.05,7376.24,7007.43,5203.25,Net Banking,Cancelled,1804.18,0.2575,2024-07,2024,Q3,0,0,1
ORD004190,2024-05-23,CUST00256,Electronics,Wireless Headphones,South,Chennai,Mobile App,4,19375.49,0.15,77501.97,65876.67,39208.13,Debit Card,Delivered,26668.54,0.4048,2024-05,2024,Q2,1,0,0
ORD004191,2024-10-04,CUST01225,Fashion,Denim Jacket,South,Chennai,Marketplace,1,4144.44,0.2,4144.44,3315.55,1960.81,Debit Card,Pending,1354.74,0.4086,2024-10,2024,Q4,0,0,0
ORD004192,2025-06-28,CUST00282,Home & Kitchen,Storage Box,South,Bengaluru,Mobile App,2,1345.26,0.05,2690.51,2555.99,1848.88,Cash on Delivery,Delivered,707.11,0.2766,2025-06,2025,Q2,1,0,0
ORD004193,2025-03-27,CUST00573,Fashion,T-Shirt,Central,Indore,Mobile App,5,367.27,0.05,1836.34,1744.52,1281.69,UPI,Delivered,462.83,0.2653,2025-03,2025,Q1,1,0,0
ORD004194,2024-05-16,CUST00485,Fashion,Running Shoes,West,Pune,Mobile App,3,2713.39,0.1,8140.17,7326.16,5189.95,Net Banking,Delivered,2136.21,0.2916,2024-05,2024,Q2,1,0,0
ORD004195,2024-07-13,CUST01475,Sports,Cricket Bat,North,Delhi,Website,1,6763.99,0.05,6763.99,6425.79,4231.93,Cash on Delivery,Delivered,2193.86,0.3414,2024-07,2024,Q3,1,0,0
ORD004196,2025-01-26,CUST00265,Sports,Resistance Bands,Central,Indore,Mobile App,3,2260.44,0.15,6781.31,5764.11,4584.53,UPI,Delivered,1179.58,0.2046,2025-01,2025,Q1,1,0,0
ORD004197,2025-04-11,CUST00771,Home & Kitchen,Storage Box,North,Jaipur,Website,2,3285.52,0.0,6571.03,6571.03,5205.81,Net Banking,Delivered,1365.22,0.2078,2025-04,2025,Q2,1,0,0
ORD004198,2024-02-28,CUST01200,Fashion,Running Shoes,East,Kolkata,Mobile App,5,4807.14,0.05,24035.68,22833.9,18019.09,Credit Card,Delivered,4814.81,0.2109,2024-02,2024,Q1,1,0,0
ORD004199,2025-01-13,CUST01056,Beauty,Moisturizer,North,Chandigarh,Website,1,1657.44,0.0,1657.44,1657.44,899.41,UPI,Delivered,758.03,0.4573,2025-01,2025,Q1,1,0,0
ORD004200,2024-07-04,CUST00282,Beauty,Face Serum,West,Ahmedabad,Mobile App,4,711.38,0.0,2845.5,2845.5,1793.99,Cash on Delivery,Delivered,1051.51,0.3695,2024-07,2024,Q3,1,0,0
ORD004201,2024-09-09,CUST00780,Home & Kitchen,Air Fryer,South,Bengaluru,Marketplace,4,2252.73,0.0,9010.93,9010.93,5445.39,Cash on Delivery,Delivered,3565.54,0.3957,2024-09,2024,Q3,1,0,0
ORD004202,2025-05-26,CUST01293,Fashion,Running Shoes,West,Ahmedabad,Website,2,3379.54,0.05,6759.08,6421.13,5224.25,UPI,Delivered,1196.88,0.1864,2025-05,2025,Q2,1,0,0
ORD004203,2024-02-22,CUST01119,Home & Kitchen,Water Bottle,West,Ahmedabad,Mobile App,5,3544.1,0.05,17720.52,16834.49,12065.19,Debit Card,Delivered,4769.3,0.2833,2024-02,2024,Q1,1,0,0
ORD004204,2025-06-16,CUST00165,Electronics,Smartwatch,South,Bengaluru,Mobile App,2,5133.88,0.15,10267.75,8727.59,6506.48,UPI,Delivered,2221.11,0.2545,2025-06,2025,Q2,1,0,0
ORD004205,2024-07-02,CUST00719,Fashion,Running Shoes,Central,Bhopal,Mobile App,3,4910.78,0.0,14732.35,14732.35,9775.48,Net Banking,Delivered,4956.87,0.3365,2024-07,2024,Q3,1,0,0
ORD004206,2024-04-09,CUST01568,Electronics,Smartwatch,North,Chandigarh,Mobile App,3,8712.71,0.05,26138.13,24831.22,20035.56,Cash on Delivery,Delivered,4795.66,0.1931,2024-04,2024,Q2,1,0,0
ORD004207,2025-06-04,CUST00286,Electronics,Laptop Stand,West,Pune,Website,5,3397.95,0.1,16989.73,15290.76,9697.92,Net Banking,Pending,5592.84,0.3658,2025-06,2025,Q2,0,0,0
ORD004208,2024-11-01,CUST01330,Home & Kitchen,Air Fryer,Central,Bhopal,Marketplace,4,1190.4,0.05,4761.6,4523.52,3196.33,UPI,Delivered,1327.19,0.2934,2024-11,2024,Q4,1,0,0
ORD004209,2024-05-20,CUST01294,Beauty,Face Serum,West,Pune,Marketplace,4,1119.15,0.0,4476.59,4476.59,3612.79,Cash on Delivery,Delivered,863.8,0.193,2024-05,2024,Q2,1,0,0
ORD004210,2025-02-27,CUST00052,Home & Kitchen,Coffee Maker,East,Patna,Website,1,8878.27,0.05,8878.27,8434.35,5151.18,Credit Card,Delivered,3283.17,0.3893,2025-02,2025,Q1,1,0,0
ORD004211,2025-06-20,CUST00254,Electronics,Smartwatch,Central,Indore,Website,5,4499.65,0.05,22498.27,21373.36,11772.4,UPI,Delivered,9600.96,0.4492,2025-06,2025,Q2,1,0,0
ORD004212,2025-03-26,CUST00319,Fashion,Sunglasses,North,Delhi,Marketplace,4,2758.85,0.15,11035.41,9380.1,5314.22,Credit Card,Delivered,4065.88,0.4335,2025-03,2025,Q1,1,0,0
ORD004213,2024-04-15,CUST00284,Home & Kitchen,Mixer Grinder,South,Chennai,Mobile App,4,4826.61,0.1,19306.44,17375.79,12580.87,Debit Card,Delivered,4794.92,0.276,2024-04,2024,Q2,1,0,0
ORD004214,2024-10-27,CUST00619,Home & Kitchen,Mixer Grinder,East,Bhubaneswar,Marketplace,1,8045.8,0.15,8045.8,6838.93,3660.4,Net Banking,Delivered,3178.53,0.4648,2024-10,2024,Q4,1,0,0
ORD004215,2024-03-20,CUST00351,Home & Kitchen,Storage Box,South,Chennai,Marketplace,2,1058.57,0.15,2117.13,1799.56,1149.15,Debit Card,Delivered,650.41,0.3614,2024-03,2024,Q1,1,0,0
ORD004216,2024-11-04,CUST00834,Fashion,Denim Jacket,East,Patna,Website,2,1729.2,0.2,3458.4,2766.72,2199.69,UPI,Delivered,567.03,0.2049,2024-11,2024,Q4,1,0,0
ORD004217,2024-04-09,CUST01004,Beauty,Shampoo,North,Jaipur,Website,4,2766.45,0.2,11065.79,8852.63,5141.35,UPI,Delivered,3711.28,0.4192,2024-04,2024,Q2,1,0,0
ORD004218,2025-05-06,CUST00704,Electronics,Bluetooth Speaker,Central,Nagpur,Mobile App,3,7933.86,0.05,23801.57,22611.49,17735.78,Cash on Delivery,Delivered,4875.71,0.2156,2025-05,2025,Q2,1,0,0
ORD004219,2024-11-21,CUST00503,Beauty,Face Serum,West,Mumbai,Marketplace,5,823.48,0.1,4117.39,3705.65,2891.57,UPI,Delivered,814.08,0.2197,2024-11,2024,Q4,1,0,0
ORD004220,2024-08-03,CUST00288,Fashion,T-Shirt,North,Jaipur,Mobile App,1,4570.14,0.15,4570.14,3884.62,2705.74,Debit Card,Delivered,1178.88,0.3035,2024-08,2024,Q3,1,0,0
ORD004221,2024-01-30,CUST01267,Fashion,Sunglasses,Central,Indore,Website,4,1651.4,0.1,6605.59,5945.03,4886.38,Cash on Delivery,Returned,1058.65,0.1781,2024-01,2024,Q1,0,1,0
ORD004222,2024-05-06,CUST00303,Home & Kitchen,Air Fryer,North,Chandigarh,Website,5,7342.84,0.15,36714.21,31207.08,16979.01,UPI,Delivered,14228.07,0.4559,2024-05,2024,Q2,1,0,0
ORD004223,2024-08-16,CUST01060,Fashion,Denim Jacket,West,Ahmedabad,Mobile App,2,4479.3,0.1,8958.6,8062.74,4221.38,Cash on Delivery,Delivered,3841.36,0.4764,2024-08,2024,Q3,1,0,0
ORD004224,2024-12-13,CUST00038,Home & Kitchen,Mixer Grinder,South,Hyderabad,Mobile App,3,5854.61,0.0,17563.84,17563.84,14539.13,Debit Card,Delivered,3024.71,0.1722,2024-12,2024,Q4,1,0,0
ORD004225,2024-07-20,CUST00809,Home & Kitchen,Water Bottle,West,Pune,Mobile App,2,6990.21,0.0,13980.41,13980.41,11114.22,Cash on Delivery,Delivered,2866.19,0.205,2024-07,2024,Q3,1,0,0
ORD004226,2024-04-27,CUST00354,Fashion,T-Shirt,South,Hyderabad,Website,5,1767.74,0.0,8838.7,8838.7,4701.41,Cash on Delivery,Delivered,4137.29,0.4681,2024-04,2024,Q2,1,0,0
ORD004227,2025-05-05,CUST01047,Electronics,Bluetooth Speaker,Central,Bhopal,Mobile App,3,15709.64,0.2,47128.91,37703.13,26043.4,Debit Card,Delivered,11659.73,0.3093,2025-05,2025,Q2,1,0,0
ORD004228,2024-03-10,CUST00499,Electronics,Bluetooth Speaker,South,Chennai,Website,1,1888.98,0.0,1888.98,1888.98,1471.52,Credit Card,Delivered,417.46,0.221,2024-03,2024,Q1,1,0,0
ORD004229,2024-02-27,CUST00501,Electronics,Wireless Headphones,West,Mumbai,Website,4,16104.09,0.1,64416.37,57974.73,31022.02,Cash on Delivery,Pending,26952.71,0.4649,2024-02,2024,Q1,0,0,0
ORD004230,2024-11-10,CUST00374,Sports,Yoga Mat,South,Bengaluru,Website,2,1763.37,0.15,3526.75,2997.74,1891.54,Credit Card,Delivered,1106.2,0.369,2024-11,2024,Q4,1,0,0
ORD004231,2024-08-27,CUST01088,Electronics,Laptop Stand,South,Hyderabad,Marketplace,5,21290.33,0.1,106451.65,95806.48,51820.18,Net Banking,Returned,43986.3,0.4591,2024-08,2024,Q3,0,1,0
ORD004232,2025-05-22,CUST01220,Home & Kitchen,Coffee Maker,Central,Indore,Mobile App,1,9572.67,0.15,9572.67,8136.77,5263.89,UPI,Delivered,2872.88,0.3531,2025-05,2025,Q2,1,0,0
ORD004233,2024-08-09,CUST01183,Fashion,Running Shoes,West,Mumbai,Mobile App,2,1014.22,0.05,2028.43,1927.01,1303.67,UPI,Delivered,623.34,0.3235,2024-08,2024,Q3,1,0,0
ORD004234,2024-03-12,CUST01246,Electronics,Smartwatch,West,Ahmedabad,Mobile App,1,18073.37,0.1,18073.37,16266.04,12844.36,UPI,Pending,3421.68,0.2104,2024-03,2024,Q1,0,0,0
ORD004235,2025-06-16,CUST00236,Sports,Resistance Bands,South,Chennai,Mobile App,5,6769.35,0.25,33846.75,25385.06,13899.89,UPI,Delivered,11485.17,0.4524,2025-06,2025,Q2,1,0,0
ORD004236,2024-12-15,CUST01031,Home & Kitchen,Storage Box,North,Chandigarh,Website,4,4712.15,0.0,18848.6,18848.6,11984.21,Net Banking,Delivered,6864.39,0.3642,2024-12,2024,Q4,1,0,0
ORD004237,2024-04-11,CUST01233,Home & Kitchen,Coffee Maker,West,Ahmedabad,Marketplace,5,1885.86,0.2,9429.29,7543.43,4121.82,Debit Card,Returned,3421.61,0.4536,2024-04,2024,Q2,0,1,0
ORD004238,2024-12-20,CUST01476,Sports,Resistance Bands,West,Ahmedabad,Website,2,4191.59,0.05,8383.19,7964.03,5882.5,Net Banking,Delivered,2081.53,0.2614,2024-12,2024,Q4,1,0,0
ORD004239,2025-01-22,CUST00122,Electronics,Power Bank,East,Bhubaneswar,Website,5,6661.17,0.15,33305.83,28309.95,16713.67,Debit Card,Delivered,11596.28,0.4096,2025-01,2025,Q1,1,0,0
ORD004240,2025-05-22,CUST00988,Fashion,Backpack,Central,Bhopal,Website,1,4420.47,0.15,4420.47,3757.4,2768.31,Debit Card,Delivered,989.09,0.2632,2025-05,2025,Q2,1,0,0
ORD004241,2024-03-19,CUST01125,Home & Kitchen,Mixer Grinder,North,Delhi,Mobile App,2,1413.19,0.1,2826.38,2543.74,1972.92,Net Banking,Delivered,570.82,0.2244,2024-03,2024,Q1,1,0,0
ORD004242,2024-12-17,CUST00536,Beauty,Shampoo,Central,Indore,Mobile App,1,726.49,0.1,726.49,653.84,387.52,Net Banking,Cancelled,266.32,0.4073,2024-12,2024,Q4,0,0,1
ORD004243,2024-05-10,CUST00102,Home & Kitchen,Air Fryer,Central,Nagpur,Website,5,7315.85,0.1,36579.24,32921.32,17700.73,UPI,Pending,15220.59,0.4623,2024-05,2024,Q2,0,0,0
ORD004244,2024-01-01,CUST00201,Electronics,Power Bank,West,Pune,Marketplace,1,3975.9,0.0,3975.9,3975.9,3198.06,Credit Card,Delivered,777.84,0.1956,2024-01,2024,Q1,1,0,0
ORD004245,2025-02-25,CUST00108,Electronics,Bluetooth Speaker,Central,Bhopal,Website,3,21757.28,0.15,65271.85,55481.08,44693.88,Net Banking,Delivered,10787.2,0.1944,2025-02,2025,Q1,1,0,0
ORD004246,2024-12-03,CUST00206,Fashion,Denim Jacket,West,Ahmedabad,Website,4,2733.72,0.15,10934.87,9294.64,6125.42,Debit Card,Returned,3169.22,0.341,2024-12,2024,Q4,0,1,0
ORD004247,2025-04-11,CUST00172,Fashion,Running Shoes,South,Hyderabad,Website,1,2298.61,0.05,2298.61,2183.68,1161.5,Credit Card,Delivered,1022.18,0.4681,2025-04,2025,Q2,1,0,0
ORD004248,2024-10-11,CUST01159,Electronics,Power Bank,West,Mumbai,Website,4,9983.07,0.1,39932.29,35939.06,19085.02,Debit Card,Delivered,16854.04,0.469,2024-10,2024,Q4,1,0,0
ORD004249,2025-02-11,CUST01083,Beauty,Face Serum,East,Kolkata,Website,3,2903.99,0.0,8711.96,8711.96,6341.68,Credit Card,Delivered,2370.28,0.2721,2025-02,2025,Q1,1,0,0
ORD004250,2024-07-04,CUST00847,Electronics,Laptop Stand,West,Ahmedabad,Mobile App,5,8296.38,0.2,41481.88,33185.51,23440.89,Credit Card,Delivered,9744.62,0.2936,2024-07,2024,Q3,1,0,0
ORD004251,2025-04-11,CUST00626,Home & Kitchen,Water Bottle,East,Kolkata,Mobile App,3,4585.48,0.1,13756.45,12380.81,10208.08,Net Banking,Delivered,2172.73,0.1755,2025-04,2025,Q2,1,0,0
ORD004252,2025-04-21,CUST01545,Fashion,Running Shoes,East,Kolkata,Website,4,1110.47,0.15,4441.86,3775.58,2296.07,Net Banking,Delivered,1479.51,0.3919,2025-04,2025,Q2,1,0,0
ORD004253,2024-05-29,CUST01021,Home & Kitchen,Air Fryer,Central,Indore,Mobile App,2,6335.05,0.05,12670.1,12036.6,7929.54,UPI,Delivered,4107.06,0.3412,2024-05,2024,Q2,1,0,0
ORD004254,2025-04-07,CUST01549,Home & Kitchen,Water Bottle,West,Ahmedabad,Website,2,8332.02,0.1,16664.03,14997.63,9658.96,UPI,Delivered,5338.67,0.356,2025-04,2025,Q2,1,0,0
ORD004255,2024-04-30,CUST00844,Electronics,Bluetooth Speaker,South,Bengaluru,Website,2,21282.63,0.2,42565.26,34052.21,18450.16,Debit Card,Delivered,15602.05,0.4582,2024-04,2024,Q2,1,0,0
ORD004256,2024-02-25,CUST00415,Electronics,Laptop Stand,South,Hyderabad,Mobile App,2,17110.16,0.2,34220.32,27376.25,22811.67,Debit Card,Delivered,4564.58,0.1667,2024-02,2024,Q1,1,0,0
ORD004257,2025-06-23,CUST00273,Beauty,Face Serum,West,Mumbai,Website,2,1403.03,0.0,2806.06,2806.06,1625.07,Credit Card,Pending,1180.99,0.4209,2025-06,2025,Q2,0,0,0
ORD004258,2024-02-15,CUST00508,Electronics,Power Bank,East,Patna,Website,2,1993.53,0.15,3987.07,3389.01,1990.86,Credit Card,Delivered,1398.15,0.4126,2024-02,2024,Q1,1,0,0
ORD004259,2024-09-25,CUST00630,Sports,Football,South,Bengaluru,Marketplace,2,4014.62,0.1,8029.24,7226.32,5434.94,Cash on Delivery,Delivered,1791.38,0.2479,2024-09,2024,Q3,1,0,0
ORD004260,2024-06-02,CUST00898,Electronics,Bluetooth Speaker,West,Mumbai,Website,3,2965.75,0.25,8897.24,6672.93,3524.09,Cash on Delivery,Delivered,3148.84,0.4719,2024-06,2024,Q2,1,0,0
ORD004261,2024-04-03,CUST00497,Electronics,Wireless Headphones,Central,Indore,Mobile App,4,21074.01,0.2,84296.03,67436.83,35128.0,Net Banking,Delivered,32308.83,0.4791,2024-04,2024,Q2,1,0,0
ORD004262,2024-03-24,CUST01478,Beauty,Shampoo,West,Mumbai,Mobile App,5,2103.48,0.1,10517.39,9465.65,6103.31,Net Banking,Delivered,3362.34,0.3552,2024-03,2024,Q1,1,0,0
ORD004263,2025-01-29,CUST01018,Beauty,Sunscreen,South,Bengaluru,Mobile App,1,634.29,0.15,634.29,539.15,378.25,UPI,Cancelled,160.9,0.2984,2025-01,2025,Q1,0,0,1
ORD004264,2024-07-13,CUST00864,Electronics,Wireless Headphones,North,Delhi,Marketplace,1,15557.14,0.15,15557.14,13223.57,10769.89,Credit Card,Delivered,2453.68,0.1856,2024-07,2024,Q3,1,0,0
ORD004265,2025-04-14,CUST01500,Sports,Football,Central,Bhopal,Mobile App,2,5492.26,0.0,10984.53,10984.53,8904.43,Credit Card,Returned,2080.1,0.1894,2025-04,2025,Q2,0,1,0
ORD004266,2025-02-18,CUST00558,Home & Kitchen,Storage Box,West,Pune,Mobile App,4,6208.58,0.2,24834.33,19867.46,15167.2,Net Banking,Delivered,4700.26,0.2366,2025-02,2025,Q1,1,0,0
ORD004267,2024-08-03,CUST00785,Sports,Dumbbells,North,Delhi,Mobile App,4,4943.08,0.2,19772.32,15817.85,11636.39,UPI,Delivered,4181.46,0.2644,2024-08,2024,Q3,1,0,0
ORD004268,2024-03-26,CUST00164,Home & Kitchen,Air Fryer,North,Jaipur,Mobile App,2,5295.25,0.0,10590.51,10590.51,6830.75,Credit Card,Delivered,3759.76,0.355,2024-03,2024,Q1,1,0,0
ORD004269,2024-01-18,CUST01080,Electronics,Wireless Headphones,South,Hyderabad,Mobile App,2,7819.21,0.05,15638.43,14856.51,10271.18,Net Banking,Delivered,4585.33,0.3086,2024-01,2024,Q1,1,0,0
ORD004270,2024-12-28,CUST01545,Sports,Football,West,Pune,Mobile App,2,2749.52,0.0,5499.05,5499.05,3734.25,Cash on Delivery,Delivered,1764.8,0.3209,2024-12,2024,Q4,1,0,0
ORD004271,2024-04-24,CUST00188,Beauty,Face Serum,South,Hyderabad,Mobile App,5,1955.76,0.15,9778.79,8311.97,5344.46,Cash on Delivery,Delivered,2967.51,0.357,2024-04,2024,Q2,1,0,0
ORD004272,2025-04-06,CUST01526,Fashion,T-Shirt,West,Mumbai,Website,5,2068.19,0.0,10340.96,10340.96,7563.55,Net Banking,Delivered,2777.41,0.2686,2025-04,2025,Q2,1,0,0
ORD004273,2025-04-08,CUST01080,Sports,Football,North,Delhi,Website,1,4146.41,0.1,4146.41,3731.77,1950.78,Cash on Delivery,Delivered,1780.99,0.4773,2025-04,2025,Q2,1,0,0
ORD004274,2024-07-17,CUST01208,Electronics,Bluetooth Speaker,South,Chennai,Website,5,19671.7,0.1,98358.5,88522.65,73010.73,Credit Card,Pending,15511.92,0.1752,2024-07,2024,Q3,0,0,0
ORD004275,2024-11-17,CUST00669,Fashion,Running Shoes,Central,Indore,Website,4,2702.62,0.05,10810.46,10269.94,8263.95,Net Banking,Returned,2005.99,0.1953,2024-11,2024,Q4,0,1,0
ORD004276,2024-02-23,CUST00163,Electronics,Wireless Headphones,Central,Indore,Website,5,7904.61,0.15,39523.05,33594.59,24195.4,Credit Card,Delivered,9399.19,0.2798,2024-02,2024,Q1,1,0,0
ORD004277,2025-05-10,CUST00511,Electronics,Laptop Stand,North,Delhi,Website,1,2371.11,0.2,2371.11,1896.89,1317.3,Debit Card,Delivered,579.59,0.3055,2025-05,2025,Q2,1,0,0
ORD004278,2024-06-23,CUST00936,Electronics,Laptop Stand,Central,Bhopal,Website,3,14751.16,0.2,44253.47,35402.77,23883.23,UPI,Delivered,11519.54,0.3254,2024-06,2024,Q2,1,0,0
ORD004279,2024-03-18,CUST01469,Beauty,Moisturizer,Central,Bhopal,Website,1,723.91,0.1,723.91,651.52,489.44,UPI,Delivered,162.08,0.2488,2024-03,2024,Q1,1,0,0
ORD004280,2024-10-19,CUST01564,Electronics,Power Bank,Central,Bhopal,Website,1,11620.77,0.0,11620.77,11620.77,6689.98,UPI,Delivered,4930.79,0.4243,2024-10,2024,Q4,1,0,0
ORD004281,2024-09-11,CUST00876,Electronics,Power Bank,North,Jaipur,Website,1,15738.57,0.0,15738.57,15738.57,11752.02,Cash on Delivery,Returned,3986.55,0.2533,2024-09,2024,Q3,0,1,0
ORD004282,2024-10-06,CUST01317,Electronics,Bluetooth Speaker,North,Chandigarh,Website,1,2889.17,0.1,2889.17,2600.25,1859.77,Debit Card,Delivered,740.48,0.2848,2024-10,2024,Q4,1,0,0
ORD004283,2025-02-20,CUST00928,Fashion,T-Shirt,South,Hyderabad,Website,4,4679.4,0.05,18717.58,17781.7,14364.27,Credit Card,Delivered,3417.43,0.1922,2025-02,2025,Q1,1,0,0
ORD004284,2025-06-19,CUST01234,Home & Kitchen,Air Fryer,East,Bhubaneswar,Marketplace,1,8249.49,0.05,8249.49,7837.01,4705.69,Credit Card,Delivered,3131.32,0.3996,2025-06,2025,Q2,1,0,0
ORD004285,2024-08-02,CUST00228,Electronics,Power Bank,East,Kolkata,Website,3,4838.19,0.2,14514.56,11611.65,8546.56,Cash on Delivery,Delivered,3065.09,0.264,2024-08,2024,Q3,1,0,0
ORD004286,2024-08-24,CUST01023,Sports,Yoga Mat,West,Ahmedabad,Marketplace,5,1639.95,0.1,8199.76,7379.78,4574.98,Cash on Delivery,Delivered,2804.8,0.3801,2024-08,2024,Q3,1,0,0
ORD004287,2024-10-01,CUST00294,Fashion,Backpack,North,Chandigarh,Website,2,2338.1,0.1,4676.19,4208.57,3480.75,Cash on Delivery,Delivered,727.82,0.1729,2024-10,2024,Q4,1,0,0
ORD004288,2024-05-23,CUST00897,Fashion,Backpack,West,Pune,Marketplace,4,3014.24,0.25,12056.95,9042.71,6162.41,Cash on Delivery,Pending,2880.3,0.3185,2024-05,2024,Q2,0,0,0
ORD004289,2024-03-16,CUST00824,Home & Kitchen,Mixer Grinder,West,Mumbai,Website,4,5229.66,0.2,20918.65,16734.92,12303.21,Credit Card,Delivered,4431.71,0.2648,2024-03,2024,Q1,1,0,0
ORD004290,2024-10-11,CUST00986,Sports,Cricket Bat,Central,Bhopal,Website,2,551.58,0.05,1103.16,1048.0,817.07,Debit Card,Delivered,230.93,0.2204,2024-10,2024,Q4,1,0,0
ORD004291,2025-04-22,CUST01375,Beauty,Shampoo,South,Bengaluru,Mobile App,5,592.81,0.05,2964.04,2815.84,2021.97,Credit Card,Delivered,793.87,0.2819,2025-04,2025,Q2,1,0,0
ORD004292,2024-06-18,CUST01097,Home & Kitchen,Coffee Maker,West,Pune,Website,5,8407.12,0.2,42035.62,33628.5,21601.55,Credit Card,Delivered,12026.95,0.3576,2024-06,2024,Q2,1,0,0
ORD004293,2024-07-27,CUST01058,Fashion,T-Shirt,North,Jaipur,Website,4,3149.11,0.2,12596.45,10077.16,6988.83,Credit Card,Delivered,3088.33,0.3065,2024-07,2024,Q3,1,0,0
ORD004294,2024-05-21,CUST00223,Beauty,Moisturizer,North,Chandigarh,Mobile App,3,802.88,0.0,2408.63,2408.63,1346.0,Debit Card,Delivered,1062.63,0.4412,2024-05,2024,Q2,1,0,0
ORD004295,2024-03-11,CUST00395,Fashion,T-Shirt,Central,Bhopal,Marketplace,5,1368.41,0.1,6842.04,6157.83,4335.86,Net Banking,Delivered,1821.97,0.2959,2024-03,2024,Q1,1,0,0
ORD004296,2025-06-05,CUST00946,Beauty,Sunscreen,West,Pune,Website,3,1962.18,0.0,5886.53,5886.53,3306.78,Debit Card,Delivered,2579.75,0.4382,2025-06,2025,Q2,1,0,0
ORD004297,2025-01-15,CUST00615,Beauty,Moisturizer,North,Chandigarh,Mobile App,1,675.29,0.15,675.29,574.0,353.41,Cash on Delivery,Delivered,220.59,0.3843,2025-01,2025,Q1,1,0,0
ORD004298,2024-04-10,CUST01593,Electronics,Power Bank,North,Delhi,Marketplace,1,5236.36,0.15,5236.36,4450.91,3477.13,Debit Card,Delivered,973.78,0.2188,2024-04,2024,Q2,1,0,0
ORD004299,2024-08-22,CUST00584,Electronics,Laptop Stand,Central,Indore,Mobile App,5,10789.62,0.15,53948.12,45855.91,29380.22,Credit Card,Delivered,16475.69,0.3593,2024-08,2024,Q3,1,0,0
ORD004300,2024-06-30,CUST00790,Electronics,Wireless Headphones,South,Hyderabad,Marketplace,5,12991.03,0.05,64955.13,61707.37,47337.88,Credit Card,Delivered,14369.49,0.2329,2024-06,2024,Q2,1,0,0
ORD004301,2024-02-04,CUST00251,Home & Kitchen,Coffee Maker,North,Jaipur,Website,3,5337.04,0.1,16011.11,14410.0,8034.94,Debit Card,Delivered,6375.06,0.4424,2024-02,2024,Q1,1,0,0
ORD004302,2024-07-17,CUST01468,Electronics,Wireless Headphones,East,Bhubaneswar,Mobile App,2,5179.56,0.05,10359.13,9841.17,5987.4,UPI,Delivered,3853.77,0.3916,2024-07,2024,Q3,1,0,0
ORD004303,2025-03-09,CUST00303,Home & Kitchen,Mixer Grinder,West,Mumbai,Website,5,8700.23,0.15,43501.14,36975.97,24068.91,Credit Card,Delivered,12907.06,0.3491,2025-03,2025,Q1,1,0,0
ORD004304,2024-01-20,CUST00813,Home & Kitchen,Mixer Grinder,West,Pune,Mobile App,1,8561.63,0.2,8561.63,6849.3,4256.53,Net Banking,Delivered,2592.77,0.3785,2024-01,2024,Q1,1,0,0
ORD004305,2024-04-20,CUST00452,Electronics,Laptop Stand,North,Delhi,Website,5,3218.96,0.0,16094.79,16094.79,12251.85,Debit Card,Delivered,3842.94,0.2388,2024-04,2024,Q2,1,0,0
ORD004306,2024-01-29,CUST01023,Fashion,T-Shirt,South,Hyderabad,Marketplace,3,1519.91,0.05,4559.72,4331.74,2850.45,Debit Card,Delivered,1481.29,0.342,2024-01,2024,Q1,1,0,0
ORD004307,2024-12-21,CUST00726,Sports,Dumbbells,West,Mumbai,Mobile App,3,3986.23,0.0,11958.68,11958.68,7289.25,Credit Card,Returned,4669.43,0.3905,2024-12,2024,Q4,0,1,0
ORD004308,2025-01-24,CUST00043,Home & Kitchen,Coffee Maker,South,Bengaluru,Mobile App,3,3737.97,0.0,11213.91,11213.91,8277.88,Debit Card,Returned,2936.03,0.2618,2025-01,2025,Q1,0,1,0
ORD004309,2024-01-13,CUST01077,Fashion,Running Shoes,South,Hyderabad,Website,4,1747.81,0.25,6991.26,5243.44,3605.1,Cash on Delivery,Cancelled,1638.34,0.3125,2024-01,2024,Q1,0,0,1
ORD004310,2025-06-17,CUST01375,Beauty,Sunscreen,West,Mumbai,Website,2,308.74,0.2,617.48,493.99,356.27,Net Banking,Delivered,137.72,0.2788,2025-06,2025,Q2,1,0,0
ORD004311,2024-04-02,CUST01100,Beauty,Shampoo,West,Mumbai,Mobile App,4,651.8,0.0,2607.19,2607.19,2045.55,Cash on Delivery,Delivered,561.64,0.2154,2024-04,2024,Q2,1,0,0
ORD004312,2024-12-25,CUST01076,Beauty,Face Serum,South,Chennai,Website,1,2614.28,0.1,2614.28,2352.85,1295.34,Net Banking,Delivered,1057.51,0.4495,2024-12,2024,Q4,1,0,0
ORD004313,2024-01-31,CUST00614,Fashion,Denim Jacket,West,Pune,Website,4,4231.44,0.05,16925.75,16079.46,12310.28,UPI,Delivered,3769.18,0.2344,2024-01,2024,Q1,1,0,0
ORD004314,2025-05-18,CUST00464,Fashion,Running Shoes,East,Kolkata,Marketplace,5,1465.17,0.15,7325.85,6226.97,3695.2,Cash on Delivery,Returned,2531.77,0.4066,2025-05,2025,Q2,0,1,0
ORD004315,2024-08-16,CUST00715,Beauty,Lip Balm,South,Chennai,Website,3,2633.68,0.05,7901.03,7505.98,4295.33,Credit Card,Delivered,3210.65,0.4277,2024-08,2024,Q3,1,0,0
ORD004316,2024-11-12,CUST00832,Electronics,Smartwatch,North,Delhi,Mobile App,4,9528.35,0.1,38113.41,34302.07,21300.53,UPI,Delivered,13001.54,0.379,2024-11,2024,Q4,1,0,0
ORD004317,2025-04-23,CUST00106,Fashion,Sunglasses,South,Hyderabad,Mobile App,4,5065.79,0.0,20263.15,20263.15,15821.61,Net Banking,Delivered,4441.54,0.2192,2025-04,2025,Q2,1,0,0
ORD004318,2024-07-26,CUST00370,Sports,Football,West,Mumbai,Website,2,4861.18,0.15,9722.36,8264.0,5588.81,Debit Card,Delivered,2675.19,0.3237,2024-07,2024,Q3,1,0,0
ORD004319,2025-01-19,CUST00352,Fashion,T-Shirt,South,Hyderabad,Mobile App,5,4121.65,0.1,20608.26,18547.44,9813.12,Credit Card,Delivered,8734.32,0.4709,2025-01,2025,Q1,1,0,0
ORD004320,2024-06-29,CUST01229,Fashion,Denim Jacket,West,Pune,Website,4,313.67,0.05,1254.67,1191.94,732.47,UPI,Delivered,459.47,0.3855,2024-06,2024,Q2,1,0,0
ORD004321,2025-06-23,CUST00318,Electronics,Laptop Stand,South,Bengaluru,Marketplace,4,1365.81,0.0,5463.26,5463.26,4380.35,Cash on Delivery,Delivered,1082.91,0.1982,2025-06,2025,Q2,1,0,0
ORD004322,2024-02-08,CUST00024,Home & Kitchen,Water Bottle,South,Bengaluru,Website,2,3510.95,0.05,7021.9,6670.8,5221.62,Cash on Delivery,Delivered,1449.18,0.2172,2024-02,2024,Q1,1,0,0
ORD004323,2024-03-26,CUST00729,Beauty,Sunscreen,South,Bengaluru,Website,2,1987.92,0.2,3975.85,3180.68,1682.33,Net Banking,Delivered,1498.35,0.4711,2024-03,2024,Q1,1,0,0
ORD004324,2025-06-19,CUST01541,Electronics,Smartwatch,North,Chandigarh,Website,4,19758.66,0.2,79034.66,63227.73,37146.91,Net Banking,Pending,26080.82,0.4125,2025-06,2025,Q2,0,0,0
ORD004325,2024-02-26,CUST00251,Fashion,Backpack,South,Hyderabad,Website,1,1040.34,0.1,1040.34,936.3,564.47,Credit Card,Cancelled,371.83,0.3971,2024-02,2024,Q1,0,0,1
ORD004326,2024-12-25,CUST00371,Sports,Yoga Mat,North,Delhi,Mobile App,2,1124.15,0.0,2248.31,2248.31,1363.03,Debit Card,Delivered,885.28,0.3938,2024-12,2024,Q4,1,0,0
ORD004327,2024-06-11,CUST01193,Electronics,Smartwatch,South,Chennai,Website,3,14250.75,0.0,42752.25,42752.25,30183.59,Credit Card,Pending,12568.66,0.294,2024-06,2024,Q2,0,0,0
ORD004328,2024-11-29,CUST00776,Beauty,Shampoo,West,Mumbai,Website,4,2595.22,0.1,10380.89,9342.8,7722.9,UPI,Delivered,1619.9,0.1734,2024-11,2024,Q4,1,0,0
ORD004329,2024-07-11,CUST00386,Electronics,Wireless Headphones,Central,Nagpur,Mobile App,1,14136.78,0.05,14136.78,13429.94,10829.52,Net Banking,Delivered,2600.42,0.1936,2024-07,2024,Q3,1,0,0
ORD004330,2024-09-13,CUST01318,Home & Kitchen,Storage Box,East,Patna,Mobile App,1,5844.85,0.0,5844.85,5844.85,3311.09,Cash on Delivery,Delivered,2533.76,0.4335,2024-09,2024,Q3,1,0,0
ORD004331,2025-05-26,CUST01056,Home & Kitchen,Coffee Maker,Central,Bhopal,Marketplace,2,5716.75,0.1,11433.49,10290.15,6900.69,Debit Card,Delivered,3389.46,0.3294,2025-05,2025,Q2,1,0,0
ORD004332,2024-08-13,CUST00815,Home & Kitchen,Storage Box,Central,Bhopal,Marketplace,2,7095.13,0.15,14190.26,12061.72,7557.34,Cash on Delivery,Delivered,4504.38,0.3734,2024-08,2024,Q3,1,0,0
ORD004333,2024-04-08,CUST00993,Fashion,Sunglasses,Central,Bhopal,Website,3,4772.63,0.0,14317.88,14317.88,11052.41,Net Banking,Pending,3265.47,0.2281,2024-04,2024,Q2,0,0,0
ORD004334,2024-06-08,CUST00289,Home & Kitchen,Air Fryer,South,Chennai,Marketplace,3,2037.93,0.1,6113.8,5502.42,4048.78,UPI,Cancelled,1453.64,0.2642,2024-06,2024,Q2,0,0,1
ORD004335,2024-11-10,CUST01323,Fashion,Running Shoes,North,Chandigarh,Marketplace,1,2337.13,0.2,2337.13,1869.7,1190.57,Debit Card,Cancelled,679.13,0.3632,2024-11,2024,Q4,0,0,1
ORD004336,2024-09-22,CUST00872,Home & Kitchen,Storage Box,East,Patna,Website,4,900.34,0.0,3601.38,3601.38,2457.17,Credit Card,Delivered,1144.21,0.3177,2024-09,2024,Q3,1,0,0
ORD004337,2024-05-05,CUST01242,Sports,Resistance Bands,West,Mumbai,Mobile App,3,4047.82,0.05,12143.47,11536.3,8254.59,UPI,Delivered,3281.71,0.2845,2024-05,2024,Q2,1,0,0
ORD004338,2024-07-20,CUST00898,Electronics,Laptop Stand,North,Chandigarh,Website,4,8342.49,0.25,33369.96,25027.47,15552.06,Cash on Delivery,Delivered,9475.41,0.3786,2024-07,2024,Q3,1,0,0
ORD004339,2024-07-07,CUST00448,Fashion,Backpack,West,Mumbai,Mobile App,5,1664.71,0.1,8323.54,7491.19,5408.09,Net Banking,Delivered,2083.1,0.2781,2024-07,2024,Q3,1,0,0
ORD004340,2025-05-05,CUST00581,Home & Kitchen,Coffee Maker,South,Hyderabad,Mobile App,5,4120.07,0.05,20600.34,19570.33,13274.39,Cash on Delivery,Delivered,6295.94,0.3217,2025-05,2025,Q2,1,0,0
ORD004341,2024-11-24,CUST01364,Sports,Cricket Bat,Central,Indore,Mobile App,4,1761.68,0.25,7046.72,5285.04,4385.48,Net Banking,Delivered,899.56,0.1702,2024-11,2024,Q4,1,0,0
ORD004342,2024-04-17,CUST00187,Beauty,Lip Balm,South,Hyderabad,Marketplace,5,750.83,0.1,3754.14,3378.72,1958.05,Net Banking,Delivered,1420.67,0.4205,2024-04,2024,Q2,1,0,0
ORD004343,2024-01-08,CUST00364,Beauty,Sunscreen,East,Kolkata,Marketplace,3,2712.65,0.1,8137.96,7324.16,3963.51,Credit Card,Delivered,3360.65,0.4588,2024-01,2024,Q1,1,0,0
ORD004344,2024-07-18,CUST00684,Home & Kitchen,Water Bottle,Central,Nagpur,Mobile App,4,6399.63,0.1,25598.52,23038.66,16159.68,Debit Card,Pending,6878.98,0.2986,2024-07,2024,Q3,0,0,0
ORD004345,2024-10-27,CUST01330,Beauty,Sunscreen,West,Pune,Website,5,2306.22,0.1,11531.12,10378.0,5538.84,UPI,Cancelled,4839.16,0.4663,2024-10,2024,Q4,0,0,1
ORD004346,2024-09-08,CUST00560,Fashion,Denim Jacket,North,Delhi,Website,4,4603.81,0.0,18415.25,18415.25,12122.43,Net Banking,Returned,6292.82,0.3417,2024-09,2024,Q3,0,1,0
ORD004347,2025-01-20,CUST01143,Fashion,Denim Jacket,North,Delhi,Website,3,1455.18,0.05,4365.54,4147.26,3232.55,Debit Card,Delivered,914.71,0.2206,2025-01,2025,Q1,1,0,0
ORD004348,2024-07-30,CUST00860,Beauty,Face Serum,Central,Nagpur,Mobile App,3,1270.83,0.05,3812.5,3621.87,2979.92,Cash on Delivery,Delivered,641.95,0.1772,2024-07,2024,Q3,1,0,0
ORD004349,2024-11-02,CUST00196,Beauty,Shampoo,Central,Indore,Marketplace,4,1389.46,0.05,5557.82,5279.93,4426.72,Debit Card,Delivered,853.21,0.1616,2024-11,2024,Q4,1,0,0
ORD004350,2024-03-12,CUST01278,Electronics,Laptop Stand,Central,Bhopal,Marketplace,4,10066.24,0.05,40264.97,38251.72,29534.38,Credit Card,Delivered,8717.34,0.2279,2024-03,2024,Q1,1,0,0
ORD004351,2024-12-17,CUST00234,Fashion,Running Shoes,South,Hyderabad,Mobile App,1,4233.83,0.05,4233.83,4022.14,2687.13,Cash on Delivery,Delivered,1335.01,0.3319,2024-12,2024,Q4,1,0,0
ORD004352,2024-07-18,CUST00055,Beauty,Sunscreen,West,Pune,Website,5,1978.85,0.05,9894.23,9399.52,4962.7,UPI,Delivered,4436.82,0.472,2024-07,2024,Q3,1,0,0
ORD004353,2025-05-27,CUST00801,Fashion,T-Shirt,Central,Bhopal,Website,5,2052.6,0.25,10263.01,7697.25,5239.57,Cash on Delivery,Delivered,2457.68,0.3193,2025-05,2025,Q2,1,0,0
ORD004354,2024-11-01,CUST00263,Beauty,Shampoo,South,Chennai,Website,3,1111.25,0.1,3333.76,3000.38,1703.69,Debit Card,Delivered,1296.69,0.4322,2024-11,2024,Q4,1,0,0
ORD004355,2025-05-16,CUST01226,Beauty,Lip Balm,West,Pune,Marketplace,3,2557.44,0.05,7672.33,7288.72,6108.22,Debit Card,Cancelled,1180.5,0.162,2025-05,2025,Q2,0,0,1
ORD004356,2024-09-10,CUST00732,Beauty,Face Serum,West,Ahmedabad,Website,1,2957.09,0.1,2957.09,2661.38,1784.22,Debit Card,Delivered,877.16,0.3296,2024-09,2024,Q3,1,0,0
ORD004357,2025-04-09,CUST00205,Beauty,Sunscreen,South,Bengaluru,Mobile App,1,618.16,0.0,618.16,618.16,446.85,Credit Card,Pending,171.31,0.2771,2025-04,2025,Q2,0,0,0
ORD004358,2024-11-30,CUST00447,Home & Kitchen,Water Bottle,Central,Bhopal,Mobile App,3,2403.67,0.2,7211.02,5768.81,4335.66,Cash on Delivery,Returned,1433.15,0.2484,2024-11,2024,Q4,0,1,0
ORD004359,2024-01-21,CUST00863,Beauty,Shampoo,North,Delhi,Mobile App,1,2486.22,0.1,2486.22,2237.6,1639.49,Cash on Delivery,Delivered,598.11,0.2673,2024-01,2024,Q1,1,0,0
ORD004360,2024-11-15,CUST00675,Electronics,Smartwatch,North,Delhi,Website,5,2725.39,0.25,13626.93,10220.19,6600.62,Net Banking,Pending,3619.57,0.3542,2024-11,2024,Q4,0,0,0
ORD004361,2024-11-10,CUST00280,Beauty,Face Serum,West,Ahmedabad,Mobile App,4,1737.34,0.0,6949.37,6949.37,4295.66,Net Banking,Returned,2653.71,0.3819,2024-11,2024,Q4,0,1,0
ORD004362,2025-05-14,CUST01477,Electronics,Power Bank,East,Kolkata,Website,4,13287.35,0.25,53149.41,39862.06,28682.96,Cash on Delivery,Cancelled,11179.1,0.2804,2025-05,2025,Q2,0,0,1
ORD004363,2024-05-19,CUST00527,Electronics,Wireless Headphones,West,Mumbai,Marketplace,3,7742.34,0.1,23227.03,20904.33,17260.64,Net Banking,Delivered,3643.69,0.1743,2024-05,2024,Q2,1,0,0
ORD004364,2024-02-03,CUST01379,Home & Kitchen,Air Fryer,South,Chennai,Website,3,7437.39,0.05,22312.17,21196.57,13063.99,Debit Card,Delivered,8132.58,0.3837,2024-02,2024,Q1,1,0,0
ORD004365,2025-01-18,CUST01146,Beauty,Shampoo,East,Patna,Marketplace,3,2403.03,0.15,7209.09,6127.72,4985.28,Cash on Delivery,Delivered,1142.44,0.1864,2025-01,2025,Q1,1,0,0
ORD004366,2024-12-29,CUST00875,Fashion,Running Shoes,West,Pune,Mobile App,3,1732.85,0.05,5198.56,4938.64,3356.64,UPI,Pending,1582.0,0.3203,2024-12,2024,Q4,0,0,0
ORD004367,2024-02-10,CUST01297,Fashion,T-Shirt,North,Jaipur,Marketplace,5,3042.7,0.1,15213.52,13692.17,11360.65,UPI,Delivered,2331.52,0.1703,2024-02,2024,Q1,1,0,0
ORD004368,2024-09-25,CUST00164,Beauty,Sunscreen,South,Hyderabad,Marketplace,1,2664.35,0.05,2664.35,2531.14,1699.23,Net Banking,Delivered,831.91,0.3287,2024-09,2024,Q3,1,0,0
ORD004369,2024-05-27,CUST01157,Fashion,Backpack,North,Chandigarh,Mobile App,1,2127.28,0.0,2127.28,2127.28,1288.19,Debit Card,Delivered,839.09,0.3944,2024-05,2024,Q2,1,0,0
ORD004370,2025-01-17,CUST00876,Home & Kitchen,Mixer Grinder,East,Bhubaneswar,Mobile App,3,7281.13,0.15,21843.4,18566.89,12129.5,Cash on Delivery,Delivered,6437.39,0.3467,2025-01,2025,Q1,1,0,0
ORD004371,2025-03-11,CUST00287,Sports,Football,East,Kolkata,Website,3,2941.19,0.05,8823.57,8382.39,4952.94,Debit Card,Delivered,3429.45,0.4091,2025-03,2025,Q1,1,0,0
ORD004372,2024-03-04,CUST00029,Electronics,Power Bank,West,Pune,Marketplace,4,16480.5,0.0,65921.99,65921.99,54482.44,Credit Card,Delivered,11439.55,0.1735,2024-03,2024,Q1,1,0,0
ORD004373,2024-07-13,CUST00823,Electronics,Smartwatch,South,Chennai,Marketplace,4,5972.0,0.1,23887.99,21499.19,12303.54,Credit Card,Delivered,9195.65,0.4277,2024-07,2024,Q3,1,0,0
ORD004374,2024-06-27,CUST00542,Fashion,T-Shirt,West,Pune,Marketplace,2,1549.05,0.15,3098.09,2633.38,2076.02,Credit Card,Delivered,557.36,0.2117,2024-06,2024,Q2,1,0,0
ORD004375,2024-02-20,CUST00690,Fashion,Backpack,North,Jaipur,Website,4,3411.46,0.25,13645.83,10234.37,6488.37,Cash on Delivery,Delivered,3746.0,0.366,2024-02,2024,Q1,1,0,0
ORD004376,2025-02-03,CUST00891,Electronics,Bluetooth Speaker,West,Pune,Website,4,14028.94,0.0,56115.77,56115.77,45965.89,Credit Card,Delivered,10149.88,0.1809,2025-02,2025,Q1,1,0,0
ORD004377,2025-01-18,CUST01386,Sports,Yoga Mat,East,Kolkata,Website,3,5604.39,0.05,16813.17,15972.51,11810.19,Credit Card,Delivered,4162.32,0.2606,2025-01,2025,Q1,1,0,0
ORD004378,2024-08-16,CUST00854,Beauty,Shampoo,West,Ahmedabad,Website,2,1895.89,0.2,3791.77,3033.42,2532.04,Credit Card,Delivered,501.38,0.1653,2024-08,2024,Q3,1,0,0
ORD004379,2025-02-24,CUST00524,Beauty,Lip Balm,East,Patna,Mobile App,3,1232.51,0.15,3697.52,3142.89,1828.02,UPI,Delivered,1314.87,0.4184,2025-02,2025,Q1,1,0,0
ORD004380,2025-04-22,CUST01480,Electronics,Wireless Headphones,East,Patna,Mobile App,3,4811.99,0.25,14435.98,10826.99,7083.89,Credit Card,Delivered,3743.1,0.3457,2025-04,2025,Q2,1,0,0
ORD004381,2024-04-01,CUST01236,Electronics,Bluetooth Speaker,Central,Bhopal,Website,5,8010.22,0.1,40051.08,36045.97,19350.16,Credit Card,Delivered,16695.81,0.4632,2024-04,2024,Q2,1,0,0
ORD004382,2024-07-28,CUST00029,Electronics,Wireless Headphones,West,Mumbai,Marketplace,4,16588.27,0.15,66353.08,56400.12,43756.3,Cash on Delivery,Delivered,12643.82,0.2242,2024-07,2024,Q3,1,0,0
ORD004383,2025-05-09,CUST00785,Fashion,Running Shoes,South,Hyderabad,Marketplace,1,2002.18,0.05,2002.18,1902.07,1449.23,Debit Card,Delivered,452.84,0.2381,2025-05,2025,Q2,1,0,0
ORD004384,2024-03-02,CUST00988,Fashion,Sunglasses,North,Jaipur,Website,3,1538.19,0.05,4614.58,4383.85,2615.49,Debit Card,Delivered,1768.36,0.4034,2024-03,2024,Q1,1,0,0
ORD004385,2024-12-04,CUST01298,Home & Kitchen,Air Fryer,West,Pune,Website,3,7191.99,0.2,21575.97,17260.77,12225.56,UPI,Delivered,5035.21,0.2917,2024-12,2024,Q4,1,0,0
ORD004386,2024-01-10,CUST01570,Home & Kitchen,Mixer Grinder,South,Bengaluru,Mobile App,4,9669.43,0.15,38677.72,32876.06,23346.16,UPI,Delivered,9529.9,0.2899,2024-01,2024,Q1,1,0,0
ORD004387,2024-02-23,CUST01426,Home & Kitchen,Water Bottle,South,Chennai,Website,2,1297.8,0.0,2595.61,2595.61,1604.36,Cash on Delivery,Delivered,991.25,0.3819,2024-02,2024,Q1,1,0,0
ORD004388,2025-05-25,CUST00313,Home & Kitchen,Air Fryer,West,Ahmedabad,Mobile App,5,3207.24,0.1,16036.2,14432.58,10789.67,Cash on Delivery,Delivered,3642.91,0.2524,2025-05,2025,Q2,1,0,0
ORD004389,2024-03-22,CUST01403,Home & Kitchen,Storage Box,West,Ahmedabad,Website,4,6957.66,0.05,27830.64,26439.11,15049.81,Credit Card,Delivered,11389.3,0.4308,2024-03,2024,Q1,1,0,0
ORD004390,2024-05-06,CUST00301,Beauty,Face Serum,South,Chennai,Website,2,2861.69,0.05,5723.37,5437.2,4243.54,Cash on Delivery,Delivered,1193.66,0.2195,2024-05,2024,Q2,1,0,0
ORD004391,2024-09-20,CUST00854,Electronics,Power Bank,Central,Nagpur,Mobile App,3,6164.16,0.15,18492.48,15718.61,11443.58,Debit Card,Delivered,4275.03,0.272,2024-09,2024,Q3,1,0,0
ORD004392,2024-09-28,CUST01253,Electronics,Laptop Stand,West,Ahmedabad,Mobile App,4,16644.55,0.1,66578.19,59920.37,31830.82,Debit Card,Delivered,28089.55,0.4688,2024-09,2024,Q3,1,0,0
ORD004393,2024-11-12,CUST01532,Beauty,Shampoo,South,Chennai,Mobile App,2,2086.85,0.1,4173.69,3756.32,2164.2,UPI,Delivered,1592.12,0.4239,2024-11,2024,Q4,1,0,0
ORD004394,2025-01-19,CUST01309,Fashion,Sunglasses,South,Bengaluru,Website,4,1840.95,0.05,7363.82,6995.63,5594.08,Credit Card,Delivered,1401.55,0.2003,2025-01,2025,Q1,1,0,0
ORD004395,2024-01-03,CUST00753,Fashion,Denim Jacket,West,Mumbai,Website,2,4077.17,0.25,8154.33,6115.75,4116.88,Debit Card,Delivered,1998.87,0.3268,2024-01,2024,Q1,1,0,0
ORD004396,2024-12-29,CUST00804,Sports,Football,South,Hyderabad,Mobile App,4,6217.22,0.0,24868.88,24868.88,13054.86,Credit Card,Cancelled,11814.02,0.4751,2024-12,2024,Q4,0,0,1
ORD004397,2024-06-13,CUST00486,Home & Kitchen,Air Fryer,North,Jaipur,Mobile App,4,6589.28,0.25,26357.13,19767.85,11269.47,Net Banking,Delivered,8498.38,0.4299,2024-06,2024,Q2,1,0,0
ORD004398,2024-02-07,CUST01232,Electronics,Bluetooth Speaker,Central,Bhopal,Mobile App,3,3060.4,0.0,9181.19,9181.19,5366.61,Debit Card,Delivered,3814.58,0.4155,2024-02,2024,Q1,1,0,0
ORD004399,2025-06-08,CUST00630,Sports,Cricket Bat,West,Ahmedabad,Mobile App,3,3188.48,0.1,9565.43,8608.89,6777.96,Debit Card,Returned,1830.93,0.2127,2025-06,2025,Q2,0,1,0
ORD004400,2024-03-29,CUST00389,Beauty,Moisturizer,North,Jaipur,Website,4,2724.3,0.0,10897.19,10897.19,6636.44,Net Banking,Delivered,4260.75,0.391,2024-03,2024,Q1,1,0,0
ORD004401,2025-05-18,CUST01384,Fashion,Backpack,South,Chennai,Website,2,1025.53,0.0,2051.06,2051.06,1434.58,Credit Card,Delivered,616.48,0.3006,2025-05,2025,Q2,1,0,0
ORD004402,2024-03-03,CUST01247,Electronics,Bluetooth Speaker,West,Pune,Website,4,13459.26,0.0,53837.02,53837.02,37354.08,UPI,Delivered,16482.94,0.3062,2024-03,2024,Q1,1,0,0
ORD004403,2024-02-24,CUST00037,Beauty,Sunscreen,West,Ahmedabad,Mobile App,3,1251.46,0.1,3754.37,3378.93,2774.51,UPI,Delivered,604.42,0.1789,2024-02,2024,Q1,1,0,0
ORD004404,2025-06-10,CUST01091,Fashion,Running Shoes,West,Ahmedabad,Marketplace,4,3401.16,0.0,13604.65,13604.65,9482.39,Credit Card,Delivered,4122.26,0.303,2025-06,2025,Q2,1,0,0
ORD004405,2025-03-16,CUST01369,Fashion,Running Shoes,South,Bengaluru,Marketplace,4,2297.25,0.15,9189.02,7810.67,6464.69,UPI,Delivered,1345.98,0.1723,2025-03,2025,Q1,1,0,0
ORD004406,2025-05-12,CUST01215,Electronics,Laptop Stand,East,Bhubaneswar,Mobile App,3,20822.53,0.0,62467.59,62467.59,52355.98,UPI,Delivered,10111.61,0.1619,2025-05,2025,Q2,1,0,0
ORD004407,2024-07-17,CUST01438,Beauty,Face Serum,West,Mumbai,Marketplace,1,609.57,0.2,609.57,487.66,298.8,Cash on Delivery,Delivered,188.86,0.3873,2024-07,2024,Q3,1,0,0
ORD004408,2024-12-02,CUST01160,Sports,Dumbbells,West,Pune,Website,3,1924.51,0.05,5773.53,5484.86,3322.57,Credit Card,Delivered,2162.29,0.3942,2024-12,2024,Q4,1,0,0
ORD004409,2024-11-06,CUST01162,Fashion,Backpack,North,Delhi,Marketplace,5,917.24,0.05,4586.18,4356.87,2734.99,Cash on Delivery,Delivered,1621.88,0.3723,2024-11,2024,Q4,1,0,0
ORD004410,2025-06-30,CUST00283,Home & Kitchen,Storage Box,North,Delhi,Mobile App,4,9319.46,0.0,37277.85,37277.85,31299.67,Debit Card,Delivered,5978.18,0.1604,2025-06,2025,Q2,1,0,0
ORD004411,2024-08-09,CUST00719,Sports,Cricket Bat,South,Chennai,Mobile App,4,5743.4,0.05,22973.6,21824.92,16123.97,UPI,Delivered,5700.95,0.2612,2024-08,2024,Q3,1,0,0
ORD004412,2024-06-01,CUST01222,Home & Kitchen,Mixer Grinder,North,Jaipur,Website,1,2106.25,0.05,2106.25,2000.94,1118.92,Net Banking,Delivered,882.02,0.4408,2024-06,2024,Q2,1,0,0
ORD004413,2024-05-11,CUST00416,Fashion,Running Shoes,North,Delhi,Mobile App,1,401.87,0.2,401.87,321.49,231.47,UPI,Delivered,90.02,0.28,2024-05,2024,Q2,1,0,0
ORD004414,2025-04-29,CUST00526,Electronics,Smartwatch,West,Ahmedabad,Mobile App,3,7415.12,0.1,22245.36,20020.82,14931.51,Credit Card,Delivered,5089.31,0.2542,2025-04,2025,Q2,1,0,0
ORD004415,2024-05-24,CUST00655,Electronics,Bluetooth Speaker,South,Bengaluru,Mobile App,2,4972.8,0.2,9945.6,7956.48,4230.29,Credit Card,Delivered,3726.19,0.4683,2024-05,2024,Q2,1,0,0
ORD004416,2024-01-08,CUST01066,Beauty,Sunscreen,South,Hyderabad,Mobile App,2,1941.5,0.1,3883.0,3494.7,1826.99,Credit Card,Returned,1667.71,0.4772,2024-01,2024,Q1,0,1,0
ORD004417,2024-07-21,CUST01070,Electronics,Bluetooth Speaker,North,Delhi,Mobile App,1,6363.82,0.15,6363.82,5409.24,4055.51,UPI,Delivered,1353.73,0.2503,2024-07,2024,Q3,1,0,0
ORD004418,2024-08-10,CUST01590,Home & Kitchen,Mixer Grinder,North,Chandigarh,Website,1,4761.97,0.05,4761.97,4523.88,3052.79,Cash on Delivery,Returned,1471.09,0.3252,2024-08,2024,Q3,0,1,0
ORD004419,2024-01-06,CUST01557,Electronics,Smartwatch,West,Pune,Mobile App,2,20035.75,0.0,40071.51,40071.51,23309.31,Cash on Delivery,Delivered,16762.2,0.4183,2024-01,2024,Q1,1,0,0
ORD004420,2025-02-22,CUST01066,Sports,Resistance Bands,North,Jaipur,Website,5,1752.31,0.2,8761.54,7009.23,3811.16,Debit Card,Delivered,3198.07,0.4563,2025-02,2025,Q1,1,0,0
ORD004421,2024-02-08,CUST00880,Electronics,Wireless Headphones,West,Pune,Marketplace,2,5210.36,0.25,10420.73,7815.55,5194.83,Cash on Delivery,Delivered,2620.72,0.3353,2024-02,2024,Q1,1,0,0
ORD004422,2025-03-27,CUST00115,Home & Kitchen,Storage Box,West,Ahmedabad,Marketplace,1,3323.23,0.15,3323.23,2824.75,2221.49,UPI,Returned,603.26,0.2136,2025-03,2025,Q1,0,1,0
ORD004423,2025-04-24,CUST01496,Fashion,Denim Jacket,West,Mumbai,Mobile App,5,2201.51,0.1,11007.57,9906.81,5589.29,Net Banking,Delivered,4317.52,0.4358,2025-04,2025,Q2,1,0,0
ORD004424,2024-02-04,CUST00783,Fashion,Backpack,North,Jaipur,Website,1,2226.17,0.0,2226.17,2226.17,1707.28,UPI,Pending,518.89,0.2331,2024-02,2024,Q1,0,0,0
ORD004425,2024-02-14,CUST00863,Electronics,Smartwatch,South,Chennai,Marketplace,3,5842.61,0.1,17527.83,15775.05,8786.99,Debit Card,Delivered,6988.06,0.443,2024-02,2024,Q1,1,0,0
ORD004426,2024-11-29,CUST00626,Home & Kitchen,Coffee Maker,East,Kolkata,Marketplace,4,7570.92,0.0,30283.69,30283.69,21903.87,Credit Card,Delivered,8379.82,0.2767,2024-11,2024,Q4,1,0,0
ORD004427,2024-04-18,CUST01558,Fashion,Running Shoes,South,Chennai,Marketplace,3,2656.42,0.1,7969.25,7172.32,5853.03,UPI,Delivered,1319.29,0.1839,2024-04,2024,Q2,1,0,0
ORD004428,2025-05-01,CUST00288,Electronics,Laptop Stand,North,Delhi,Mobile App,2,16455.24,0.0,32910.49,32910.49,20916.15,Debit Card,Delivered,11994.34,0.3645,2025-05,2025,Q2,1,0,0
ORD004429,2025-03-31,CUST00545,Electronics,Bluetooth Speaker,South,Bengaluru,Mobile App,3,9818.8,0.1,29456.39,26510.75,18843.91,Net Banking,Delivered,7666.84,0.2892,2025-03,2025,Q1,1,0,0
ORD004430,2024-10-21,CUST00473,Home & Kitchen,Air Fryer,East,Kolkata,Website,2,5702.34,0.1,11404.69,10264.22,8300.53,Cash on Delivery,Delivered,1963.69,0.1913,2024-10,2024,Q4,1,0,0
ORD004431,2024-02-23,CUST00049,Fashion,Backpack,North,Delhi,Mobile App,3,1495.85,0.15,4487.55,3814.42,2093.07,UPI,Delivered,1721.35,0.4513,2024-02,2024,Q1,1,0,0
ORD004432,2024-08-31,CUST01254,Beauty,Sunscreen,South,Bengaluru,Website,2,2648.45,0.15,5296.9,4502.36,2709.14,Net Banking,Delivered,1793.22,0.3983,2024-08,2024,Q3,1,0,0
ORD004433,2024-05-26,CUST00871,Fashion,Backpack,South,Bengaluru,Website,1,871.32,0.1,871.32,784.19,545.39,Cash on Delivery,Delivered,238.8,0.3045,2024-05,2024,Q2,1,0,0
ORD004434,2025-02-17,CUST01294,Sports,Football,West,Pune,Website,4,3082.16,0.15,12328.65,10479.35,5453.37,Credit Card,Delivered,5025.98,0.4796,2025-02,2025,Q1,1,0,0
ORD004435,2024-10-22,CUST01526,Electronics,Bluetooth Speaker,South,Bengaluru,Website,4,21620.91,0.0,86483.65,86483.65,52857.59,Cash on Delivery,Delivered,33626.06,0.3888,2024-10,2024,Q4,1,0,0
ORD004436,2024-10-31,CUST01052,Electronics,Power Bank,East,Kolkata,Mobile App,5,17826.55,0.0,89132.75,89132.75,48900.65,Net Banking,Delivered,40232.1,0.4514,2024-10,2024,Q4,1,0,0
ORD004437,2025-02-03,CUST01265,Electronics,Wireless Headphones,East,Patna,Website,3,18581.46,0.0,55744.38,55744.38,34961.92,Net Banking,Delivered,20782.46,0.3728,2025-02,2025,Q1,1,0,0
ORD004438,2024-11-05,CUST01309,Electronics,Power Bank,Central,Indore,Website,5,16712.7,0.2,83563.49,66850.79,41451.77,Cash on Delivery,Delivered,25399.02,0.3799,2024-11,2024,Q4,1,0,0
ORD004439,2024-07-31,CUST01488,Beauty,Lip Balm,West,Ahmedabad,Marketplace,5,912.06,0.0,4560.28,4560.28,3161.63,UPI,Delivered,1398.65,0.3067,2024-07,2024,Q3,1,0,0
ORD004440,2024-01-22,CUST00251,Sports,Resistance Bands,East,Patna,Website,1,6825.95,0.1,6825.95,6143.35,4491.77,Debit Card,Delivered,1651.58,0.2688,2024-01,2024,Q1,1,0,0
ORD004441,2024-11-27,CUST00998,Beauty,Moisturizer,Central,Bhopal,Website,1,601.08,0.05,601.08,571.02,434.24,Net Banking,Delivered,136.78,0.2395,2024-11,2024,Q4,1,0,0
ORD004442,2024-10-07,CUST01320,Electronics,Power Bank,West,Ahmedabad,Mobile App,2,19968.85,0.05,39937.69,37940.81,28014.71,Cash on Delivery,Delivered,9926.1,0.2616,2024-10,2024,Q4,1,0,0
ORD004443,2025-03-25,CUST01091,Electronics,Laptop Stand,Central,Indore,Website,3,16045.34,0.2,48136.02,38508.81,26155.34,Credit Card,Delivered,12353.47,0.3208,2025-03,2025,Q1,1,0,0
ORD004444,2024-11-25,CUST01234,Sports,Cricket Bat,North,Chandigarh,Website,1,5007.51,0.1,5007.51,4506.76,3065.25,Debit Card,Delivered,1441.51,0.3199,2024-11,2024,Q4,1,0,0
ORD004445,2025-03-30,CUST00040,Electronics,Power Bank,South,Hyderabad,Website,1,18513.42,0.05,18513.42,17587.75,13546.44,Cash on Delivery,Delivered,4041.31,0.2298,2025-03,2025,Q1,1,0,0
ORD004446,2025-02-07,CUST00764,Fashion,Running Shoes,North,Delhi,Website,2,2770.41,0.15,5540.83,4709.7,2744.61,Credit Card,Delivered,1965.09,0.4172,2025-02,2025,Q1,1,0,0
ORD004447,2024-01-24,CUST01106,Fashion,T-Shirt,East,Bhubaneswar,Mobile App,5,2326.34,0.0,11631.72,11631.72,7110.87,Cash on Delivery,Delivered,4520.85,0.3887,2024-01,2024,Q1,1,0,0
ORD004448,2024-02-07,CUST00904,Fashion,T-Shirt,North,Delhi,Marketplace,5,3191.3,0.0,15956.49,15956.49,10317.11,UPI,Delivered,5639.38,0.3534,2024-02,2024,Q1,1,0,0
ORD004449,2024-06-08,CUST00354,Fashion,Backpack,South,Bengaluru,Mobile App,4,4232.25,0.25,16928.99,12696.74,9154.89,Cash on Delivery,Delivered,3541.85,0.279,2024-06,2024,Q2,1,0,0
ORD004450,2024-02-22,CUST01346,Sports,Cricket Bat,Central,Indore,Marketplace,1,1067.93,0.15,1067.93,907.74,707.83,Debit Card,Delivered,199.91,0.2202,2024-02,2024,Q1,1,0,0
ORD004451,2024-04-20,CUST00750,Fashion,T-Shirt,East,Patna,Marketplace,1,3089.87,0.15,3089.87,2626.39,1728.46,Debit Card,Delivered,897.93,0.3419,2024-04,2024,Q2,1,0,0
ORD004452,2024-01-16,CUST01579,Electronics,Laptop Stand,East,Patna,Website,3,9354.74,0.1,28064.21,25257.79,13522.45,Debit Card,Delivered,11735.34,0.4646,2024-01,2024,Q1,1,0,0
ORD004453,2024-01-07,CUST00039,Sports,Dumbbells,North,Jaipur,Website,5,6260.66,0.1,31303.29,28172.96,15106.89,UPI,Delivered,13066.07,0.4638,2024-01,2024,Q1,1,0,0
ORD004454,2024-08-30,CUST00551,Electronics,Laptop Stand,West,Pune,Mobile App,5,13362.46,0.0,66812.32,66812.32,39441.85,Net Banking,Delivered,27370.47,0.4097,2024-08,2024,Q3,1,0,0
ORD004455,2025-06-15,CUST01528,Sports,Yoga Mat,East,Kolkata,Mobile App,2,1429.89,0.1,2859.78,2573.8,1575.8,Cash on Delivery,Delivered,998.0,0.3878,2025-06,2025,Q2,1,0,0
ORD004456,2025-02-13,CUST00275,Electronics,Wireless Headphones,Central,Bhopal,Marketplace,1,14473.9,0.15,14473.9,12302.82,9920.52,Debit Card,Delivered,2382.3,0.1936,2025-02,2025,Q1,1,0,0
ORD004457,2024-02-15,CUST01172,Electronics,Power Bank,East,Kolkata,Website,4,1504.13,0.0,6016.5,6016.5,4188.08,UPI,Delivered,1828.42,0.3039,2024-02,2024,Q1,1,0,0
ORD004458,2024-10-06,CUST00955,Electronics,Laptop Stand,East,Kolkata,Website,4,4097.35,0.15,16389.42,13931.0,7861.31,Credit Card,Delivered,6069.69,0.4357,2024-10,2024,Q4,1,0,0
ORD004459,2025-06-07,CUST01111,Sports,Football,Central,Nagpur,Mobile App,4,4988.98,0.05,19955.92,18958.13,13570.61,Debit Card,Returned,5387.52,0.2842,2025-06,2025,Q2,0,1,0
ORD004460,2025-05-06,CUST01068,Electronics,Smartwatch,West,Pune,Marketplace,1,3093.96,0.0,3093.96,3093.96,2338.23,UPI,Cancelled,755.73,0.2443,2025-05,2025,Q2,0,0,1
ORD004461,2025-04-18,CUST01156,Home & Kitchen,Storage Box,West,Pune,Website,5,3971.25,0.15,19856.23,16877.8,9441.32,UPI,Delivered,7436.48,0.4406,2025-04,2025,Q2,1,0,0
ORD004462,2025-06-04,CUST00815,Electronics,Laptop Stand,North,Jaipur,Mobile App,2,10708.62,0.0,21417.23,21417.23,12102.11,Net Banking,Delivered,9315.12,0.4349,2025-06,2025,Q2,1,0,0
ORD004463,2025-02-27,CUST00843,Fashion,Backpack,West,Ahmedabad,Website,4,421.06,0.2,1684.26,1347.4,1065.54,Credit Card,Delivered,281.86,0.2092,2025-02,2025,Q1,1,0,0
ORD004464,2024-03-25,CUST00159,Beauty,Shampoo,North,Chandigarh,Website,1,1601.25,0.2,1601.25,1281.0,1028.52,Credit Card,Delivered,252.48,0.1971,2024-03,2024,Q1,1,0,0
ORD004465,2024-07-07,CUST01018,Home & Kitchen,Coffee Maker,West,Ahmedabad,Website,1,7215.38,0.2,7215.38,5772.31,3456.09,Debit Card,Delivered,2316.22,0.4013,2024-07,2024,Q3,1,0,0
ORD004466,2024-03-28,CUST00134,Electronics,Smartwatch,Central,Indore,Marketplace,1,13995.38,0.05,13995.38,13295.61,7003.0,Net Banking,Delivered,6292.61,0.4733,2024-03,2024,Q1,1,0,0
ORD004467,2025-05-07,CUST00343,Fashion,Running Shoes,South,Hyderabad,Mobile App,5,3348.71,0.05,16743.54,15906.36,8395.37,Credit Card,Delivered,7510.99,0.4722,2025-05,2025,Q2,1,0,0
ORD004468,2024-04-06,CUST00242,Fashion,Denim Jacket,South,Hyderabad,Website,4,3440.72,0.0,13762.86,13762.86,9467.2,Cash on Delivery,Delivered,4295.66,0.3121,2024-04,2024,Q2,1,0,0
ORD004469,2025-06-18,CUST00633,Fashion,Denim Jacket,East,Bhubaneswar,Mobile App,1,2251.46,0.1,2251.46,2026.32,1323.04,Net Banking,Delivered,703.28,0.3471,2025-06,2025,Q2,1,0,0
ORD004470,2024-08-13,CUST00144,Beauty,Shampoo,West,Ahmedabad,Website,2,2093.43,0.1,4186.87,3768.18,2043.58,Net Banking,Delivered,1724.6,0.4577,2024-08,2024,Q3,1,0,0
ORD004471,2024-01-06,CUST00049,Electronics,Smartwatch,North,Jaipur,Website,2,13672.9,0.15,27345.8,23243.93,18715.93,Cash on Delivery,Delivered,4528.0,0.1948,2024-01,2024,Q1,1,0,0
ORD004472,2024-12-09,CUST01384,Fashion,Running Shoes,West,Mumbai,Marketplace,1,5030.27,0.0,5030.27,5030.27,3824.14,Cash on Delivery,Delivered,1206.13,0.2398,2024-12,2024,Q4,1,0,0
ORD004473,2024-05-31,CUST01015,Electronics,Bluetooth Speaker,South,Chennai,Mobile App,2,18992.31,0.0,37984.61,37984.61,27273.53,UPI,Cancelled,10711.08,0.282,2024-05,2024,Q2,0,0,1
ORD004474,2024-06-10,CUST00466,Electronics,Bluetooth Speaker,Central,Bhopal,Website,4,1898.13,0.1,7592.51,6833.26,4668.17,UPI,Delivered,2165.09,0.3168,2024-06,2024,Q2,1,0,0
ORD004475,2024-08-05,CUST01092,Beauty,Shampoo,East,Bhubaneswar,Website,1,1374.78,0.1,1374.78,1237.3,716.74,Cash on Delivery,Delivered,520.56,0.4207,2024-08,2024,Q3,1,0,0
ORD004476,2024-01-30,CUST01447,Electronics,Laptop Stand,West,Mumbai,Mobile App,2,19177.06,0.1,38354.12,34518.7,22190.11,UPI,Delivered,12328.59,0.3572,2024-01,2024,Q1,1,0,0
ORD004477,2025-06-22,CUST01562,Electronics,Wireless Headphones,North,Jaipur,Mobile App,1,10043.39,0.15,10043.39,8536.88,5226.59,Credit Card,Delivered,3310.29,0.3878,2025-06,2025,Q2,1,0,0
ORD004478,2025-02-19,CUST00219,Fashion,Running Shoes,West,Mumbai,Mobile App,3,541.23,0.1,1623.7,1461.33,1031.09,Net Banking,Delivered,430.24,0.2944,2025-02,2025,Q1,1,0,0
ORD004479,2024-11-06,CUST00321,Beauty,Face Serum,North,Jaipur,Marketplace,5,1882.23,0.1,9411.17,8470.05,5255.95,Net Banking,Pending,3214.1,0.3795,2024-11,2024,Q4,0,0,0
ORD004480,2025-06-22,CUST00009,Electronics,Power Bank,North,Delhi,Website,4,3946.49,0.05,15785.94,14996.65,8545.49,UPI,Delivered,6451.16,0.4302,2025-06,2025,Q2,1,0,0
ORD004481,2025-04-17,CUST01022,Electronics,Wireless Headphones,East,Kolkata,Mobile App,4,1437.61,0.2,5750.44,4600.36,3223.82,Debit Card,Delivered,1376.54,0.2992,2025-04,2025,Q2,1,0,0
ORD004482,2025-04-26,CUST00510,Sports,Yoga Mat,Central,Indore,Website,1,920.98,0.1,920.98,828.88,635.52,Credit Card,Delivered,193.36,0.2333,2025-04,2025,Q2,1,0,0
ORD004483,2024-04-22,CUST01346,Fashion,Denim Jacket,Central,Indore,Mobile App,1,5118.21,0.25,5118.21,3838.66,2078.93,UPI,Cancelled,1759.73,0.4584,2024-04,2024,Q2,0,0,1
ORD004484,2024-02-11,CUST01336,Beauty,Face Serum,West,Pune,Website,5,2469.62,0.0,12348.11,12348.11,9506.87,Cash on Delivery,Delivered,2841.24,0.2301,2024-02,2024,Q1,1,0,0
ORD004485,2025-02-17,CUST00841,Fashion,Backpack,North,Jaipur,Mobile App,5,3800.23,0.2,19001.17,15200.94,11135.34,UPI,Delivered,4065.6,0.2675,2025-02,2025,Q1,1,0,0
ORD004486,2025-03-09,CUST00051,Sports,Dumbbells,East,Patna,Marketplace,1,1876.02,0.05,1876.02,1782.22,1179.34,Credit Card,Cancelled,602.88,0.3383,2025-03,2025,Q1,0,0,1
ORD004487,2025-04-22,CUST00526,Sports,Resistance Bands,West,Ahmedabad,Website,5,5299.42,0.05,26497.1,25172.25,14817.66,Debit Card,Delivered,10354.59,0.4113,2025-04,2025,Q2,1,0,0
ORD004488,2025-05-07,CUST00971,Electronics,Laptop Stand,South,Bengaluru,Marketplace,1,2041.32,0.1,2041.32,1837.19,1060.78,Cash on Delivery,Pending,776.41,0.4226,2025-05,2025,Q2,0,0,0
ORD004489,2024-12-08,CUST00171,Home & Kitchen,Air Fryer,South,Hyderabad,Mobile App,3,6864.04,0.1,20592.13,18532.92,10401.73,Cash on Delivery,Delivered,8131.19,0.4387,2024-12,2024,Q4,1,0,0
ORD004490,2025-02-21,CUST00479,Beauty,Lip Balm,Central,Nagpur,Website,5,2749.9,0.15,13749.51,11687.09,8131.82,Credit Card,Delivered,3555.27,0.3042,2025-02,2025,Q1,1,0,0
ORD004491,2024-06-20,CUST01475,Fashion,Sunglasses,South,Bengaluru,Website,3,531.38,0.05,1594.14,1514.43,1100.32,Credit Card,Delivered,414.11,0.2734,2024-06,2024,Q2,1,0,0
ORD004492,2024-04-06,CUST01508,Fashion,T-Shirt,North,Chandigarh,Website,2,3930.24,0.25,7860.47,5895.35,3119.89,Cash on Delivery,Delivered,2775.46,0.4708,2024-04,2024,Q2,1,0,0
ORD004493,2024-07-12,CUST01109,Fashion,Backpack,Central,Nagpur,Website,4,5239.4,0.0,20957.6,20957.6,11464.03,Net Banking,Delivered,9493.57,0.453,2024-07,2024,Q3,1,0,0
ORD004494,2024-11-30,CUST00153,Electronics,Wireless Headphones,West,Ahmedabad,Mobile App,4,19555.21,0.1,78220.82,70398.74,57265.54,Credit Card,Pending,13133.2,0.1866,2024-11,2024,Q4,0,0,0
ORD004495,2024-07-06,CUST01347,Beauty,Shampoo,South,Chennai,Mobile App,1,1499.23,0.0,1499.23,1499.23,1017.19,Cash on Delivery,Delivered,482.04,0.3215,2024-07,2024,Q3,1,0,0
ORD004496,2025-05-24,CUST01394,Fashion,Denim Jacket,Central,Nagpur,Mobile App,3,2324.08,0.1,6972.25,6275.03,3578.78,UPI,Returned,2696.25,0.4297,2025-05,2025,Q2,0,1,0
ORD004497,2024-05-05,CUST00471,Fashion,T-Shirt,East,Patna,Website,3,3857.66,0.05,11572.97,10994.32,9061.32,UPI,Delivered,1933.0,0.1758,2024-05,2024,Q2,1,0,0
ORD004498,2025-04-10,CUST00821,Home & Kitchen,Mixer Grinder,South,Bengaluru,Marketplace,5,3725.26,0.0,18626.29,18626.29,11746.22,Cash on Delivery,Delivered,6880.07,0.3694,2025-04,2025,Q2,1,0,0
ORD004499,2024-03-17,CUST00591,Fashion,Running Shoes,West,Pune,Marketplace,3,2992.4,0.15,8977.2,7630.62,5230.79,Net Banking,Delivered,2399.83,0.3145,2024-03,2024,Q1,1,0,0
ORD004500,2024-05-31,CUST00771,Fashion,Running Shoes,North,Chandigarh,Website,4,3721.66,0.05,14886.64,14142.31,10496.66,Debit Card,Delivered,3645.65,0.2578,2024-05,2024,Q2,1,0,0
ORD004501,2024-09-22,CUST00136,Electronics,Laptop Stand,South,Bengaluru,Website,4,19247.22,0.0,76988.88,76988.88,52513.77,Debit Card,Delivered,24475.11,0.3179,2024-09,2024,Q3,1,0,0
ORD004502,2024-06-02,CUST00416,Electronics,Smartwatch,North,Chandigarh,Marketplace,3,16185.61,0.0,48556.83,48556.83,34964.1,Net Banking,Returned,13592.73,0.2799,2024-06,2024,Q2,0,1,0
ORD004503,2024-09-05,CUST00653,Electronics,Bluetooth Speaker,East,Patna,Marketplace,3,4448.65,0.2,13345.96,10676.77,8137.44,Cash on Delivery,Delivered,2539.33,0.2378,2024-09,2024,Q3,1,0,0
ORD004504,2024-04-01,CUST01082,Home & Kitchen,Coffee Maker,North,Delhi,Mobile App,4,519.79,0.05,2079.15,1975.19,1524.74,UPI,Returned,450.45,0.2281,2024-04,2024,Q2,0,1,0
ORD004505,2025-04-08,CUST01562,Home & Kitchen,Coffee Maker,West,Mumbai,Mobile App,4,2315.53,0.0,9262.13,9262.13,5393.94,Cash on Delivery,Delivered,3868.19,0.4176,2025-04,2025,Q2,1,0,0
ORD004506,2024-02-01,CUST00853,Electronics,Power Bank,South,Bengaluru,Mobile App,1,7458.58,0.1,7458.58,6712.72,4801.27,Debit Card,Delivered,1911.45,0.2848,2024-02,2024,Q1,1,0,0
ORD004507,2024-12-10,CUST01192,Home & Kitchen,Storage Box,North,Delhi,Website,5,9671.54,0.1,48357.72,43521.95,29419.94,Debit Card,Delivered,14102.01,0.324,2024-12,2024,Q4,1,0,0
ORD004508,2024-03-03,CUST00037,Electronics,Smartwatch,North,Delhi,Marketplace,3,20913.29,0.05,62739.87,59602.88,49448.58,Net Banking,Delivered,10154.3,0.1704,2024-03,2024,Q1,1,0,0
ORD004509,2025-06-10,CUST00281,Electronics,Smartwatch,East,Kolkata,Mobile App,4,14106.72,0.15,56426.87,47962.84,25671.6,Credit Card,Delivered,22291.24,0.4648,2025-06,2025,Q2,1,0,0
ORD004510,2024-05-12,CUST00731,Fashion,Denim Jacket,South,Chennai,Marketplace,1,5308.5,0.05,5308.5,5043.07,3709.24,Debit Card,Delivered,1333.83,0.2645,2024-05,2024,Q2,1,0,0
ORD004511,2025-01-01,CUST00925,Sports,Dumbbells,East,Kolkata,Marketplace,3,6945.73,0.2,20837.19,16669.75,8697.47,Cash on Delivery,Delivered,7972.28,0.4782,2025-01,2025,Q1,1,0,0
ORD004512,2024-12-18,CUST01152,Beauty,Face Serum,South,Bengaluru,Website,1,1036.12,0.1,1036.12,932.51,598.01,Debit Card,Delivered,334.5,0.3587,2024-12,2024,Q4,1,0,0
ORD004513,2025-04-15,CUST00118,Fashion,Sunglasses,Central,Indore,Website,4,1890.56,0.0,7562.24,7562.24,4188.91,Credit Card,Returned,3373.33,0.4461,2025-04,2025,Q2,0,1,0
ORD004514,2024-02-07,CUST00002,Fashion,Backpack,North,Jaipur,Marketplace,1,1355.72,0.2,1355.72,1084.57,570.07,UPI,Delivered,514.5,0.4744,2024-02,2024,Q1,1,0,0
ORD004515,2025-03-06,CUST00925,Fashion,T-Shirt,South,Bengaluru,Website,5,2528.56,0.0,12642.78,12642.78,9720.82,Cash on Delivery,Delivered,2921.96,0.2311,2025-03,2025,Q1,1,0,0
ORD004516,2024-09-27,CUST01296,Electronics,Bluetooth Speaker,South,Bengaluru,Mobile App,4,4605.17,0.15,18420.67,15657.57,11482.89,Net Banking,Delivered,4174.68,0.2666,2024-09,2024,Q3,1,0,0
ORD004517,2024-10-29,CUST01301,Sports,Yoga Mat,South,Chennai,Marketplace,2,3259.66,0.1,6519.31,5867.38,4479.98,Net Banking,Delivered,1387.4,0.2365,2024-10,2024,Q4,1,0,0
ORD004518,2024-05-17,CUST00094,Sports,Cricket Bat,Central,Bhopal,Website,2,3982.07,0.0,7964.14,7964.14,5374.27,Net Banking,Delivered,2589.87,0.3252,2024-05,2024,Q2,1,0,0
ORD004519,2025-03-22,CUST00388,Electronics,Bluetooth Speaker,West,Ahmedabad,Marketplace,5,3943.18,0.0,19715.88,19715.88,12621.36,Debit Card,Delivered,7094.52,0.3598,2025-03,2025,Q1,1,0,0
ORD004520,2024-09-17,CUST01535,Home & Kitchen,Mixer Grinder,East,Bhubaneswar,Mobile App,4,5455.14,0.05,21820.56,20729.53,16337.24,Credit Card,Returned,4392.29,0.2119,2024-09,2024,Q3,0,1,0
ORD004521,2024-01-07,CUST01368,Home & Kitchen,Water Bottle,South,Hyderabad,Website,4,2621.85,0.1,10487.42,9438.67,7369.61,Debit Card,Delivered,2069.06,0.2192,2024-01,2024,Q1,1,0,0
ORD004522,2024-09-12,CUST00047,Electronics,Power Bank,East,Kolkata,Website,1,8396.38,0.1,8396.38,7556.75,6102.49,Debit Card,Delivered,1454.26,0.1924,2024-09,2024,Q3,1,0,0
ORD004523,2024-05-06,CUST00819,Fashion,Denim Jacket,West,Pune,Mobile App,3,5341.64,0.2,16024.93,12819.95,8981.93,Credit Card,Delivered,3838.02,0.2994,2024-05,2024,Q2,1,0,0
ORD004524,2025-02-12,CUST01309,Beauty,Shampoo,West,Ahmedabad,Website,5,453.01,0.15,2265.04,1925.29,1096.83,Credit Card,Delivered,828.46,0.4303,2025-02,2025,Q1,1,0,0
ORD004525,2025-01-27,CUST01543,Home & Kitchen,Mixer Grinder,South,Bengaluru,Website,2,3114.79,0.2,6229.57,4983.66,3133.81,UPI,Cancelled,1849.85,0.3712,2025-01,2025,Q1,0,0,1
ORD004526,2024-01-07,CUST00853,Home & Kitchen,Coffee Maker,West,Mumbai,Website,3,6246.78,0.05,18740.34,17803.33,13065.92,Net Banking,Cancelled,4737.41,0.2661,2024-01,2024,Q1,0,0,1
ORD004527,2024-04-05,CUST00878,Electronics,Smartwatch,West,Pune,Mobile App,5,12380.97,0.0,61904.83,61904.83,43286.6,Net Banking,Delivered,18618.23,0.3008,2024-04,2024,Q2,1,0,0
ORD004528,2024-01-26,CUST00226,Fashion,Denim Jacket,East,Patna,Website,2,909.95,0.15,1819.89,1546.91,1288.91,UPI,Delivered,258.0,0.1668,2024-01,2024,Q1,1,0,0
ORD004529,2024-05-26,CUST01214,Electronics,Smartwatch,North,Jaipur,Mobile App,2,18442.84,0.0,36885.68,36885.68,24704.73,Credit Card,Delivered,12180.95,0.3302,2024-05,2024,Q2,1,0,0
ORD004530,2024-02-12,CUST00836,Fashion,T-Shirt,South,Bengaluru,Website,5,4646.32,0.0,23231.62,23231.62,18381.23,Debit Card,Delivered,4850.39,0.2088,2024-02,2024,Q1,1,0,0
ORD004531,2024-07-24,CUST00087,Beauty,Lip Balm,East,Patna,Mobile App,4,464.9,0.2,1859.59,1487.67,1160.66,Debit Card,Returned,327.01,0.2198,2024-07,2024,Q3,0,1,0
ORD004532,2025-03-26,CUST01409,Home & Kitchen,Coffee Maker,South,Hyderabad,Marketplace,4,6030.88,0.1,24123.54,21711.18,17668.44,UPI,Delivered,4042.74,0.1862,2025-03,2025,Q1,1,0,0
ORD004533,2025-06-16,CUST00192,Electronics,Laptop Stand,South,Chennai,Mobile App,4,16351.01,0.15,65404.03,55593.43,45720.99,UPI,Returned,9872.44,0.1776,2025-06,2025,Q2,0,1,0
ORD004534,2025-05-06,CUST01370,Sports,Resistance Bands,East,Patna,Website,3,694.23,0.0,2082.68,2082.68,1586.36,Debit Card,Delivered,496.32,0.2383,2025-05,2025,Q2,1,0,0
ORD004535,2024-01-19,CUST01065,Home & Kitchen,Air Fryer,South,Hyderabad,Mobile App,3,5351.78,0.15,16055.34,13647.04,7822.99,Credit Card,Delivered,5824.05,0.4268,2024-01,2024,Q1,1,0,0
ORD004536,2024-05-16,CUST00430,Electronics,Wireless Headphones,South,Bengaluru,Website,2,4560.46,0.05,9120.92,8664.88,4558.89,Cash on Delivery,Delivered,4105.99,0.4739,2024-05,2024,Q2,1,0,0
ORD004537,2024-11-23,CUST00053,Sports,Resistance Bands,Central,Bhopal,Website,4,1566.44,0.15,6265.77,5325.9,3778.07,Debit Card,Delivered,1547.83,0.2906,2024-11,2024,Q4,1,0,0
ORD004538,2025-03-13,CUST00300,Home & Kitchen,Storage Box,East,Patna,Website,1,7546.29,0.0,7546.29,7546.29,6039.14,Cash on Delivery,Delivered,1507.15,0.1997,2025-03,2025,Q1,1,0,0
ORD004539,2024-07-21,CUST00099,Sports,Resistance Bands,North,Chandigarh,Mobile App,5,5876.81,0.2,29384.05,23507.24,13955.34,Net Banking,Delivered,9551.9,0.4063,2024-07,2024,Q3,1,0,0
ORD004540,2025-02-24,CUST01518,Sports,Yoga Mat,South,Bengaluru,Website,4,888.36,0.1,3553.46,3198.11,2526.8,Debit Card,Delivered,671.31,0.2099,2025-02,2025,Q1,1,0,0
ORD004541,2025-04-30,CUST00037,Electronics,Power Bank,Central,Bhopal,Website,4,10525.0,0.0,42100.02,42100.02,25480.07,Cash on Delivery,Delivered,16619.95,0.3948,2025-04,2025,Q2,1,0,0
ORD004542,2025-04-29,CUST00002,Fashion,Denim Jacket,West,Mumbai,Website,4,1950.6,0.0,7802.4,7802.4,5648.38,UPI,Delivered,2154.02,0.2761,2025-04,2025,Q2,1,0,0
ORD004543,2025-01-20,CUST00060,Fashion,Running Shoes,North,Chandigarh,Mobile App,5,5308.09,0.05,26540.43,25213.41,20860.41,UPI,Cancelled,4353.0,0.1726,2025-01,2025,Q1,0,0,1
ORD004544,2024-02-11,CUST00753,Sports,Dumbbells,South,Bengaluru,Website,4,5719.89,0.05,22879.57,21735.59,13723.27,Debit Card,Delivered,8012.32,0.3686,2024-02,2024,Q1,1,0,0
ORD004545,2024-04-01,CUST01215,Home & Kitchen,Storage Box,North,Jaipur,Website,5,9213.31,0.15,46066.57,39156.59,31147.3,Debit Card,Delivered,8009.29,0.2045,2024-04,2024,Q2,1,0,0
ORD004546,2024-01-29,CUST01121,Sports,Yoga Mat,North,Jaipur,Marketplace,1,4074.26,0.0,4074.26,4074.26,3245.63,Credit Card,Delivered,828.63,0.2034,2024-01,2024,Q1,1,0,0
ORD004547,2024-07-27,CUST00296,Electronics,Bluetooth Speaker,South,Hyderabad,Website,3,4622.0,0.15,13866.01,11786.11,8359.87,Credit Card,Delivered,3426.24,0.2907,2024-07,2024,Q3,1,0,0
ORD004548,2024-12-23,CUST01121,Electronics,Wireless Headphones,West,Pune,Marketplace,4,7186.08,0.0,28744.32,28744.32,15014.51,Credit Card,Delivered,13729.81,0.4777,2024-12,2024,Q4,1,0,0
ORD004549,2025-05-12,CUST00135,Fashion,Backpack,East,Patna,Marketplace,5,3616.29,0.0,18081.47,18081.47,14813.8,UPI,Pending,3267.67,0.1807,2025-05,2025,Q2,0,0,0
ORD004550,2024-03-15,CUST00571,Fashion,Backpack,West,Mumbai,Website,4,782.96,0.05,3131.85,2975.26,2095.57,Debit Card,Delivered,879.69,0.2957,2024-03,2024,Q1,1,0,0
ORD004551,2024-08-13,CUST01588,Fashion,T-Shirt,East,Kolkata,Mobile App,3,4931.46,0.05,14794.38,14054.66,11670.53,Debit Card,Delivered,2384.13,0.1696,2024-08,2024,Q3,1,0,0
ORD004552,2024-09-25,CUST00203,Beauty,Lip Balm,South,Hyderabad,Marketplace,1,436.76,0.05,436.76,414.93,326.15,Credit Card,Delivered,88.78,0.214,2024-09,2024,Q3,1,0,0
ORD004553,2025-05-18,CUST01045,Electronics,Laptop Stand,West,Pune,Website,1,16535.41,0.1,16535.41,14881.87,11135.05,Net Banking,Returned,3746.82,0.2518,2025-05,2025,Q2,0,1,0
ORD004554,2024-01-23,CUST01444,Electronics,Smartwatch,South,Chennai,Mobile App,5,14343.7,0.2,71718.48,57374.78,33736.7,UPI,Delivered,23638.08,0.412,2024-01,2024,Q1,1,0,0
ORD004555,2025-03-25,CUST00496,Home & Kitchen,Coffee Maker,East,Kolkata,Website,5,818.07,0.2,4090.34,3272.27,2010.47,Debit Card,Delivered,1261.8,0.3856,2025-03,2025,Q1,1,0,0
ORD004556,2024-08-08,CUST01520,Home & Kitchen,Mixer Grinder,West,Pune,Website,1,3144.81,0.25,3144.81,2358.6,1328.84,Debit Card,Delivered,1029.76,0.4366,2024-08,2024,Q3,1,0,0
ORD004557,2024-04-02,CUST00743,Home & Kitchen,Mixer Grinder,Central,Bhopal,Marketplace,1,904.47,0.15,904.47,768.8,425.96,UPI,Delivered,342.84,0.4459,2024-04,2024,Q2,1,0,0
ORD004558,2025-02-28,CUST01565,Beauty,Sunscreen,South,Bengaluru,Marketplace,4,2095.51,0.0,8382.04,8382.04,6081.55,Credit Card,Cancelled,2300.49,0.2745,2025-02,2025,Q1,0,0,1
ORD004559,2024-09-08,CUST00992,Electronics,Wireless Headphones,North,Delhi,Website,1,13443.9,0.0,13443.9,13443.9,8116.44,UPI,Pending,5327.46,0.3963,2024-09,2024,Q3,0,0,0
ORD004560,2025-05-16,CUST00932,Fashion,T-Shirt,West,Pune,Marketplace,2,4122.85,0.15,8245.7,7008.85,3665.5,Debit Card,Delivered,3343.35,0.477,2025-05,2025,Q2,1,0,0
ORD004561,2024-10-24,CUST01234,Sports,Cricket Bat,East,Kolkata,Mobile App,4,6638.27,0.1,26553.07,23897.77,13186.33,Debit Card,Pending,10711.44,0.4482,2024-10,2024,Q4,0,0,0
ORD004562,2024-09-02,CUST00126,Fashion,Running Shoes,Central,Indore,Mobile App,4,2025.04,0.2,8100.16,6480.13,5340.01,Debit Card,Delivered,1140.12,0.1759,2024-09,2024,Q3,1,0,0
ORD004563,2024-06-01,CUST00961,Home & Kitchen,Water Bottle,East,Kolkata,Website,4,6041.05,0.2,24164.18,19331.34,13638.27,Net Banking,Delivered,5693.07,0.2945,2024-06,2024,Q2,1,0,0
ORD004564,2024-04-20,CUST00935,Electronics,Bluetooth Speaker,Central,Indore,Website,3,12872.09,0.1,38616.26,34754.63,25759.51,Debit Card,Delivered,8995.12,0.2588,2024-04,2024,Q2,1,0,0
ORD004565,2024-05-02,CUST00552,Home & Kitchen,Water Bottle,West,Ahmedabad,Website,1,8522.83,0.1,8522.83,7670.55,6189.72,Net Banking,Delivered,1480.83,0.1931,2024-05,2024,Q2,1,0,0
ORD004566,2024-09-10,CUST01171,Sports,Cricket Bat,South,Hyderabad,Mobile App,5,515.19,0.15,2575.93,2189.54,1728.52,Credit Card,Delivered,461.02,0.2106,2024-09,2024,Q3,1,0,0
ORD004567,2024-08-10,CUST00685,Electronics,Power Bank,East,Patna,Mobile App,2,21750.73,0.1,43501.46,39151.31,20829.86,Debit Card,Delivered,18321.45,0.468,2024-08,2024,Q3,1,0,0
ORD004568,2024-02-27,CUST01187,Home & Kitchen,Mixer Grinder,Central,Bhopal,Mobile App,4,5860.67,0.15,23442.68,19926.27,15554.3,Cash on Delivery,Delivered,4371.97,0.2194,2024-02,2024,Q1,1,0,0
ORD004569,2025-02-07,CUST00104,Home & Kitchen,Air Fryer,East,Patna,Mobile App,4,4749.64,0.1,18998.56,17098.7,11101.19,UPI,Delivered,5997.51,0.3508,2025-02,2025,Q1,1,0,0
ORD004570,2025-03-04,CUST00831,Electronics,Power Bank,West,Mumbai,Mobile App,2,13516.65,0.0,27033.29,27033.29,17437.11,UPI,Delivered,9596.18,0.355,2025-03,2025,Q1,1,0,0
ORD004571,2024-06-14,CUST01111,Sports,Football,North,Chandigarh,Website,3,3578.77,0.0,10736.32,10736.32,7521.75,Credit Card,Delivered,3214.57,0.2994,2024-06,2024,Q2,1,0,0
ORD004572,2024-10-13,CUST00518,Electronics,Power Bank,West,Pune,Website,5,13392.71,0.1,66963.53,60267.18,31627.62,Net Banking,Delivered,28639.56,0.4752,2024-10,2024,Q4,1,0,0
ORD004573,2025-03-20,CUST00830,Fashion,Denim Jacket,South,Bengaluru,Marketplace,5,2843.54,0.1,14217.7,12795.93,10353.48,Cash on Delivery,Returned,2442.45,0.1909,2025-03,2025,Q1,0,1,0
ORD004574,2024-05-01,CUST01522,Electronics,Power Bank,East,Bhubaneswar,Mobile App,5,7301.76,0.1,36508.79,32857.91,17704.93,UPI,Pending,15152.98,0.4612,2024-05,2024,Q2,0,0,0
ORD004575,2024-10-12,CUST00440,Home & Kitchen,Air Fryer,East,Kolkata,Website,3,3345.0,0.05,10035.01,9533.26,7632.36,Credit Card,Delivered,1900.9,0.1994,2024-10,2024,Q4,1,0,0
ORD004576,2024-01-13,CUST01018,Electronics,Power Bank,East,Patna,Marketplace,2,13536.18,0.05,27072.35,25718.73,14232.39,Debit Card,Delivered,11486.34,0.4466,2024-01,2024,Q1,1,0,0
ORD004577,2025-03-20,CUST01247,Fashion,Denim Jacket,West,Mumbai,Website,5,5009.44,0.0,25047.19,25047.19,15019.18,Cash on Delivery,Delivered,10028.01,0.4004,2025-03,2025,Q1,1,0,0
ORD004578,2025-01-21,CUST00511,Electronics,Laptop Stand,East,Kolkata,Marketplace,5,6211.31,0.15,31056.54,26398.06,17851.83,Net Banking,Delivered,8546.23,0.3237,2025-01,2025,Q1,1,0,0
ORD004579,2025-01-29,CUST00538,Beauty,Moisturizer,West,Ahmedabad,Mobile App,2,1966.99,0.05,3933.99,3737.29,3135.12,Credit Card,Delivered,602.17,0.1611,2025-01,2025,Q1,1,0,0
ORD004580,2024-05-13,CUST01555,Sports,Football,South,Chennai,Mobile App,1,1736.49,0.25,1736.49,1302.37,882.47,Cash on Delivery,Delivered,419.9,0.3224,2024-05,2024,Q2,1,0,0
ORD004581,2025-06-01,CUST01300,Home & Kitchen,Water Bottle,North,Delhi,Marketplace,2,2959.85,0.15,5919.7,5031.74,3964.15,Credit Card,Delivered,1067.59,0.2122,2025-06,2025,Q2,1,0,0
ORD004582,2025-02-07,CUST01386,Sports,Cricket Bat,South,Hyderabad,Mobile App,4,5974.22,0.1,23896.9,21507.21,17230.06,UPI,Pending,4277.15,0.1989,2025-02,2025,Q1,0,0,0
ORD004583,2024-01-09,CUST00502,Beauty,Sunscreen,Central,Bhopal,Marketplace,5,647.44,0.05,3237.22,3075.36,1923.9,UPI,Delivered,1151.46,0.3744,2024-01,2024,Q1,1,0,0
ORD004584,2025-01-28,CUST00817,Fashion,Denim Jacket,East,Patna,Marketplace,3,1014.95,0.05,3044.86,2892.62,2152.04,Debit Card,Delivered,740.58,0.256,2025-01,2025,Q1,1,0,0
ORD004585,2024-09-14,CUST00005,Fashion,Backpack,North,Chandigarh,Mobile App,5,746.01,0.05,3730.03,3543.53,2189.8,Net Banking,Returned,1353.73,0.382,2024-09,2024,Q3,0,1,0
ORD004586,2025-04-04,CUST01529,Sports,Football,South,Bengaluru,Website,3,5135.19,0.0,15405.57,15405.57,12502.77,Debit Card,Delivered,2902.8,0.1884,2025-04,2025,Q2,1,0,0
ORD004587,2024-10-13,CUST01262,Beauty,Sunscreen,Central,Indore,Website,2,2004.56,0.15,4009.12,3407.76,2312.75,Net Banking,Delivered,1095.01,0.3213,2024-10,2024,Q4,1,0,0
ORD004588,2024-11-26,CUST00987,Home & Kitchen,Coffee Maker,South,Hyderabad,Website,3,9426.41,0.05,28279.22,26865.26,20291.6,Net Banking,Returned,6573.66,0.2447,2024-11,2024,Q4,0,1,0
ORD004589,2025-01-19,CUST00125,Home & Kitchen,Storage Box,East,Kolkata,Mobile App,2,2473.66,0.2,4947.32,3957.86,2285.27,UPI,Delivered,1672.59,0.4226,2025-01,2025,Q1,1,0,0
ORD004590,2024-07-16,CUST01113,Beauty,Moisturizer,South,Hyderabad,Mobile App,1,2191.97,0.2,2191.97,1753.58,1292.27,Net Banking,Delivered,461.31,0.2631,2024-07,2024,Q3,1,0,0
ORD004591,2024-03-12,CUST00840,Beauty,Shampoo,East,Kolkata,Mobile App,3,1051.69,0.05,3155.07,2997.32,2351.52,Debit Card,Delivered,645.8,0.2155,2024-03,2024,Q1,1,0,0
ORD004592,2024-12-04,CUST00618,Fashion,Denim Jacket,Central,Nagpur,Website,4,5192.16,0.05,20768.65,19730.21,11223.41,Credit Card,Delivered,8506.8,0.4312,2024-12,2024,Q4,1,0,0
ORD004593,2025-06-19,CUST01478,Home & Kitchen,Mixer Grinder,East,Bhubaneswar,Marketplace,5,7174.41,0.2,35872.06,28697.65,18560.28,UPI,Delivered,10137.37,0.3532,2025-06,2025,Q2,1,0,0
ORD004594,2025-03-06,CUST00296,Fashion,Running Shoes,East,Kolkata,Mobile App,5,1782.57,0.05,8912.86,8467.22,5499.58,UPI,Returned,2967.64,0.3505,2025-03,2025,Q1,0,1,0
ORD004595,2024-03-30,CUST00971,Electronics,Bluetooth Speaker,South,Bengaluru,Website,2,11421.34,0.1,22842.69,20558.42,13858.76,UPI,Delivered,6699.66,0.3259,2024-03,2024,Q1,1,0,0
ORD004596,2025-02-23,CUST00417,Home & Kitchen,Water Bottle,North,Chandigarh,Marketplace,4,6598.27,0.0,26393.08,26393.08,21330.15,Cash on Delivery,Returned,5062.93,0.1918,2025-02,2025,Q1,0,1,0
ORD004597,2025-02-05,CUST00798,Fashion,T-Shirt,East,Kolkata,Mobile App,1,5232.09,0.2,5232.09,4185.67,2589.22,Cash on Delivery,Delivered,1596.45,0.3814,2025-02,2025,Q1,1,0,0
ORD004598,2025-05-26,CUST01354,Beauty,Face Serum,South,Chennai,Website,4,544.52,0.1,2178.07,1960.26,1295.09,Credit Card,Delivered,665.17,0.3393,2025-05,2025,Q2,1,0,0
ORD004599,2024-04-15,CUST01296,Beauty,Lip Balm,West,Ahmedabad,Website,4,901.54,0.05,3606.15,3425.84,1997.49,Credit Card,Delivered,1428.35,0.4169,2024-04,2024,Q2,1,0,0
ORD004600,2024-11-22,CUST01535,Home & Kitchen,Mixer Grinder,North,Chandigarh,Mobile App,3,3982.9,0.2,11948.71,9558.97,5493.35,UPI,Delivered,4065.62,0.4253,2024-11,2024,Q4,1,0,0
ORD004601,2024-05-16,CUST00504,Beauty,Face Serum,North,Chandigarh,Mobile App,4,2478.35,0.2,9913.4,7930.72,4458.7,UPI,Delivered,3472.02,0.4378,2024-05,2024,Q2,1,0,0
ORD004602,2024-10-11,CUST01120,Fashion,Sunglasses,East,Kolkata,Mobile App,5,3418.68,0.2,17093.38,13674.71,9196.02,Debit Card,Delivered,4478.69,0.3275,2024-10,2024,Q4,1,0,0
ORD004603,2024-03-24,CUST01317,Beauty,Moisturizer,Central,Indore,Mobile App,5,1183.45,0.1,5917.27,5325.55,3927.89,Net Banking,Pending,1397.66,0.2624,2024-03,2024,Q1,0,0,0
ORD004604,2024-11-22,CUST01360,Home & Kitchen,Water Bottle,East,Patna,Website,3,9300.79,0.15,27902.36,23717.0,17083.47,Credit Card,Delivered,6633.53,0.2797,2024-11,2024,Q4,1,0,0
ORD004605,2025-05-14,CUST00731,Sports,Dumbbells,South,Bengaluru,Website,1,1818.84,0.05,1818.84,1727.9,1314.13,Debit Card,Delivered,413.77,0.2395,2025-05,2025,Q2,1,0,0
ORD004606,2024-11-22,CUST00859,Electronics,Bluetooth Speaker,West,Mumbai,Marketplace,1,7004.74,0.0,7004.74,7004.74,4888.94,Credit Card,Delivered,2115.8,0.3021,2024-11,2024,Q4,1,0,0
ORD004607,2024-09-24,CUST01474,Beauty,Moisturizer,Central,Bhopal,Mobile App,2,1406.89,0.1,2813.77,2532.4,1967.4,Net Banking,Delivered,565.0,0.2231,2024-09,2024,Q3,1,0,0
ORD004608,2024-06-13,CUST00175,Electronics,Bluetooth Speaker,North,Jaipur,Website,4,8754.57,0.1,35018.28,31516.45,20781.12,Cash on Delivery,Delivered,10735.33,0.3406,2024-06,2024,Q2,1,0,0
ORD004609,2025-04-26,CUST01318,Fashion,Running Shoes,South,Chennai,Website,5,505.55,0.0,2527.73,2527.73,1866.33,Credit Card,Delivered,661.4,0.2617,2025-04,2025,Q2,1,0,0
ORD004610,2025-03-22,CUST01106,Home & Kitchen,Air Fryer,South,Chennai,Marketplace,2,1150.81,0.2,2301.62,1841.3,1184.21,UPI,Delivered,657.09,0.3569,2025-03,2025,Q1,1,0,0
ORD004611,2024-05-26,CUST00202,Electronics,Wireless Headphones,South,Chennai,Mobile App,2,19383.42,0.05,38766.85,36828.5,28416.41,UPI,Returned,8412.09,0.2284,2024-05,2024,Q2,0,1,0
ORD004612,2024-03-21,CUST00827,Home & Kitchen,Coffee Maker,Central,Bhopal,Mobile App,2,1525.58,0.0,3051.16,3051.16,1779.58,UPI,Delivered,1271.58,0.4168,2024-03,2024,Q1,1,0,0
ORD004613,2024-10-17,CUST01358,Electronics,Bluetooth Speaker,South,Chennai,Website,1,13390.35,0.2,13390.35,10712.28,7409.15,Credit Card,Delivered,3303.13,0.3083,2024-10,2024,Q4,1,0,0
ORD004614,2025-01-14,CUST01411,Home & Kitchen,Air Fryer,Central,Bhopal,Website,4,9774.58,0.1,39098.32,35188.48,22901.54,Debit Card,Delivered,12286.94,0.3492,2025-01,2025,Q1,1,0,0
ORD004615,2024-01-29,CUST00143,Home & Kitchen,Water Bottle,North,Jaipur,Website,3,2603.44,0.1,7810.31,7029.28,4218.1,UPI,Pending,2811.18,0.3999,2024-01,2024,Q1,0,0,0
ORD004616,2024-09-19,CUST00280,Beauty,Shampoo,Central,Bhopal,Website,4,266.88,0.0,1067.52,1067.52,641.94,Credit Card,Delivered,425.58,0.3987,2024-09,2024,Q3,1,0,0
ORD004617,2024-02-19,CUST00773,Beauty,Face Serum,West,Mumbai,Mobile App,1,2737.63,0.2,2737.63,2190.11,1374.65,Net Banking,Delivered,815.46,0.3723,2024-02,2024,Q1,1,0,0
ORD004618,2025-06-09,CUST01455,Sports,Resistance Bands,North,Delhi,Mobile App,2,655.44,0.1,1310.87,1179.79,811.79,Cash on Delivery,Delivered,368.0,0.3119,2025-06,2025,Q2,1,0,0
ORD004619,2024-06-11,CUST01206,Fashion,Running Shoes,South,Chennai,Website,5,3686.84,0.0,18434.2,18434.2,14459.7,Debit Card,Delivered,3974.5,0.2156,2024-06,2024,Q2,1,0,0
ORD004620,2024-02-16,CUST00582,Fashion,Denim Jacket,South,Hyderabad,Website,5,719.41,0.0,3597.07,3597.07,2097.94,UPI,Delivered,1499.13,0.4168,2024-02,2024,Q1,1,0,0
ORD004621,2025-02-13,CUST00610,Electronics,Wireless Headphones,North,Jaipur,Mobile App,5,16570.84,0.0,82854.18,82854.18,45694.31,Cash on Delivery,Delivered,37159.87,0.4485,2025-02,2025,Q1,1,0,0
ORD004622,2025-05-22,CUST01529,Fashion,T-Shirt,West,Ahmedabad,Mobile App,3,1600.57,0.05,4801.7,4561.61,2682.25,Cash on Delivery,Delivered,1879.36,0.412,2025-05,2025,Q2,1,0,0
ORD004623,2024-04-13,CUST00123,Home & Kitchen,Coffee Maker,North,Chandigarh,Marketplace,2,7019.78,0.15,14039.55,11933.62,9898.21,UPI,Delivered,2035.41,0.1706,2024-04,2024,Q2,1,0,0
ORD004624,2024-09-14,CUST01181,Fashion,Sunglasses,West,Ahmedabad,Website,2,2180.64,0.1,4361.29,3925.16,2285.78,Debit Card,Returned,1639.38,0.4177,2024-09,2024,Q3,0,1,0
ORD004625,2025-05-22,CUST01592,Electronics,Bluetooth Speaker,South,Hyderabad,Website,5,20709.34,0.25,103546.71,77660.04,51734.15,Cash on Delivery,Delivered,25925.89,0.3338,2025-05,2025,Q2,1,0,0
ORD004626,2024-09-01,CUST01191,Electronics,Power Bank,South,Bengaluru,Mobile App,3,15351.54,0.0,46054.61,46054.61,28946.16,Credit Card,Delivered,17108.45,0.3715,2024-09,2024,Q3,1,0,0
ORD004627,2024-02-22,CUST00702,Fashion,Denim Jacket,West,Mumbai,Website,4,4455.72,0.1,17822.88,16040.6,13206.38,Credit Card,Delivered,2834.22,0.1767,2024-02,2024,Q1,1,0,0
ORD004628,2024-11-14,CUST00617,Electronics,Wireless Headphones,North,Chandigarh,Mobile App,3,21184.84,0.05,63554.52,60376.8,31895.71,Cash on Delivery,Returned,28481.09,0.4717,2024-11,2024,Q4,0,1,0
ORD004629,2025-04-16,CUST00724,Home & Kitchen,Coffee Maker,South,Hyderabad,Mobile App,2,8346.02,0.0,16692.04,16692.04,10994.99,Credit Card,Delivered,5697.05,0.3413,2025-04,2025,Q2,1,0,0
ORD004630,2024-05-13,CUST00459,Home & Kitchen,Storage Box,East,Patna,Marketplace,5,8640.05,0.05,43200.27,41040.25,30364.39,Cash on Delivery,Delivered,10675.86,0.2601,2024-05,2024,Q2,1,0,0
ORD004631,2024-07-21,CUST01267,Fashion,Sunglasses,East,Bhubaneswar,Mobile App,2,3704.53,0.05,7409.05,7038.6,5068.61,Debit Card,Pending,1969.99,0.2799,2024-07,2024,Q3,0,0,0
ORD004632,2024-05-19,CUST01493,Fashion,Backpack,West,Ahmedabad,Website,4,5301.88,0.05,21207.52,20147.14,13489.9,Cash on Delivery,Delivered,6657.24,0.3304,2024-05,2024,Q2,1,0,0
ORD004633,2024-03-12,CUST00848,Fashion,Sunglasses,West,Mumbai,Mobile App,5,4392.51,0.05,21962.56,20864.43,15178.96,Debit Card,Cancelled,5685.47,0.2725,2024-03,2024,Q1,0,0,1
ORD004634,2025-06-15,CUST01372,Home & Kitchen,Water Bottle,Central,Bhopal,Mobile App,2,3959.6,0.1,7919.2,7127.28,5337.72,Credit Card,Delivered,1789.56,0.2511,2025-06,2025,Q2,1,0,0
ORD004635,2024-08-04,CUST01525,Sports,Yoga Mat,West,Pune,Website,4,5600.56,0.25,22402.22,16801.67,12776.76,UPI,Delivered,4024.91,0.2396,2024-08,2024,Q3,1,0,0
ORD004636,2025-04-08,CUST00273,Electronics,Laptop Stand,South,Chennai,Mobile App,5,15886.93,0.0,79434.63,79434.63,59063.28,Debit Card,Returned,20371.35,0.2565,2025-04,2025,Q2,0,1,0
ORD004637,2025-01-17,CUST01485,Fashion,Running Shoes,West,Ahmedabad,Mobile App,4,3972.73,0.15,15890.91,13507.27,9075.52,Debit Card,Delivered,4431.75,0.3281,2025-01,2025,Q1,1,0,0
ORD004638,2025-06-26,CUST01163,Home & Kitchen,Coffee Maker,Central,Nagpur,Website,4,5001.78,0.0,20007.13,20007.13,10869.12,Cash on Delivery,Delivered,9138.01,0.4567,2025-06,2025,Q2,1,0,0
ORD004639,2024-04-24,CUST01560,Electronics,Bluetooth Speaker,North,Delhi,Website,3,5677.88,0.1,17033.65,15330.28,12525.44,UPI,Delivered,2804.84,0.183,2024-04,2024,Q2,1,0,0
ORD004640,2024-03-21,CUST01521,Electronics,Bluetooth Speaker,South,Bengaluru,Website,5,17190.92,0.15,85954.62,73061.42,40583.79,Cash on Delivery,Delivered,32477.63,0.4445,2024-03,2024,Q1,1,0,0
ORD004641,2025-02-12,CUST00356,Home & Kitchen,Mixer Grinder,North,Jaipur,Mobile App,2,6523.24,0.0,13046.48,13046.48,8708.5,Cash on Delivery,Delivered,4337.98,0.3325,2025-02,2025,Q1,1,0,0
ORD004642,2024-08-14,CUST00683,Electronics,Laptop Stand,Central,Nagpur,Mobile App,5,18973.68,0.05,94868.41,90124.98,74008.35,UPI,Delivered,16116.63,0.1788,2024-08,2024,Q3,1,0,0
ORD004643,2025-04-25,CUST00296,Beauty,Lip Balm,North,Jaipur,Website,1,962.94,0.2,962.94,770.35,408.18,Debit Card,Delivered,362.17,0.4701,2025-04,2025,Q2,1,0,0
ORD004644,2024-09-03,CUST01528,Beauty,Face Serum,Central,Indore,Marketplace,4,2521.14,0.05,10084.56,9580.33,7718.92,Credit Card,Pending,1861.41,0.1943,2024-09,2024,Q3,0,0,0
ORD004645,2024-04-12,CUST00018,Home & Kitchen,Mixer Grinder,East,Bhubaneswar,Website,2,2787.95,0.0,5575.9,5575.9,3948.2,Debit Card,Delivered,1627.7,0.2919,2024-04,2024,Q2,1,0,0
ORD004646,2025-05-14,CUST00217,Fashion,Backpack,North,Jaipur,Mobile App,4,4532.65,0.1,18130.62,16317.55,13641.59,UPI,Delivered,2675.96,0.164,2025-05,2025,Q2,1,0,0
ORD004647,2025-01-08,CUST01252,Electronics,Wireless Headphones,West,Ahmedabad,Mobile App,5,12319.9,0.0,61599.52,61599.52,35169.8,Credit Card,Returned,26429.72,0.4291,2025-01,2025,Q1,0,1,0
ORD004648,2024-06-26,CUST01265,Fashion,T-Shirt,East,Bhubaneswar,Website,3,4809.99,0.1,14429.96,12986.96,8982.75,Credit Card,Delivered,4004.21,0.3083,2024-06,2024,Q2,1,0,0
ORD004649,2024-06-21,CUST00428,Electronics,Laptop Stand,Central,Bhopal,Marketplace,4,20924.7,0.0,83698.82,83698.82,43824.64,Credit Card,Cancelled,39874.18,0.4764,2024-06,2024,Q2,0,0,1
ORD004650,2025-04-10,CUST00467,Fashion,T-Shirt,South,Hyderabad,Mobile App,1,2891.44,0.0,2891.44,2891.44,1820.75,Debit Card,Delivered,1070.69,0.3703,2025-04,2025,Q2,1,0,0
ORD004651,2024-05-07,CUST00896,Sports,Resistance Bands,North,Jaipur,Mobile App,3,1294.48,0.1,3883.44,3495.09,2207.17,Net Banking,Delivered,1287.92,0.3685,2024-05,2024,Q2,1,0,0
ORD004652,2024-08-06,CUST00235,Fashion,Backpack,East,Kolkata,Website,4,4731.19,0.05,18924.75,17978.51,14625.1,Credit Card,Delivered,3353.41,0.1865,2024-08,2024,Q3,1,0,0
ORD004653,2025-03-22,CUST00464,Fashion,T-Shirt,South,Bengaluru,Mobile App,2,1385.85,0.1,2771.71,2494.54,1774.71,Credit Card,Pending,719.83,0.2886,2025-03,2025,Q1,0,0,0
ORD004654,2025-02-09,CUST00914,Electronics,Laptop Stand,South,Chennai,Marketplace,5,4159.09,0.0,20795.45,20795.45,14423.98,Debit Card,Delivered,6371.47,0.3064,2025-02,2025,Q1,1,0,0
ORD004655,2025-05-06,CUST01388,Fashion,Running Shoes,West,Mumbai,Mobile App,1,3687.49,0.05,3687.49,3503.12,2352.71,Debit Card,Delivered,1150.41,0.3284,2025-05,2025,Q2,1,0,0
ORD004656,2024-11-24,CUST01444,Beauty,Shampoo,West,Mumbai,Marketplace,3,2955.89,0.0,8867.68,8867.68,6671.05,Debit Card,Cancelled,2196.63,0.2477,2024-11,2024,Q4,0,0,1
ORD004657,2025-03-30,CUST00630,Sports,Cricket Bat,West,Mumbai,Mobile App,4,6134.25,0.25,24537.01,18402.76,14008.27,Net Banking,Delivered,4394.49,0.2388,2025-03,2025,Q1,1,0,0
ORD004658,2025-05-06,CUST00013,Home & Kitchen,Air Fryer,South,Chennai,Mobile App,1,8225.55,0.15,8225.55,6991.72,5280.94,Credit Card,Pending,1710.78,0.2447,2025-05,2025,Q2,0,0,0
ORD004659,2025-02-21,CUST00849,Electronics,Wireless Headphones,West,Mumbai,Website,3,9500.88,0.25,28502.63,21376.97,11757.6,Credit Card,Delivered,9619.37,0.45,2025-02,2025,Q1,1,0,0
ORD004660,2025-04-09,CUST00464,Home & Kitchen,Storage Box,Central,Indore,Mobile App,2,6824.17,0.1,13648.35,12283.51,8894.22,Credit Card,Pending,3389.29,0.2759,2025-04,2025,Q2,0,0,0
ORD004661,2024-05-09,CUST00152,Fashion,Sunglasses,West,Mumbai,Website,1,300.91,0.15,300.91,255.78,193.64,Credit Card,Returned,62.14,0.2429,2024-05,2024,Q2,0,1,0
ORD004662,2024-12-09,CUST00321,Sports,Football,South,Bengaluru,Mobile App,2,1736.05,0.15,3472.1,2951.28,1576.02,UPI,Delivered,1375.26,0.466,2024-12,2024,Q4,1,0,0
ORD004663,2025-02-25,CUST01006,Sports,Yoga Mat,South,Hyderabad,Mobile App,3,4717.04,0.0,14151.12,14151.12,10546.23,Net Banking,Delivered,3604.89,0.2547,2025-02,2025,Q1,1,0,0
ORD004664,2024-06-29,CUST00498,Fashion,Backpack,North,Chandigarh,Mobile App,5,515.04,0.2,2575.19,2060.15,1363.29,Net Banking,Delivered,696.86,0.3383,2024-06,2024,Q2,1,0,0
ORD004665,2025-02-23,CUST00428,Fashion,Backpack,East,Bhubaneswar,Website,4,372.12,0.1,1488.47,1339.63,887.61,Credit Card,Delivered,452.02,0.3374,2025-02,2025,Q1,1,0,0
ORD004666,2024-03-28,CUST00015,Beauty,Shampoo,South,Bengaluru,Website,4,1563.76,0.15,6255.04,5316.78,3964.38,UPI,Cancelled,1352.4,0.2544,2024-03,2024,Q1,0,0,1
ORD004667,2024-10-13,CUST00792,Home & Kitchen,Air Fryer,East,Kolkata,Website,4,5384.7,0.2,21538.79,17231.03,14140.97,Debit Card,Pending,3090.06,0.1793,2024-10,2024,Q4,0,0,0
ORD004668,2024-06-22,CUST00923,Home & Kitchen,Coffee Maker,South,Bengaluru,Website,2,5028.97,0.1,10057.94,9052.15,4982.48,UPI,Delivered,4069.67,0.4496,2024-06,2024,Q2,1,0,0
ORD004669,2024-03-13,CUST01245,Fashion,Sunglasses,West,Mumbai,Mobile App,3,951.24,0.0,2853.71,2853.71,2051.33,Debit Card,Delivered,802.38,0.2812,2024-03,2024,Q1,1,0,0
ORD004670,2025-02-13,CUST00923,Electronics,Bluetooth Speaker,South,Hyderabad,Website,1,11831.79,0.15,11831.79,10057.02,5372.89,Debit Card,Delivered,4684.13,0.4658,2025-02,2025,Q1,1,0,0
ORD004671,2024-10-16,CUST00261,Beauty,Shampoo,South,Chennai,Website,3,237.16,0.0,711.48,711.48,400.17,UPI,Delivered,311.31,0.4376,2024-10,2024,Q4,1,0,0
ORD004672,2024-02-02,CUST01222,Beauty,Lip Balm,North,Chandigarh,Website,1,1564.9,0.15,1564.9,1330.16,807.9,UPI,Delivered,522.26,0.3926,2024-02,2024,Q1,1,0,0
ORD004673,2025-01-01,CUST00056,Beauty,Moisturizer,Central,Bhopal,Website,4,2671.28,0.0,10685.1,10685.1,6512.76,Net Banking,Delivered,4172.34,0.3905,2025-01,2025,Q1,1,0,0
ORD004674,2024-08-13,CUST00880,Fashion,Denim Jacket,West,Mumbai,Mobile App,1,5184.48,0.0,5184.48,5184.48,3396.58,Credit Card,Returned,1787.9,0.3449,2024-08,2024,Q3,0,1,0
ORD004675,2025-04-13,CUST00964,Electronics,Power Bank,South,Chennai,Website,3,11281.48,0.2,33844.45,27075.56,15625.55,UPI,Delivered,11450.01,0.4229,2025-04,2025,Q2,1,0,0
ORD004676,2024-12-16,CUST00449,Electronics,Power Bank,East,Kolkata,Mobile App,5,3227.93,0.0,16139.67,16139.67,9895.92,Cash on Delivery,Delivered,6243.75,0.3869,2024-12,2024,Q4,1,0,0
ORD004677,2025-04-01,CUST01023,Sports,Yoga Mat,East,Kolkata,Mobile App,4,4300.03,0.0,17200.12,17200.12,11107.35,Net Banking,Delivered,6092.77,0.3542,2025-04,2025,Q2,1,0,0
ORD004678,2025-04-08,CUST00762,Fashion,T-Shirt,North,Jaipur,Website,4,2318.08,0.0,9272.31,9272.31,7054.7,Net Banking,Delivered,2217.61,0.2392,2025-04,2025,Q2,1,0,0
ORD004679,2025-04-10,CUST00240,Fashion,Denim Jacket,South,Hyderabad,Mobile App,5,4434.61,0.1,22173.03,19955.73,10569.79,Cash on Delivery,Delivered,9385.94,0.4703,2025-04,2025,Q2,1,0,0
ORD004680,2024-05-13,CUST00490,Electronics,Bluetooth Speaker,North,Chandigarh,Mobile App,1,18042.09,0.05,18042.09,17139.98,10253.31,Credit Card,Delivered,6886.67,0.4018,2024-05,2024,Q2,1,0,0
ORD004681,2024-05-16,CUST00393,Fashion,T-Shirt,North,Jaipur,Website,3,5342.03,0.1,16026.08,14423.47,9666.45,Cash on Delivery,Delivered,4757.02,0.3298,2024-05,2024,Q2,1,0,0
ORD004682,2024-02-12,CUST00163,Fashion,T-Shirt,North,Jaipur,Mobile App,1,1730.23,0.25,1730.23,1297.68,829.06,Cash on Delivery,Delivered,468.62,0.3611,2024-02,2024,Q1,1,0,0
ORD004683,2024-01-08,CUST01436,Fashion,Denim Jacket,West,Pune,Mobile App,1,2798.5,0.05,2798.5,2658.57,1448.39,UPI,Delivered,1210.18,0.4552,2024-01,2024,Q1,1,0,0
ORD004684,2025-06-14,CUST00198,Fashion,Sunglasses,Central,Bhopal,Mobile App,4,4877.83,0.05,19511.33,18535.77,11483.03,UPI,Delivered,7052.74,0.3805,2025-06,2025,Q2,1,0,0
ORD004685,2024-09-13,CUST01129,Electronics,Laptop Stand,North,Delhi,Mobile App,2,19267.72,0.2,38535.45,30828.36,21811.37,UPI,Delivered,9016.99,0.2925,2024-09,2024,Q3,1,0,0
ORD004686,2024-07-26,CUST01061,Beauty,Moisturizer,North,Jaipur,Mobile App,1,1069.38,0.1,1069.38,962.44,733.22,Cash on Delivery,Delivered,229.22,0.2382,2024-07,2024,Q3,1,0,0
ORD004687,2025-03-06,CUST00170,Fashion,Backpack,West,Pune,Website,3,2951.76,0.1,8855.28,7969.75,5629.86,Credit Card,Delivered,2339.89,0.2936,2025-03,2025,Q1,1,0,0
ORD004688,2024-11-24,CUST00038,Fashion,T-Shirt,West,Mumbai,Mobile App,4,2968.43,0.0,11873.7,11873.7,8854.93,Debit Card,Delivered,3018.77,0.2542,2024-11,2024,Q4,1,0,0
ORD004689,2025-01-30,CUST00666,Beauty,Moisturizer,North,Jaipur,Mobile App,2,885.02,0.15,1770.04,1504.53,800.08,Credit Card,Delivered,704.45,0.4682,2025-01,2025,Q1,1,0,0
ORD004690,2024-06-14,CUST00683,Fashion,Sunglasses,West,Ahmedabad,Mobile App,1,5134.76,0.05,5134.76,4878.02,3907.88,Credit Card,Returned,970.14,0.1989,2024-06,2024,Q2,0,1,0
ORD004691,2024-12-27,CUST00915,Fashion,Backpack,South,Hyderabad,Mobile App,1,2357.72,0.25,2357.72,1768.29,1175.61,Debit Card,Returned,592.68,0.3352,2024-12,2024,Q4,0,1,0
ORD004692,2024-10-14,CUST00241,Fashion,T-Shirt,East,Patna,Mobile App,5,4130.01,0.1,20650.07,18585.06,9750.93,Credit Card,Delivered,8834.13,0.4753,2024-10,2024,Q4,1,0,0
ORD004693,2025-02-16,CUST00299,Electronics,Laptop Stand,South,Bengaluru,Mobile App,2,5939.16,0.05,11878.31,11284.4,7471.62,UPI,Pending,3812.78,0.3379,2025-02,2025,Q1,0,0,0
ORD004694,2024-11-19,CUST01104,Electronics,Wireless Headphones,Central,Indore,Mobile App,1,18292.81,0.1,18292.81,16463.53,11886.59,Net Banking,Delivered,4576.94,0.278,2024-11,2024,Q4,1,0,0
ORD004695,2024-03-18,CUST01501,Electronics,Laptop Stand,West,Ahmedabad,Marketplace,1,1244.95,0.05,1244.95,1182.7,653.06,Credit Card,Delivered,529.64,0.4478,2024-03,2024,Q1,1,0,0
ORD004696,2024-06-09,CUST00700,Fashion,T-Shirt,West,Ahmedabad,Marketplace,4,2881.58,0.1,11526.33,10373.7,7771.71,UPI,Returned,2601.99,0.2508,2024-06,2024,Q2,0,1,0
ORD004697,2024-06-21,CUST01142,Home & Kitchen,Mixer Grinder,West,Mumbai,Website,1,702.05,0.25,702.05,526.54,281.53,Credit Card,Delivered,245.01,0.4653,2024-06,2024,Q2,1,0,0
ORD004698,2025-06-02,CUST01159,Beauty,Sunscreen,South,Hyderabad,Website,4,1232.79,0.25,4931.15,3698.37,2767.32,Debit Card,Delivered,931.05,0.2517,2025-06,2025,Q2,1,0,0
ORD004699,2024-04-20,CUST01198,Fashion,Denim Jacket,South,Bengaluru,Marketplace,5,463.99,0.25,2319.95,1739.97,1288.28,Debit Card,Returned,451.69,0.2596,2024-04,2024,Q2,0,1,0
ORD004700,2024-12-19,CUST00861,Sports,Football,Central,Bhopal,Mobile App,4,5885.27,0.15,23541.07,20009.91,15749.68,Cash on Delivery,Delivered,4260.23,0.2129,2024-12,2024,Q4,1,0,0
ORD004701,2025-03-07,CUST01380,Fashion,Running Shoes,South,Hyderabad,Website,5,520.9,0.25,2604.48,1953.36,1597.72,Net Banking,Cancelled,355.64,0.1821,2025-03,2025,Q1,0,0,1
ORD004702,2024-06-22,CUST00215,Sports,Yoga Mat,South,Chennai,Mobile App,4,1306.56,0.2,5226.26,4181.0,2859.15,UPI,Delivered,1321.85,0.3162,2024-06,2024,Q2,1,0,0
ORD004703,2025-04-17,CUST00016,Beauty,Shampoo,Central,Bhopal,Mobile App,5,1048.96,0.15,5244.81,4458.09,2391.01,Net Banking,Delivered,2067.08,0.4637,2025-04,2025,Q2,1,0,0
ORD004704,2024-10-15,CUST00626,Home & Kitchen,Water Bottle,West,Ahmedabad,Mobile App,2,8082.14,0.2,16164.28,12931.43,7167.52,Debit Card,Delivered,5763.91,0.4457,2024-10,2024,Q4,1,0,0
ORD004705,2024-02-20,CUST00929,Electronics,Bluetooth Speaker,South,Chennai,Marketplace,2,1424.58,0.1,2849.17,2564.25,1411.68,Cash on Delivery,Delivered,1152.57,0.4495,2024-02,2024,Q1,1,0,0
ORD004706,2024-01-01,CUST00053,Fashion,Backpack,South,Hyderabad,Website,5,4716.51,0.05,23582.53,22403.41,17827.86,Cash on Delivery,Cancelled,4575.55,0.2042,2024-01,2024,Q1,0,0,1
ORD004707,2024-10-02,CUST01405,Sports,Cricket Bat,East,Kolkata,Website,5,2901.12,0.15,14505.6,12329.76,8183.33,UPI,Delivered,4146.43,0.3363,2024-10,2024,Q4,1,0,0
ORD004708,2025-04-18,CUST01062,Sports,Yoga Mat,South,Hyderabad,Mobile App,5,3230.84,0.05,16154.21,15346.5,12697.73,Cash on Delivery,Returned,2648.77,0.1726,2025-04,2025,Q2,0,1,0
ORD004709,2024-01-04,CUST01582,Electronics,Bluetooth Speaker,South,Chennai,Website,3,20622.23,0.2,61866.69,49493.35,30532.65,UPI,Delivered,18960.7,0.3831,2024-01,2024,Q1,1,0,0
ORD004710,2024-05-20,CUST01479,Fashion,T-Shirt,North,Chandigarh,Mobile App,3,4227.7,0.05,12683.1,12048.94,6822.07,Cash on Delivery,Cancelled,5226.87,0.4338,2024-05,2024,Q2,0,0,1
ORD004711,2024-09-04,CUST01138,Electronics,Power Bank,South,Bengaluru,Marketplace,5,13228.51,0.15,66142.57,56221.19,33107.53,Cash on Delivery,Delivered,23113.66,0.4111,2024-09,2024,Q3,1,0,0
ORD004712,2024-05-31,CUST00847,Electronics,Power Bank,South,Hyderabad,Mobile App,2,7957.81,0.1,15915.62,14324.06,11633.65,UPI,Delivered,2690.41,0.1878,2024-05,2024,Q2,1,0,0
ORD004713,2024-04-01,CUST00470,Beauty,Lip Balm,North,Chandigarh,Mobile App,1,2678.46,0.0,2678.46,2678.46,2239.09,Debit Card,Returned,439.37,0.164,2024-04,2024,Q2,0,1,0
ORD004714,2024-12-06,CUST00837,Electronics,Laptop Stand,South,Chennai,Mobile App,4,5594.79,0.05,22379.17,21260.21,12774.9,UPI,Delivered,8485.31,0.3991,2024-12,2024,Q4,1,0,0
ORD004715,2025-01-26,CUST00585,Home & Kitchen,Mixer Grinder,North,Delhi,Mobile App,3,8670.16,0.1,26010.49,23409.45,16736.96,Debit Card,Delivered,6672.49,0.285,2025-01,2025,Q1,1,0,0
ORD004716,2024-06-23,CUST01317,Beauty,Moisturizer,West,Ahmedabad,Website,2,1741.66,0.15,3483.32,2960.83,1729.45,Credit Card,Delivered,1231.38,0.4159,2024-06,2024,Q2,1,0,0
ORD004717,2024-05-12,CUST01337,Sports,Cricket Bat,North,Jaipur,Mobile App,2,5178.4,0.0,10356.79,10356.79,7962.7,Debit Card,Delivered,2394.09,0.2312,2024-05,2024,Q2,1,0,0
ORD004718,2025-05-24,CUST01068,Electronics,Laptop Stand,West,Pune,Website,2,13612.79,0.0,27225.58,27225.58,17169.47,Credit Card,Returned,10056.11,0.3694,2025-05,2025,Q2,0,1,0
ORD004719,2024-07-07,CUST00747,Electronics,Power Bank,West,Pune,Mobile App,3,21501.19,0.05,64503.57,61278.39,49567.09,Cash on Delivery,Delivered,11711.3,0.1911,2024-07,2024,Q3,1,0,0
ORD004720,2024-07-04,CUST00097,Home & Kitchen,Coffee Maker,South,Chennai,Mobile App,4,6074.85,0.1,24299.39,21869.45,18110.34,Debit Card,Delivered,3759.11,0.1719,2024-07,2024,Q3,1,0,0
ORD004721,2024-09-21,CUST01246,Beauty,Shampoo,East,Kolkata,Mobile App,1,1026.71,0.0,1026.71,1026.71,685.5,UPI,Delivered,341.21,0.3323,2024-09,2024,Q3,1,0,0
ORD004722,2024-11-03,CUST01114,Sports,Resistance Bands,North,Chandigarh,Mobile App,1,1288.39,0.15,1288.39,1095.13,606.42,Debit Card,Delivered,488.71,0.4463,2024-11,2024,Q4,1,0,0
ORD004723,2024-07-07,CUST00346,Fashion,Running Shoes,West,Mumbai,Website,2,3065.38,0.2,6130.76,4904.61,3343.94,UPI,Delivered,1560.67,0.3182,2024-07,2024,Q3,1,0,0
ORD004724,2024-03-01,CUST00338,Electronics,Power Bank,South,Bengaluru,Website,2,15161.2,0.1,30322.4,27290.16,22665.58,Debit Card,Delivered,4624.58,0.1695,2024-03,2024,Q1,1,0,0
ORD004725,2024-08-02,CUST00540,Home & Kitchen,Water Bottle,South,Bengaluru,Mobile App,1,1529.97,0.1,1529.97,1376.97,1006.44,UPI,Delivered,370.53,0.2691,2024-08,2024,Q3,1,0,0
ORD004726,2025-02-24,CUST00189,Sports,Cricket Bat,West,Pune,Marketplace,4,1931.44,0.0,7725.76,7725.76,4779.53,Net Banking,Delivered,2946.23,0.3814,2025-02,2025,Q1,1,0,0
ORD004727,2025-04-24,CUST01543,Electronics,Laptop Stand,South,Chennai,Marketplace,2,5112.07,0.1,10224.14,9201.73,7123.93,Net Banking,Delivered,2077.8,0.2258,2025-04,2025,Q2,1,0,0
ORD004728,2025-01-25,CUST01135,Electronics,Power Bank,South,Chennai,Mobile App,5,11242.28,0.1,56211.42,50590.27,29941.52,UPI,Delivered,20648.75,0.4082,2025-01,2025,Q1,1,0,0
ORD004729,2024-04-11,CUST01350,Fashion,Running Shoes,Central,Bhopal,Mobile App,4,629.34,0.0,2517.35,2517.35,2054.97,Credit Card,Delivered,462.38,0.1837,2024-04,2024,Q2,1,0,0
ORD004730,2025-03-08,CUST01299,Sports,Football,West,Pune,Mobile App,5,2738.6,0.05,13692.98,13008.34,6832.69,UPI,Cancelled,6175.65,0.4747,2025-03,2025,Q1,0,0,1
ORD004731,2025-04-25,CUST01260,Fashion,Running Shoes,West,Pune,Marketplace,1,3109.86,0.15,3109.86,2643.38,1811.39,Debit Card,Delivered,831.99,0.3147,2025-04,2025,Q2,1,0,0
ORD004732,2025-03-18,CUST00889,Home & Kitchen,Mixer Grinder,Central,Bhopal,Mobile App,5,5250.01,0.0,26250.04,26250.04,21583.69,Credit Card,Delivered,4666.35,0.1778,2025-03,2025,Q1,1,0,0
ORD004733,2025-04-03,CUST01334,Home & Kitchen,Storage Box,East,Bhubaneswar,Mobile App,5,9662.35,0.15,48311.73,41064.97,33034.91,UPI,Pending,8030.06,0.1955,2025-04,2025,Q2,0,0,0
ORD004734,2024-01-15,CUST00986,Electronics,Laptop Stand,South,Bengaluru,Mobile App,4,18584.58,0.1,74338.34,66904.5,44898.64,Cash on Delivery,Delivered,22005.86,0.3289,2024-01,2024,Q1,1,0,0
ORD004735,2024-05-19,CUST01382,Electronics,Wireless Headphones,West,Mumbai,Website,4,17940.22,0.2,71760.89,57408.71,33157.14,Net Banking,Delivered,24251.57,0.4224,2024-05,2024,Q2,1,0,0
ORD004736,2024-10-26,CUST00192,Electronics,Bluetooth Speaker,West,Ahmedabad,Website,3,9777.77,0.15,29333.31,24933.32,13956.14,Debit Card,Delivered,10977.18,0.4403,2024-10,2024,Q4,1,0,0
ORD004737,2024-06-05,CUST00131,Home & Kitchen,Storage Box,North,Delhi,Mobile App,3,2096.83,0.2,6290.49,5032.39,3052.63,Debit Card,Delivered,1979.76,0.3934,2024-06,2024,Q2,1,0,0
ORD004738,2024-05-06,CUST00643,Electronics,Smartwatch,West,Pune,Mobile App,5,7283.4,0.05,36417.02,34596.17,19945.57,UPI,Delivered,14650.6,0.4235,2024-05,2024,Q2,1,0,0
ORD004739,2024-08-09,CUST01080,Fashion,Sunglasses,East,Patna,Mobile App,5,3878.21,0.05,19391.07,18421.51,11953.08,UPI,Cancelled,6468.43,0.3511,2024-08,2024,Q3,0,0,1
ORD004740,2024-03-09,CUST00534,Sports,Football,West,Mumbai,Website,1,2398.08,0.1,2398.08,2158.27,1630.75,UPI,Delivered,527.52,0.2444,2024-03,2024,Q1,1,0,0
ORD004741,2024-07-01,CUST00561,Electronics,Bluetooth Speaker,West,Ahmedabad,Marketplace,4,13022.74,0.0,52090.95,52090.95,37204.75,Credit Card,Returned,14886.2,0.2858,2024-07,2024,Q3,0,1,0
ORD004742,2025-04-15,CUST00087,Home & Kitchen,Air Fryer,South,Chennai,Mobile App,5,7224.41,0.1,36122.06,32509.86,19749.83,Net Banking,Delivered,12760.03,0.3925,2025-04,2025,Q2,1,0,0
ORD004743,2024-06-29,CUST00731,Beauty,Moisturizer,North,Delhi,Website,3,2518.37,0.2,7555.11,6044.08,4699.59,Debit Card,Delivered,1344.49,0.2224,2024-06,2024,Q2,1,0,0
ORD004744,2024-11-09,CUST01169,Home & Kitchen,Coffee Maker,North,Delhi,Mobile App,5,8916.37,0.1,44581.87,40123.69,25894.29,UPI,Delivered,14229.4,0.3546,2024-11,2024,Q4,1,0,0
ORD004745,2025-02-21,CUST00513,Electronics,Power Bank,North,Chandigarh,Website,5,13993.47,0.1,69967.33,62970.6,48525.38,UPI,Delivered,14445.22,0.2294,2025-02,2025,Q1,1,0,0
ORD004746,2024-07-06,CUST01434,Electronics,Laptop Stand,South,Hyderabad,Website,4,13151.08,0.15,52604.32,44713.67,31299.98,Net Banking,Delivered,13413.69,0.3,2024-07,2024,Q3,1,0,0
ORD004747,2025-05-11,CUST01270,Beauty,Shampoo,West,Pune,Website,3,1609.37,0.1,4828.12,4345.31,3351.41,Credit Card,Delivered,993.9,0.2287,2025-05,2025,Q2,1,0,0
ORD004748,2024-07-28,CUST01173,Electronics,Laptop Stand,North,Chandigarh,Mobile App,1,11423.2,0.2,11423.2,9138.56,5948.77,Credit Card,Delivered,3189.79,0.349,2024-07,2024,Q3,1,0,0
ORD004749,2024-05-14,CUST00345,Sports,Resistance Bands,East,Patna,Mobile App,2,4020.86,0.1,8041.71,7237.54,4800.62,Credit Card,Delivered,2436.92,0.3367,2024-05,2024,Q2,1,0,0
ORD004750,2024-09-24,CUST01188,Home & Kitchen,Water Bottle,South,Chennai,Website,2,2603.02,0.05,5206.04,4945.73,3754.88,Net Banking,Delivered,1190.85,0.2408,2024-09,2024,Q3,1,0,0
ORD004751,2025-05-10,CUST00271,Beauty,Lip Balm,East,Patna,Mobile App,1,2808.49,0.05,2808.49,2668.07,1743.25,Debit Card,Delivered,924.82,0.3466,2025-05,2025,Q2,1,0,0
ORD004752,2024-05-03,CUST01554,Home & Kitchen,Air Fryer,West,Ahmedabad,Website,3,6378.09,0.1,19134.27,17220.84,9034.15,Cash on Delivery,Delivered,8186.69,0.4754,2024-05,2024,Q2,1,0,0
ORD004753,2025-01-06,CUST00551,Fashion,Sunglasses,East,Kolkata,Mobile App,2,2488.65,0.1,4977.29,4479.56,3760.38,Credit Card,Delivered,719.18,0.1605,2025-01,2025,Q1,1,0,0
ORD004754,2025-03-11,CUST00948,Home & Kitchen,Coffee Maker,West,Pune,Website,3,1895.86,0.2,5687.58,4550.06,3348.79,Cash on Delivery,Cancelled,1201.27,0.264,2025-03,2025,Q1,0,0,1
ORD004755,2024-01-22,CUST00089,Sports,Cricket Bat,Central,Bhopal,Mobile App,4,3861.94,0.0,15447.76,15447.76,11180.56,Debit Card,Pending,4267.2,0.2762,2024-01,2024,Q1,0,0,0
ORD004756,2024-07-24,CUST01470,Home & Kitchen,Water Bottle,North,Jaipur,Website,3,4050.67,0.15,12152.01,10329.21,6139.1,Debit Card,Delivered,4190.11,0.4057,2024-07,2024,Q3,1,0,0
ORD004757,2024-08-06,CUST01507,Beauty,Shampoo,West,Pune,Mobile App,1,1133.65,0.05,1133.65,1076.97,610.56,Net Banking,Delivered,466.41,0.4331,2024-08,2024,Q3,1,0,0
ORD004758,2024-03-14,CUST00278,Electronics,Wireless Headphones,North,Delhi,Mobile App,4,11958.46,0.2,47833.86,38267.09,30030.49,Net Banking,Delivered,8236.6,0.2152,2024-03,2024,Q1,1,0,0
ORD004759,2024-10-25,CUST00833,Beauty,Face Serum,West,Mumbai,Mobile App,4,2593.55,0.05,10374.19,9855.48,5834.44,Cash on Delivery,Delivered,4021.04,0.408,2024-10,2024,Q4,1,0,0
ORD004760,2024-04-28,CUST00704,Beauty,Sunscreen,North,Delhi,Mobile App,4,1860.82,0.15,7443.3,6326.8,5289.19,UPI,Delivered,1037.61,0.164,2024-04,2024,Q2,1,0,0
ORD004761,2024-08-16,CUST00010,Fashion,Running Shoes,South,Bengaluru,Mobile App,2,3428.57,0.1,6857.13,6171.42,4224.47,Net Banking,Returned,1946.95,0.3155,2024-08,2024,Q3,0,1,0
ORD004762,2024-02-20,CUST00698,Sports,Resistance Bands,Central,Indore,Mobile App,4,714.32,0.25,2857.27,2142.96,1207.14,Credit Card,Delivered,935.82,0.4367,2024-02,2024,Q1,1,0,0
ORD004763,2025-05-11,CUST00761,Home & Kitchen,Water Bottle,North,Chandigarh,Marketplace,1,4680.27,0.05,4680.27,4446.25,3578.68,Credit Card,Cancelled,867.57,0.1951,2025-05,2025,Q2,0,0,1
ORD004764,2025-02-25,CUST00380,Sports,Resistance Bands,South,Chennai,Mobile App,2,1239.34,0.25,2478.68,1859.01,983.97,Debit Card,Delivered,875.04,0.4707,2025-02,2025,Q1,1,0,0
ORD004765,2024-10-30,CUST00547,Home & Kitchen,Air Fryer,South,Hyderabad,Website,1,3372.7,0.05,3372.7,3204.07,2052.08,Credit Card,Delivered,1151.99,0.3595,2024-10,2024,Q4,1,0,0
ORD004766,2025-01-10,CUST01556,Sports,Football,Central,Bhopal,Marketplace,5,4544.18,0.1,22720.92,20448.82,12041.81,UPI,Delivered,8407.01,0.4111,2025-01,2025,Q1,1,0,0
ORD004767,2024-08-30,CUST00959,Electronics,Laptop Stand,North,Jaipur,Website,4,18233.95,0.0,72935.79,72935.79,43351.3,UPI,Delivered,29584.49,0.4056,2024-08,2024,Q3,1,0,0
ORD004768,2024-07-22,CUST00862,Electronics,Power Bank,West,Ahmedabad,Marketplace,2,19825.23,0.1,39650.46,35685.41,20560.37,Net Banking,Delivered,15125.04,0.4238,2024-07,2024,Q3,1,0,0
ORD004769,2024-02-03,CUST00226,Sports,Resistance Bands,West,Ahmedabad,Mobile App,2,1902.49,0.15,3804.97,3234.23,2701.01,Net Banking,Delivered,533.22,0.1649,2024-02,2024,Q1,1,0,0
ORD004770,2025-06-24,CUST01472,Beauty,Face Serum,South,Hyderabad,Website,1,1223.57,0.2,1223.57,978.85,709.49,Debit Card,Delivered,269.36,0.2752,2025-06,2025,Q2,1,0,0
ORD004771,2024-11-06,CUST00449,Fashion,Denim Jacket,South,Chennai,Mobile App,4,3808.3,0.05,15233.22,14471.56,9299.1,Cash on Delivery,Delivered,5172.46,0.3574,2024-11,2024,Q4,1,0,0
ORD004772,2025-05-03,CUST01142,Home & Kitchen,Storage Box,West,Pune,Mobile App,2,5778.19,0.05,11556.37,10978.55,7775.44,Net Banking,Delivered,3203.11,0.2918,2025-05,2025,Q2,1,0,0
ORD004773,2025-06-28,CUST01112,Home & Kitchen,Storage Box,East,Kolkata,Mobile App,1,3034.54,0.1,3034.54,2731.09,1865.35,Credit Card,Delivered,865.74,0.317,2025-06,2025,Q2,1,0,0
ORD004774,2024-12-11,CUST00202,Electronics,Laptop Stand,South,Hyderabad,Mobile App,3,10390.24,0.05,31170.73,29612.19,20302.89,Net Banking,Delivered,9309.3,0.3144,2024-12,2024,Q4,1,0,0
ORD004775,2024-10-30,CUST00801,Sports,Football,South,Chennai,Website,2,519.99,0.0,1039.98,1039.98,723.0,UPI,Delivered,316.98,0.3048,2024-10,2024,Q4,1,0,0
ORD004776,2024-09-18,CUST00353,Fashion,Denim Jacket,South,Hyderabad,Mobile App,4,3132.46,0.2,12529.85,10023.88,6966.68,Net Banking,Returned,3057.2,0.305,2024-09,2024,Q3,0,1,0
ORD004777,2024-10-09,CUST00283,Fashion,Sunglasses,West,Ahmedabad,Website,5,3027.76,0.2,15138.82,12111.05,7678.57,Net Banking,Cancelled,4432.48,0.366,2024-10,2024,Q4,0,0,1
ORD004778,2024-01-25,CUST01536,Fashion,Backpack,South,Hyderabad,Website,1,430.22,0.0,430.22,430.22,230.42,Debit Card,Pending,199.8,0.4644,2024-01,2024,Q1,0,0,0
ORD004779,2025-01-12,CUST00592,Sports,Cricket Bat,North,Jaipur,Website,1,2506.03,0.15,2506.03,2130.12,1186.19,Cash on Delivery,Delivered,943.93,0.4431,2025-01,2025,Q1,1,0,0
ORD004780,2025-04-06,CUST00381,Fashion,T-Shirt,East,Bhubaneswar,Mobile App,4,4496.04,0.0,17984.18,17984.18,13054.43,Cash on Delivery,Delivered,4929.75,0.2741,2025-04,2025,Q2,1,0,0
ORD004781,2025-06-28,CUST00336,Beauty,Sunscreen,South,Hyderabad,Website,3,1572.7,0.05,4718.09,4482.19,2673.45,Cash on Delivery,Pending,1808.74,0.4035,2025-06,2025,Q2,0,0,0
ORD004782,2024-06-25,CUST00180,Beauty,Moisturizer,West,Pune,Mobile App,1,1780.1,0.05,1780.1,1691.1,1258.77,Net Banking,Cancelled,432.33,0.2557,2024-06,2024,Q2,0,0,1
ORD004783,2025-01-18,CUST00087,Fashion,Backpack,North,Chandigarh,Mobile App,4,4471.65,0.1,17886.6,16097.94,11414.28,Net Banking,Delivered,4683.66,0.2909,2025-01,2025,Q1,1,0,0
ORD004784,2024-11-05,CUST00165,Home & Kitchen,Mixer Grinder,West,Ahmedabad,Mobile App,1,9733.28,0.05,9733.28,9246.62,6756.62,UPI,Returned,2490.0,0.2693,2024-11,2024,Q4,0,1,0
ORD004785,2025-03-19,CUST00196,Beauty,Moisturizer,West,Pune,Marketplace,5,1868.47,0.0,9342.33,9342.33,7098.09,Cash on Delivery,Delivered,2244.24,0.2402,2025-03,2025,Q1,1,0,0
ORD004786,2024-03-09,CUST00946,Beauty,Moisturizer,North,Jaipur,Website,2,2862.61,0.1,5725.21,5152.69,2711.37,Net Banking,Returned,2441.32,0.4738,2024-03,2024,Q1,0,1,0
ORD004787,2024-03-02,CUST01388,Electronics,Smartwatch,West,Mumbai,Website,2,8243.74,0.0,16487.49,16487.49,11054.24,UPI,Delivered,5433.25,0.3295,2024-03,2024,Q1,1,0,0
ORD004788,2024-09-21,CUST00928,Beauty,Lip Balm,West,Ahmedabad,Mobile App,5,1369.28,0.0,6846.38,6846.38,5399.78,Cash on Delivery,Delivered,1446.6,0.2113,2024-09,2024,Q3,1,0,0
ORD004789,2024-12-13,CUST01163,Electronics,Bluetooth Speaker,East,Kolkata,Website,4,10582.04,0.0,42328.14,42328.14,24212.09,Credit Card,Pending,18116.05,0.428,2024-12,2024,Q4,0,0,0
ORD004790,2024-03-17,CUST00491,Beauty,Shampoo,East,Kolkata,Website,2,1892.63,0.0,3785.26,3785.26,2229.06,Net Banking,Returned,1556.2,0.4111,2024-03,2024,Q1,0,1,0
ORD004791,2024-04-22,CUST00424,Home & Kitchen,Storage Box,West,Pune,Website,3,8074.79,0.2,24224.37,19379.5,13857.14,Credit Card,Cancelled,5522.36,0.285,2024-04,2024,Q2,0,0,1
ORD004792,2024-05-23,CUST00551,Home & Kitchen,Air Fryer,East,Patna,Mobile App,2,1829.0,0.0,3658.01,3658.01,2419.51,Debit Card,Pending,1238.5,0.3386,2024-05,2024,Q2,0,0,0
ORD004793,2024-03-25,CUST00470,Electronics,Bluetooth Speaker,North,Delhi,Website,1,13430.79,0.2,13430.79,10744.63,8397.65,Credit Card,Delivered,2346.98,0.2184,2024-03,2024,Q1,1,0,0
ORD004794,2024-04-12,CUST00403,Electronics,Smartwatch,South,Chennai,Mobile App,3,10623.36,0.0,31870.09,31870.09,17162.94,Cash on Delivery,Delivered,14707.15,0.4615,2024-04,2024,Q2,1,0,0
ORD004795,2024-07-09,CUST01579,Electronics,Bluetooth Speaker,South,Chennai,Website,1,7868.26,0.1,7868.26,7081.43,3702.4,Debit Card,Delivered,3379.03,0.4772,2024-07,2024,Q3,1,0,0
ORD004796,2024-08-05,CUST01130,Electronics,Wireless Headphones,North,Delhi,Mobile App,3,11388.88,0.1,34166.65,30749.99,23268.07,Credit Card,Delivered,7481.92,0.2433,2024-08,2024,Q3,1,0,0
ORD004797,2024-11-03,CUST01297,Beauty,Lip Balm,South,Bengaluru,Mobile App,2,442.81,0.25,885.62,664.22,371.32,Cash on Delivery,Delivered,292.9,0.441,2024-11,2024,Q4,1,0,0
ORD004798,2025-01-05,CUST00999,Electronics,Bluetooth Speaker,Central,Bhopal,Mobile App,5,1442.76,0.05,7213.82,6853.13,4244.38,Cash on Delivery,Delivered,2608.75,0.3807,2025-01,2025,Q1,1,0,0
ORD004799,2024-04-02,CUST00795,Home & Kitchen,Coffee Maker,South,Chennai,Website,2,6004.64,0.2,12009.28,9607.43,7215.73,UPI,Delivered,2391.7,0.2489,2024-04,2024,Q2,1,0,0
ORD004800,2024-03-29,CUST01514,Electronics,Smartwatch,East,Bhubaneswar,Mobile App,5,11880.46,0.25,59402.29,44551.72,27686.45,Credit Card,Delivered,16865.27,0.3786,2024-03,2024,Q1,1,0,0
ORD004801,2025-06-01,CUST00109,Sports,Dumbbells,South,Chennai,Website,3,3203.34,0.1,9610.02,8649.01,6506.96,Cash on Delivery,Delivered,2142.05,0.2477,2025-06,2025,Q2,1,0,0
ORD004802,2025-05-21,CUST00618,Home & Kitchen,Storage Box,South,Hyderabad,Mobile App,2,2158.34,0.0,4316.68,4316.68,2303.6,Credit Card,Delivered,2013.08,0.4663,2025-05,2025,Q2,1,0,0
ORD004803,2024-11-02,CUST00975,Fashion,Sunglasses,West,Ahmedabad,Marketplace,5,1363.71,0.15,6818.57,5795.79,3029.6,UPI,Delivered,2766.19,0.4773,2024-11,2024,Q4,1,0,0
ORD004804,2024-04-02,CUST00755,Fashion,Sunglasses,West,Pune,Marketplace,4,4619.58,0.25,18478.31,13858.73,11166.41,Debit Card,Delivered,2692.32,0.1943,2024-04,2024,Q2,1,0,0
ORD004805,2024-07-25,CUST01582,Beauty,Moisturizer,East,Kolkata,Website,2,2901.98,0.1,5803.97,5223.57,3592.23,Net Banking,Delivered,1631.34,0.3123,2024-07,2024,Q3,1,0,0
ORD004806,2024-10-03,CUST01159,Electronics,Power Bank,North,Chandigarh,Website,3,16029.4,0.1,48088.2,43279.38,34174.64,Cash on Delivery,Pending,9104.74,0.2104,2024-10,2024,Q4,0,0,0
ORD004807,2024-02-28,CUST01305,Home & Kitchen,Coffee Maker,West,Ahmedabad,Mobile App,5,7509.61,0.05,37548.06,35670.66,25397.79,Debit Card,Delivered,10272.87,0.288,2024-02,2024,Q1,1,0,0
ORD004808,2024-02-10,CUST00367,Fashion,Running Shoes,South,Chennai,Marketplace,4,2326.92,0.1,9307.67,8376.91,6933.52,Credit Card,Delivered,1443.39,0.1723,2024-02,2024,Q1,1,0,0
ORD004809,2024-06-30,CUST00866,Home & Kitchen,Air Fryer,West,Ahmedabad,Mobile App,2,9221.29,0.0,18442.58,18442.58,10565.86,Net Banking,Delivered,7876.72,0.4271,2024-06,2024,Q2,1,0,0
ORD004810,2024-05-18,CUST01044,Electronics,Power Bank,East,Patna,Marketplace,1,9084.89,0.05,9084.89,8630.65,5311.5,Cash on Delivery,Delivered,3319.15,0.3846,2024-05,2024,Q2,1,0,0
ORD004811,2024-12-19,CUST01156,Electronics,Bluetooth Speaker,West,Ahmedabad,Website,3,17931.44,0.15,53794.31,45725.16,31532.62,Credit Card,Delivered,14192.54,0.3104,2024-12,2024,Q4,1,0,0
ORD004812,2024-10-03,CUST01591,Home & Kitchen,Mixer Grinder,East,Patna,Marketplace,2,8476.63,0.0,16953.27,16953.27,10326.41,Cash on Delivery,Delivered,6626.86,0.3909,2024-10,2024,Q4,1,0,0
ORD004813,2024-08-25,CUST00281,Electronics,Smartwatch,West,Mumbai,Website,2,11718.93,0.1,23437.86,21094.08,12692.82,Debit Card,Delivered,8401.26,0.3983,2024-08,2024,Q3,1,0,0
ORD004814,2025-05-17,CUST01134,Electronics,Laptop Stand,East,Bhubaneswar,Marketplace,2,13204.7,0.05,26409.4,25088.93,20083.64,Credit Card,Returned,5005.29,0.1995,2025-05,2025,Q2,0,1,0
ORD004815,2024-04-11,CUST01364,Fashion,Backpack,South,Chennai,Marketplace,5,3068.18,0.15,15340.9,13039.77,9669.98,Net Banking,Cancelled,3369.79,0.2584,2024-04,2024,Q2,0,0,1
ORD004816,2024-09-18,CUST00548,Home & Kitchen,Water Bottle,East,Kolkata,Website,1,3756.7,0.05,3756.7,3568.86,2201.1,UPI,Delivered,1367.76,0.3832,2024-09,2024,Q3,1,0,0
ORD004817,2024-02-20,CUST01131,Beauty,Sunscreen,Central,Bhopal,Website,5,972.14,0.05,4860.7,4617.66,3739.84,UPI,Cancelled,877.82,0.1901,2024-02,2024,Q1,0,0,1
ORD004818,2024-09-24,CUST01391,Beauty,Face Serum,North,Jaipur,Website,2,294.12,0.1,588.23,529.41,400.25,UPI,Delivered,129.16,0.244,2024-09,2024,Q3,1,0,0
ORD004819,2024-01-09,CUST00468,Home & Kitchen,Coffee Maker,Central,Bhopal,Website,5,573.95,0.25,2869.76,2152.32,1446.0,Cash on Delivery,Delivered,706.32,0.3282,2024-01,2024,Q1,1,0,0
ORD004820,2024-08-31,CUST00202,Beauty,Shampoo,Central,Nagpur,Mobile App,5,1677.52,0.2,8387.61,6710.09,5495.98,Cash on Delivery,Delivered,1214.11,0.1809,2024-08,2024,Q3,1,0,0
ORD004821,2024-02-21,CUST01086,Fashion,Backpack,East,Bhubaneswar,Mobile App,4,465.24,0.2,1860.96,1488.77,1033.25,Debit Card,Delivered,455.52,0.306,2024-02,2024,Q1,1,0,0
ORD004822,2024-03-24,CUST01047,Electronics,Bluetooth Speaker,North,Chandigarh,Website,1,21264.64,0.1,21264.64,19138.17,15282.3,Net Banking,Delivered,3855.87,0.2015,2024-03,2024,Q1,1,0,0
ORD004823,2025-01-04,CUST00261,Fashion,Running Shoes,Central,Bhopal,Website,5,1995.57,0.2,9977.84,7982.27,6473.58,Debit Card,Delivered,1508.69,0.189,2025-01,2025,Q1,1,0,0
ORD004824,2024-10-23,CUST00689,Fashion,T-Shirt,South,Hyderabad,Marketplace,4,4656.62,0.2,18626.48,14901.18,8155.57,UPI,Delivered,6745.61,0.4527,2024-10,2024,Q4,1,0,0
ORD004825,2025-04-29,CUST00404,Electronics,Wireless Headphones,South,Hyderabad,Mobile App,1,2746.96,0.05,2746.96,2609.62,1729.81,Net Banking,Delivered,879.81,0.3371,2025-04,2025,Q2,1,0,0
ORD004826,2025-06-12,CUST00328,Fashion,Backpack,Central,Bhopal,Website,2,4248.04,0.05,8496.08,8071.28,5272.21,UPI,Delivered,2799.07,0.3468,2025-06,2025,Q2,1,0,0
ORD004827,2024-04-06,CUST00677,Fashion,T-Shirt,West,Ahmedabad,Marketplace,3,1606.33,0.15,4819.0,4096.15,2374.35,Cash on Delivery,Delivered,1721.8,0.4203,2024-04,2024,Q2,1,0,0
ORD004828,2024-09-18,CUST00703,Electronics,Smartwatch,West,Ahmedabad,Mobile App,1,18438.11,0.05,18438.11,17516.21,10042.3,Cash on Delivery,Pending,7473.91,0.4267,2024-09,2024,Q3,0,0,0
ORD004829,2025-05-02,CUST00147,Electronics,Power Bank,South,Bengaluru,Website,2,17376.9,0.1,34753.8,31278.42,19613.87,Cash on Delivery,Delivered,11664.55,0.3729,2025-05,2025,Q2,1,0,0
ORD004830,2024-02-09,CUST00675,Sports,Resistance Bands,South,Hyderabad,Website,3,4454.89,0.05,13364.68,12696.44,8529.77,Net Banking,Returned,4166.67,0.3282,2024-02,2024,Q1,0,1,0
ORD004831,2025-04-02,CUST00918,Electronics,Bluetooth Speaker,East,Kolkata,Mobile App,3,1977.99,0.2,5933.98,4747.19,2634.7,Credit Card,Delivered,2112.49,0.445,2025-04,2025,Q2,1,0,0
ORD004832,2024-03-01,CUST00724,Home & Kitchen,Coffee Maker,North,Delhi,Marketplace,3,7161.63,0.05,21484.9,20410.66,15485.36,Credit Card,Delivered,4925.3,0.2413,2024-03,2024,Q1,1,0,0
ORD004833,2024-11-01,CUST01087,Home & Kitchen,Air Fryer,West,Ahmedabad,Mobile App,5,4096.8,0.05,20484.0,19459.8,12823.0,Cash on Delivery,Delivered,6636.8,0.3411,2024-11,2024,Q4,1,0,0
ORD004834,2025-03-07,CUST00097,Electronics,Wireless Headphones,South,Hyderabad,Website,3,17538.27,0.05,52614.82,49984.08,36722.02,Credit Card,Delivered,13262.06,0.2653,2025-03,2025,Q1,1,0,0
ORD004835,2024-10-22,CUST01252,Sports,Cricket Bat,East,Patna,Website,1,4191.81,0.05,4191.81,3982.22,3139.74,UPI,Delivered,842.48,0.2116,2024-10,2024,Q4,1,0,0
ORD004836,2024-01-27,CUST01429,Sports,Cricket Bat,North,Jaipur,Website,2,5749.73,0.0,11499.45,11499.45,6609.44,Debit Card,Returned,4890.01,0.4252,2024-01,2024,Q1,0,1,0
ORD004837,2024-03-12,CUST00696,Home & Kitchen,Storage Box,West,Pune,Website,2,9155.38,0.1,18310.77,16479.69,9273.72,Cash on Delivery,Delivered,7205.97,0.4373,2024-03,2024,Q1,1,0,0
ORD004838,2024-04-06,CUST00269,Home & Kitchen,Water Bottle,North,Delhi,Mobile App,5,9717.29,0.1,48586.46,43727.81,35082.89,UPI,Delivered,8644.92,0.1977,2024-04,2024,Q2,1,0,0
ORD004839,2024-10-10,CUST00641,Fashion,Sunglasses,Central,Nagpur,Website,2,3545.91,0.2,7091.82,5673.45,3750.67,Net Banking,Delivered,1922.78,0.3389,2024-10,2024,Q4,1,0,0
ORD004840,2024-07-05,CUST00358,Electronics,Laptop Stand,West,Ahmedabad,Marketplace,4,21538.31,0.0,86153.25,86153.25,52712.59,Cash on Delivery,Delivered,33440.66,0.3882,2024-07,2024,Q3,1,0,0
ORD004841,2024-07-18,CUST00651,Beauty,Lip Balm,Central,Bhopal,Mobile App,5,437.48,0.2,2187.41,1749.93,927.25,Cash on Delivery,Delivered,822.68,0.4701,2024-07,2024,Q3,1,0,0
ORD004842,2024-03-03,CUST00821,Home & Kitchen,Mixer Grinder,South,Chennai,Website,1,6724.52,0.0,6724.52,6724.52,3638.14,Net Banking,Pending,3086.38,0.459,2024-03,2024,Q1,0,0,0
ORD004843,2024-10-27,CUST00005,Sports,Yoga Mat,West,Ahmedabad,Mobile App,3,939.79,0.1,2819.36,2537.43,1918.54,Net Banking,Delivered,618.89,0.2439,2024-10,2024,Q4,1,0,0
ORD004844,2025-01-14,CUST00276,Electronics,Power Bank,North,Jaipur,Website,4,19509.71,0.05,78038.84,74136.89,53704.13,Cash on Delivery,Cancelled,20432.76,0.2756,2025-01,2025,Q1,0,0,1
ORD004845,2024-08-12,CUST00470,Sports,Resistance Bands,East,Kolkata,Marketplace,4,3606.14,0.15,14424.55,12260.86,7023.73,Credit Card,Delivered,5237.13,0.4271,2024-08,2024,Q3,1,0,0
ORD004846,2024-02-04,CUST00553,Fashion,T-Shirt,Central,Indore,Mobile App,3,4616.57,0.05,13849.7,13157.22,9022.07,Debit Card,Delivered,4135.15,0.3143,2024-02,2024,Q1,1,0,0
ORD004847,2024-10-06,CUST00471,Home & Kitchen,Air Fryer,Central,Nagpur,Mobile App,2,8449.55,0.05,16899.11,16054.15,11789.34,Net Banking,Delivered,4264.81,0.2657,2024-10,2024,Q4,1,0,0
ORD004848,2024-10-27,CUST00299,Electronics,Smartwatch,East,Patna,Website,3,5659.55,0.0,16978.65,16978.65,12189.51,Net Banking,Delivered,4789.14,0.2821,2024-10,2024,Q4,1,0,0
ORD004849,2025-06-29,CUST00708,Beauty,Sunscreen,West,Ahmedabad,Mobile App,5,1372.7,0.1,6863.49,6177.15,4500.87,Debit Card,Returned,1676.28,0.2714,2025-06,2025,Q2,0,1,0
ORD004850,2024-01-30,CUST01487,Electronics,Laptop Stand,North,Jaipur,Mobile App,1,20468.35,0.0,20468.35,20468.35,14280.51,Debit Card,Pending,6187.84,0.3023,2024-01,2024,Q1,0,0,0
ORD004851,2024-09-27,CUST01047,Home & Kitchen,Air Fryer,South,Hyderabad,Website,2,6196.4,0.2,12392.79,9914.23,7598.77,Net Banking,Delivered,2315.46,0.2335,2024-09,2024,Q3,1,0,0
ORD004852,2024-12-30,CUST00119,Electronics,Bluetooth Speaker,Central,Nagpur,Website,1,19681.6,0.05,19681.6,18697.52,12324.73,UPI,Delivered,6372.79,0.3408,2024-12,2024,Q4,1,0,0
ORD004853,2025-01-07,CUST01496,Electronics,Bluetooth Speaker,West,Mumbai,Website,5,16478.54,0.1,82392.7,74153.43,53591.95,Cash on Delivery,Delivered,20561.48,0.2773,2025-01,2025,Q1,1,0,0
ORD004854,2024-04-29,CUST00133,Electronics,Wireless Headphones,West,Pune,Mobile App,1,8731.93,0.15,8731.93,7422.14,4417.24,Credit Card,Cancelled,3004.9,0.4049,2024-04,2024,Q2,0,0,1
ORD004855,2024-10-24,CUST01150,Fashion,Running Shoes,Central,Nagpur,Website,4,4659.63,0.15,18638.5,15842.73,13090.73,Debit Card,Delivered,2752.0,0.1737,2024-10,2024,Q4,1,0,0
ORD004856,2025-05-26,CUST00527,Electronics,Bluetooth Speaker,West,Pune,Website,4,15187.81,0.1,60751.25,54676.13,28919.96,UPI,Delivered,25756.17,0.4711,2025-05,2025,Q2,1,0,0
ORD004857,2025-06-23,CUST00010,Electronics,Bluetooth Speaker,West,Mumbai,Website,5,7369.91,0.0,36849.56,36849.56,26341.64,Net Banking,Delivered,10507.92,0.2852,2025-06,2025,Q2,1,0,0
ORD004858,2024-01-17,CUST01551,Electronics,Laptop Stand,West,Ahmedabad,Mobile App,4,9632.73,0.1,38530.9,34677.81,19646.35,Debit Card,Delivered,15031.46,0.4335,2024-01,2024,Q1,1,0,0
ORD004859,2025-05-23,CUST00200,Beauty,Sunscreen,East,Bhubaneswar,Marketplace,1,2329.18,0.1,2329.18,2096.26,1609.12,Cash on Delivery,Delivered,487.14,0.2324,2025-05,2025,Q2,1,0,0
ORD004860,2024-01-04,CUST00071,Home & Kitchen,Water Bottle,East,Bhubaneswar,Marketplace,2,8369.16,0.1,16738.31,15064.48,10596.8,Credit Card,Delivered,4467.68,0.2966,2024-01,2024,Q1,1,0,0
ORD004861,2024-04-26,CUST00236,Electronics,Smartwatch,West,Pune,Mobile App,2,3013.02,0.0,6026.05,6026.05,3483.71,Debit Card,Delivered,2542.34,0.4219,2024-04,2024,Q2,1,0,0
ORD004862,2024-04-30,CUST00282,Electronics,Power Bank,Central,Bhopal,Mobile App,4,14269.32,0.05,57077.3,54223.43,37246.65,Debit Card,Delivered,16976.78,0.3131,2024-04,2024,Q2,1,0,0
ORD004863,2025-02-02,CUST01247,Fashion,T-Shirt,Central,Bhopal,Website,2,423.07,0.1,846.15,761.53,457.0,Cash on Delivery,Delivered,304.53,0.3999,2025-02,2025,Q1,1,0,0
ORD004864,2025-02-19,CUST00991,Sports,Resistance Bands,South,Bengaluru,Mobile App,1,3435.58,0.05,3435.58,3263.8,2307.21,Credit Card,Delivered,956.59,0.2931,2025-02,2025,Q1,1,0,0
ORD004865,2024-06-27,CUST01046,Fashion,Sunglasses,West,Mumbai,Mobile App,2,2907.95,0.1,5815.9,5234.31,3717.4,Cash on Delivery,Delivered,1516.91,0.2898,2024-06,2024,Q2,1,0,0
ORD004866,2024-12-19,CUST01271,Home & Kitchen,Storage Box,East,Kolkata,Website,2,4049.36,0.0,8098.72,8098.72,6119.55,UPI,Pending,1979.17,0.2444,2024-12,2024,Q4,0,0,0
ORD004867,2024-11-18,CUST00328,Sports,Resistance Bands,South,Hyderabad,Marketplace,3,4357.28,0.1,13071.85,11764.67,7411.03,Credit Card,Pending,4353.64,0.3701,2024-11,2024,Q4,0,0,0
ORD004868,2024-06-30,CUST00367,Fashion,T-Shirt,West,Mumbai,Mobile App,2,4000.18,0.0,8000.36,8000.36,5073.49,Cash on Delivery,Delivered,2926.87,0.3658,2024-06,2024,Q2,1,0,0
ORD004869,2025-04-28,CUST01101,Electronics,Wireless Headphones,East,Kolkata,Mobile App,1,11605.05,0.1,11605.05,10444.54,6572.73,Debit Card,Delivered,3871.81,0.3707,2025-04,2025,Q2,1,0,0
ORD004870,2024-12-20,CUST01171,Fashion,Running Shoes,West,Ahmedabad,Mobile App,4,3326.53,0.2,13306.13,10644.91,8253.09,Credit Card,Returned,2391.82,0.2247,2024-12,2024,Q4,0,1,0
ORD004871,2024-06-22,CUST00785,Beauty,Moisturizer,Central,Bhopal,Website,1,1288.31,0.05,1288.31,1223.89,755.7,UPI,Delivered,468.19,0.3825,2024-06,2024,Q2,1,0,0
ORD004872,2025-06-26,CUST00626,Sports,Dumbbells,North,Delhi,Mobile App,1,1045.95,0.15,1045.95,889.06,607.57,Net Banking,Delivered,281.49,0.3166,2025-06,2025,Q2,1,0,0
ORD004873,2025-05-20,CUST01297,Beauty,Moisturizer,West,Pune,Marketplace,4,2546.95,0.1,10187.8,9169.02,5397.07,UPI,Delivered,3771.95,0.4114,2025-05,2025,Q2,1,0,0
ORD004874,2024-06-11,CUST00710,Electronics,Laptop Stand,East,Patna,Marketplace,3,14538.07,0.0,43614.21,43614.21,25650.1,Net Banking,Delivered,17964.11,0.4119,2024-06,2024,Q2,1,0,0
ORD004875,2025-04-19,CUST00589,Electronics,Wireless Headphones,East,Bhubaneswar,Mobile App,3,11618.11,0.2,34854.34,27883.47,18741.27,Cash on Delivery,Delivered,9142.2,0.3279,2025-04,2025,Q2,1,0,0
ORD004876,2025-04-09,CUST00332,Fashion,Running Shoes,West,Pune,Marketplace,3,2223.93,0.1,6671.78,6004.6,4722.42,Net Banking,Delivered,1282.18,0.2135,2025-04,2025,Q2,1,0,0
ORD004877,2025-04-25,CUST00190,Sports,Cricket Bat,Central,Bhopal,Marketplace,3,6064.45,0.05,18193.36,17283.7,9625.48,Credit Card,Delivered,7658.22,0.4431,2025-04,2025,Q2,1,0,0
ORD004878,2024-10-16,CUST01399,Beauty,Face Serum,East,Bhubaneswar,Website,2,1007.5,0.05,2015.01,1914.26,1527.14,Debit Card,Delivered,387.12,0.2022,2024-10,2024,Q4,1,0,0
ORD004879,2024-08-12,CUST01539,Fashion,Running Shoes,Central,Indore,Marketplace,2,2428.67,0.2,4857.35,3885.88,3186.52,Debit Card,Pending,699.36,0.18,2024-08,2024,Q3,0,0,0
ORD004880,2024-11-18,CUST01142,Home & Kitchen,Coffee Maker,East,Patna,Mobile App,3,3296.52,0.1,9889.57,8900.62,6762.19,Debit Card,Delivered,2138.43,0.2403,2024-11,2024,Q4,1,0,0
ORD004881,2025-03-04,CUST00806,Home & Kitchen,Mixer Grinder,South,Hyderabad,Mobile App,1,9819.5,0.1,9819.5,8837.55,6135.27,Cash on Delivery,Pending,2702.28,0.3058,2025-03,2025,Q1,0,0,0
ORD004882,2025-01-13,CUST00762,Beauty,Face Serum,South,Chennai,Mobile App,3,1748.93,0.2,5246.78,4197.42,3468.15,Credit Card,Returned,729.27,0.1737,2025-01,2025,Q1,0,1,0
ORD004883,2024-10-09,CUST01402,Fashion,T-Shirt,South,Chennai,Mobile App,2,1795.44,0.05,3590.88,3411.34,2583.64,Cash on Delivery,Delivered,827.7,0.2426,2024-10,2024,Q4,1,0,0
ORD004884,2024-05-07,CUST01031,Sports,Yoga Mat,North,Delhi,Marketplace,1,6161.35,0.25,6161.35,4621.01,2527.09,Credit Card,Delivered,2093.92,0.4531,2024-05,2024,Q2,1,0,0
ORD004885,2025-01-02,CUST00256,Fashion,Sunglasses,North,Chandigarh,Website,2,4420.37,0.25,8840.75,6630.56,4230.34,Credit Card,Delivered,2400.22,0.362,2025-01,2025,Q1,1,0,0
ORD004886,2024-08-28,CUST00571,Electronics,Wireless Headphones,Central,Nagpur,Marketplace,5,14052.81,0.05,70264.03,66750.83,43652.21,Debit Card,Cancelled,23098.62,0.346,2024-08,2024,Q3,0,0,1
ORD004887,2025-05-25,CUST00928,Fashion,Sunglasses,North,Chandigarh,Mobile App,5,4803.68,0.25,24018.4,18013.8,13510.07,Debit Card,Cancelled,4503.73,0.25,2025-05,2025,Q2,0,0,1
ORD004888,2025-05-02,CUST01372,Fashion,Running Shoes,Central,Nagpur,Website,2,2481.48,0.05,4962.96,4714.81,3247.52,UPI,Delivered,1467.29,0.3112,2025-05,2025,Q2,1,0,0
ORD004889,2024-11-13,CUST01495,Beauty,Moisturizer,East,Patna,Marketplace,2,1635.2,0.1,3270.4,2943.36,1747.47,Cash on Delivery,Delivered,1195.89,0.4063,2024-11,2024,Q4,1,0,0
ORD004890,2024-08-01,CUST00054,Home & Kitchen,Coffee Maker,East,Kolkata,Marketplace,3,2645.57,0.05,7936.71,7539.88,4576.62,Debit Card,Delivered,2963.26,0.393,2024-08,2024,Q3,1,0,0
ORD004891,2025-02-27,CUST00989,Home & Kitchen,Storage Box,East,Kolkata,Website,3,2661.13,0.2,7983.39,6386.71,4096.94,Credit Card,Delivered,2289.77,0.3585,2025-02,2025,Q1,1,0,0
ORD004892,2024-02-13,CUST00240,Fashion,Backpack,North,Chandigarh,Website,3,1418.99,0.1,4256.97,3831.28,2387.64,UPI,Delivered,1443.64,0.3768,2024-02,2024,Q1,1,0,0
ORD004893,2025-01-30,CUST00732,Electronics,Power Bank,West,Mumbai,Mobile App,4,16227.3,0.1,64909.2,58418.28,36086.35,Cash on Delivery,Delivered,22331.93,0.3823,2025-01,2025,Q1,1,0,0
ORD004894,2025-05-01,CUST00084,Home & Kitchen,Air Fryer,Central,Indore,Website,3,8560.23,0.1,25680.68,23112.61,16212.57,UPI,Delivered,6900.04,0.2985,2025-05,2025,Q2,1,0,0
ORD004895,2024-09-03,CUST00559,Electronics,Wireless Headphones,South,Hyderabad,Mobile App,4,1791.83,0.25,7167.31,5375.49,3946.63,UPI,Delivered,1428.86,0.2658,2024-09,2024,Q3,1,0,0
ORD004896,2024-07-22,CUST01362,Fashion,Running Shoes,East,Patna,Website,4,5158.37,0.05,20633.48,19601.81,10413.6,Net Banking,Delivered,9188.21,0.4687,2024-07,2024,Q3,1,0,0
ORD004897,2024-06-11,CUST00762,Home & Kitchen,Mixer Grinder,South,Hyderabad,Website,5,5988.6,0.05,29942.98,28445.83,18085.86,Cash on Delivery,Delivered,10359.97,0.3642,2024-06,2024,Q2,1,0,0
ORD004898,2024-03-23,CUST00876,Home & Kitchen,Storage Box,Central,Bhopal,Mobile App,3,8787.36,0.2,26362.08,21089.66,15847.73,Cash on Delivery,Delivered,5241.93,0.2486,2024-03,2024,Q1,1,0,0
ORD004899,2024-01-04,CUST01364,Fashion,T-Shirt,East,Kolkata,Marketplace,3,5349.02,0.05,16047.05,15244.7,9065.33,Cash on Delivery,Delivered,6179.37,0.4053,2024-01,2024,Q1,1,0,0
ORD004900,2025-02-23,CUST00853,Sports,Yoga Mat,South,Bengaluru,Mobile App,5,5639.91,0.1,28199.57,25379.62,20753.84,Net Banking,Delivered,4625.78,0.1823,2025-02,2025,Q1,1,0,0
ORD004901,2025-01-17,CUST00912,Home & Kitchen,Mixer Grinder,East,Kolkata,Mobile App,4,2269.17,0.25,9076.69,6807.52,4080.91,Cash on Delivery,Delivered,2726.61,0.4005,2025-01,2025,Q1,1,0,0
ORD004902,2024-11-04,CUST01539,Electronics,Laptop Stand,North,Delhi,Website,1,3405.23,0.05,3405.23,3234.97,2572.11,Net Banking,Cancelled,662.86,0.2049,2024-11,2024,Q4,0,0,1
ORD004903,2024-07-19,CUST01217,Home & Kitchen,Water Bottle,West,Mumbai,Mobile App,4,1252.81,0.0,5011.26,5011.26,4085.95,Net Banking,Cancelled,925.31,0.1846,2024-07,2024,Q3,0,0,1
ORD004904,2025-04-12,CUST01503,Beauty,Moisturizer,West,Pune,Mobile App,4,2984.35,0.0,11937.41,11937.41,9225.81,Net Banking,Pending,2711.6,0.2272,2025-04,2025,Q2,0,0,0
ORD004905,2024-02-28,CUST01064,Fashion,Sunglasses,East,Kolkata,Mobile App,5,5059.27,0.05,25296.36,24031.55,16757.95,UPI,Delivered,7273.6,0.3027,2024-02,2024,Q1,1,0,0
ORD004906,2024-01-09,CUST00354,Sports,Resistance Bands,West,Mumbai,Marketplace,2,1553.43,0.1,3106.85,2796.17,2181.38,Net Banking,Delivered,614.79,0.2199,2024-01,2024,Q1,1,0,0
ORD004907,2025-02-13,CUST01108,Electronics,Power Bank,East,Patna,Mobile App,2,16958.67,0.1,33917.34,30525.61,23433.96,Debit Card,Delivered,7091.65,0.2323,2025-02,2025,Q1,1,0,0
ORD004908,2025-05-02,CUST01328,Home & Kitchen,Mixer Grinder,West,Ahmedabad,Website,1,9359.06,0.0,9359.06,9359.06,7773.65,Net Banking,Delivered,1585.41,0.1694,2025-05,2025,Q2,1,0,0
ORD004909,2025-06-13,CUST01486,Electronics,Power Bank,West,Mumbai,Marketplace,1,13444.25,0.2,13444.25,10755.4,7081.87,Credit Card,Delivered,3673.53,0.3416,2025-06,2025,Q2,1,0,0
ORD004910,2025-02-04,CUST01561,Sports,Football,Central,Indore,Mobile App,1,5274.75,0.0,5274.75,5274.75,3275.38,UPI,Delivered,1999.37,0.379,2025-02,2025,Q1,1,0,0
ORD004911,2024-11-23,CUST00039,Beauty,Face Serum,South,Chennai,Mobile App,4,446.13,0.1,1784.52,1606.07,864.89,Credit Card,Delivered,741.18,0.4615,2024-11,2024,Q4,1,0,0
ORD004912,2025-05-13,CUST00517,Home & Kitchen,Mixer Grinder,South,Bengaluru,Mobile App,2,1997.91,0.0,3995.83,3995.83,2282.64,Net Banking,Delivered,1713.19,0.4287,2025-05,2025,Q2,1,0,0
ORD004913,2024-11-28,CUST00594,Sports,Dumbbells,South,Chennai,Mobile App,1,3855.9,0.05,3855.9,3663.11,2961.59,Cash on Delivery,Delivered,701.52,0.1915,2024-11,2024,Q4,1,0,0
ORD004914,2024-12-23,CUST00873,Home & Kitchen,Water Bottle,Central,Nagpur,Mobile App,2,2664.72,0.0,5329.44,5329.44,3232.89,Debit Card,Cancelled,2096.55,0.3934,2024-12,2024,Q4,0,0,1
ORD004915,2025-05-25,CUST01081,Sports,Cricket Bat,South,Hyderabad,Website,2,3877.27,0.25,7754.54,5815.91,3183.66,Net Banking,Delivered,2632.25,0.4526,2025-05,2025,Q2,1,0,0
ORD004916,2024-01-10,CUST01352,Home & Kitchen,Air Fryer,East,Patna,Mobile App,1,4063.86,0.2,4063.86,3251.09,2649.93,Debit Card,Delivered,601.16,0.1849,2024-01,2024,Q1,1,0,0
ORD004917,2024-05-15,CUST01001,Home & Kitchen,Water Bottle,East,Bhubaneswar,Mobile App,4,1901.48,0.2,7605.93,6084.74,4769.86,UPI,Delivered,1314.88,0.2161,2024-05,2024,Q2,1,0,0
ORD004918,2024-02-20,CUST00388,Electronics,Bluetooth Speaker,South,Bengaluru,Website,4,7186.97,0.2,28747.87,22998.3,16038.56,Cash on Delivery,Pending,6959.74,0.3026,2024-02,2024,Q1,0,0,0
ORD004919,2024-09-17,CUST01003,Electronics,Power Bank,West,Mumbai,Mobile App,1,6146.99,0.15,6146.99,5224.94,4276.91,Credit Card,Cancelled,948.03,0.1814,2024-09,2024,Q3,0,0,1
ORD004920,2024-09-14,CUST00091,Electronics,Power Bank,Central,Indore,Mobile App,1,19257.97,0.0,19257.97,19257.97,15866.81,Credit Card,Returned,3391.16,0.1761,2024-09,2024,Q3,0,1,0
ORD004921,2024-07-16,CUST00668,Electronics,Wireless Headphones,South,Hyderabad,Mobile App,1,12302.16,0.0,12302.16,12302.16,8168.62,Net Banking,Delivered,4133.54,0.336,2024-07,2024,Q3,1,0,0
ORD004922,2025-04-04,CUST00763,Beauty,Shampoo,North,Chandigarh,Mobile App,1,1415.9,0.15,1415.9,1203.52,992.3,Net Banking,Delivered,211.22,0.1755,2025-04,2025,Q2,1,0,0
ORD004923,2025-04-24,CUST01227,Fashion,Denim Jacket,North,Jaipur,Mobile App,1,4789.89,0.15,4789.89,4071.4,2668.75,Credit Card,Delivered,1402.65,0.3445,2025-04,2025,Q2,1,0,0
ORD004924,2025-03-28,CUST01070,Home & Kitchen,Air Fryer,East,Bhubaneswar,Marketplace,4,9892.61,0.05,39570.43,37591.91,30554.13,UPI,Returned,7037.78,0.1872,2025-03,2025,Q1,0,1,0
ORD004925,2025-04-19,CUST01244,Sports,Yoga Mat,Central,Bhopal,Marketplace,5,937.89,0.05,4689.45,4454.98,2609.89,Cash on Delivery,Pending,1845.09,0.4142,2025-04,2025,Q2,0,0,0
ORD004926,2024-03-27,CUST00082,Fashion,T-Shirt,North,Jaipur,Mobile App,3,5483.23,0.2,16449.69,13159.75,7631.93,Credit Card,Pending,5527.82,0.4201,2024-03,2024,Q1,0,0,0
ORD004927,2024-10-21,CUST00360,Home & Kitchen,Air Fryer,West,Mumbai,Mobile App,3,8356.79,0.05,25070.37,23816.85,17689.72,Debit Card,Delivered,6127.13,0.2573,2024-10,2024,Q4,1,0,0
ORD004928,2025-04-12,CUST00165,Home & Kitchen,Storage Box,South,Chennai,Marketplace,5,2225.36,0.1,11126.8,10014.12,7553.34,UPI,Delivered,2460.78,0.2457,2025-04,2025,Q2,1,0,0
ORD004929,2024-06-17,CUST01576,Fashion,Denim Jacket,Central,Indore,Mobile App,1,4602.81,0.0,4602.81,4602.81,2765.47,Cash on Delivery,Delivered,1837.34,0.3992,2024-06,2024,Q2,1,0,0
ORD004930,2024-03-09,CUST00384,Beauty,Moisturizer,North,Delhi,Marketplace,5,1136.1,0.2,5680.52,4544.42,3316.01,Credit Card,Delivered,1228.41,0.2703,2024-03,2024,Q1,1,0,0
ORD004931,2024-07-03,CUST00352,Beauty,Lip Balm,North,Jaipur,Website,4,2818.86,0.15,11275.43,9584.12,7070.24,Debit Card,Delivered,2513.88,0.2623,2024-07,2024,Q3,1,0,0
ORD004932,2025-03-10,CUST01150,Sports,Yoga Mat,South,Chennai,Website,4,4286.35,0.1,17145.38,15430.84,9025.61,Cash on Delivery,Delivered,6405.23,0.4151,2025-03,2025,Q1,1,0,0
ORD004933,2024-06-08,CUST00469,Fashion,Backpack,West,Pune,Mobile App,2,2248.73,0.0,4497.46,4497.46,2837.28,Cash on Delivery,Delivered,1660.18,0.3691,2024-06,2024,Q2,1,0,0
ORD004934,2024-04-25,CUST00723,Home & Kitchen,Mixer Grinder,West,Ahmedabad,Marketplace,3,9580.14,0.05,28740.42,27303.4,18454.97,Net Banking,Cancelled,8848.43,0.3241,2024-04,2024,Q2,0,0,1
ORD004935,2025-04-12,CUST00320,Electronics,Bluetooth Speaker,West,Mumbai,Mobile App,1,17788.5,0.15,17788.5,15120.23,8892.73,Credit Card,Delivered,6227.5,0.4119,2025-04,2025,Q2,1,0,0
ORD004936,2024-01-13,CUST00073,Beauty,Shampoo,North,Jaipur,Mobile App,5,739.01,0.05,3695.05,3510.3,2890.42,UPI,Delivered,619.88,0.1766,2024-01,2024,Q1,1,0,0
ORD004937,2024-01-30,CUST01215,Fashion,Denim Jacket,Central,Indore,Mobile App,4,425.45,0.05,1701.8,1616.71,1263.92,Credit Card,Delivered,352.79,0.2182,2024-01,2024,Q1,1,0,0
ORD004938,2024-02-26,CUST00225,Home & Kitchen,Air Fryer,East,Patna,Mobile App,4,3045.94,0.05,12183.78,11574.59,9039.44,Net Banking,Pending,2535.15,0.219,2024-02,2024,Q1,0,0,0
ORD004939,2024-07-13,CUST00966,Beauty,Shampoo,South,Bengaluru,Website,4,2980.7,0.1,11922.79,10730.51,6798.71,UPI,Delivered,3931.8,0.3664,2024-07,2024,Q3,1,0,0
ORD004940,2025-04-21,CUST00553,Electronics,Power Bank,West,Pune,Website,3,15227.9,0.15,45683.69,38831.14,27432.92,Cash on Delivery,Delivered,11398.22,0.2935,2025-04,2025,Q2,1,0,0
ORD004941,2024-08-27,CUST01211,Beauty,Face Serum,West,Ahmedabad,Website,2,1344.62,0.2,2689.24,2151.39,1556.63,Cash on Delivery,Delivered,594.76,0.2765,2024-08,2024,Q3,1,0,0
ORD004942,2024-01-17,CUST00057,Beauty,Face Serum,West,Mumbai,Website,5,2414.7,0.1,12073.52,10866.17,8479.47,Credit Card,Delivered,2386.7,0.2196,2024-01,2024,Q1,1,0,0
ORD004943,2024-12-26,CUST00334,Beauty,Face Serum,Central,Nagpur,Website,2,929.89,0.05,1859.78,1766.79,1199.62,UPI,Delivered,567.17,0.321,2024-12,2024,Q4,1,0,0
ORD004944,2024-05-06,CUST01599,Fashion,Denim Jacket,South,Chennai,Mobile App,4,1236.25,0.1,4944.99,4450.49,3473.13,Debit Card,Delivered,977.36,0.2196,2024-05,2024,Q2,1,0,0
ORD004945,2025-05-31,CUST00537,Sports,Cricket Bat,West,Pune,Marketplace,1,841.74,0.15,841.74,715.48,575.24,Credit Card,Delivered,140.24,0.196,2025-05,2025,Q2,1,0,0
ORD004946,2025-01-26,CUST00170,Fashion,Backpack,East,Patna,Website,3,1562.72,0.2,4688.15,3750.52,3050.77,Cash on Delivery,Delivered,699.75,0.1866,2025-01,2025,Q1,1,0,0
ORD004947,2025-02-13,CUST01298,Electronics,Bluetooth Speaker,East,Patna,Mobile App,3,12875.05,0.1,38625.14,34762.63,24793.27,Debit Card,Delivered,9969.36,0.2868,2025-02,2025,Q1,1,0,0
ORD004948,2024-04-21,CUST00404,Fashion,Backpack,Central,Nagpur,Mobile App,1,2326.6,0.0,2326.6,2326.6,1613.66,Debit Card,Delivered,712.94,0.3064,2024-04,2024,Q2,1,0,0
ORD004949,2024-10-14,CUST00878,Home & Kitchen,Air Fryer,West,Ahmedabad,Marketplace,2,6547.83,0.05,13095.65,12440.87,8336.85,Net Banking,Delivered,4104.02,0.3299,2024-10,2024,Q4,1,0,0
ORD004950,2025-04-15,CUST01353,Electronics,Smartwatch,South,Hyderabad,Marketplace,1,17916.45,0.05,17916.45,17020.62,9872.22,Debit Card,Delivered,7148.4,0.42,2025-04,2025,Q2,1,0,0
ORD004951,2024-11-28,CUST00857,Home & Kitchen,Water Bottle,South,Chennai,Marketplace,5,3097.53,0.0,15487.63,15487.63,12837.0,UPI,Delivered,2650.63,0.1711,2024-11,2024,Q4,1,0,0
ORD004952,2025-04-25,CUST00649,Home & Kitchen,Coffee Maker,Central,Indore,Website,1,8116.46,0.15,8116.46,6898.99,4632.73,Cash on Delivery,Returned,2266.26,0.3285,2025-04,2025,Q2,0,1,0
ORD004953,2025-01-14,CUST01463,Electronics,Smartwatch,East,Kolkata,Mobile App,5,7071.52,0.2,35357.58,28286.06,15662.97,Cash on Delivery,Delivered,12623.09,0.4463,2025-01,2025,Q1,1,0,0
ORD004954,2024-04-07,CUST01342,Fashion,T-Shirt,West,Pune,Mobile App,1,828.23,0.2,828.23,662.58,398.45,Cash on Delivery,Cancelled,264.13,0.3986,2024-04,2024,Q2,0,0,1
ORD004955,2024-01-11,CUST01224,Home & Kitchen,Coffee Maker,North,Chandigarh,Website,2,2769.88,0.15,5539.76,4708.8,3254.22,Debit Card,Delivered,1454.58,0.3089,2024-01,2024,Q1,1,0,0
ORD004956,2025-05-14,CUST00634,Sports,Cricket Bat,East,Kolkata,Website,1,1459.65,0.05,1459.65,1386.66,796.66,Net Banking,Delivered,590.0,0.4255,2025-05,2025,Q2,1,0,0
ORD004957,2025-02-23,CUST01440,Fashion,Denim Jacket,East,Bhubaneswar,Mobile App,1,531.49,0.25,531.49,398.62,293.72,Cash on Delivery,Delivered,104.9,0.2632,2025-02,2025,Q1,1,0,0
ORD004958,2025-04-10,CUST01541,Home & Kitchen,Mixer Grinder,West,Mumbai,Mobile App,4,7569.16,0.0,30276.63,30276.63,21074.5,Cash on Delivery,Delivered,9202.13,0.3039,2025-04,2025,Q2,1,0,0
ORD004959,2025-02-05,CUST00453,Fashion,Denim Jacket,North,Chandigarh,Website,2,4131.07,0.0,8262.14,8262.14,6677.82,Cash on Delivery,Pending,1584.32,0.1918,2025-02,2025,Q1,0,0,0
ORD004960,2024-11-30,CUST00876,Electronics,Power Bank,North,Delhi,Website,1,6911.86,0.25,6911.86,5183.9,4092.19,Cash on Delivery,Delivered,1091.71,0.2106,2024-11,2024,Q4,1,0,0
ORD004961,2025-01-05,CUST01197,Home & Kitchen,Coffee Maker,West,Mumbai,Mobile App,3,7109.09,0.1,21327.26,19194.54,11590.9,UPI,Delivered,7603.64,0.3961,2025-01,2025,Q1,1,0,0
ORD004962,2024-05-26,CUST01566,Beauty,Lip Balm,North,Jaipur,Website,4,1219.14,0.05,4876.55,4632.72,3365.29,Cash on Delivery,Delivered,1267.43,0.2736,2024-05,2024,Q2,1,0,0
ORD004963,2024-01-19,CUST01382,Sports,Yoga Mat,South,Bengaluru,Mobile App,4,6881.11,0.1,27524.43,24771.99,17945.1,Net Banking,Delivered,6826.89,0.2756,2024-01,2024,Q1,1,0,0
ORD004964,2025-02-02,CUST00664,Sports,Dumbbells,South,Hyderabad,Mobile App,2,5993.93,0.2,11987.86,9590.28,6621.35,Cash on Delivery,Delivered,2968.93,0.3096,2025-02,2025,Q1,1,0,0
ORD004965,2025-02-02,CUST01241,Electronics,Wireless Headphones,West,Mumbai,Website,1,2879.99,0.05,2879.99,2735.99,1551.08,Cash on Delivery,Delivered,1184.91,0.4331,2025-02,2025,Q1,1,0,0
ORD004966,2024-02-04,CUST01380,Fashion,T-Shirt,South,Hyderabad,Mobile App,2,5060.07,0.1,10120.14,9108.13,5779.34,Debit Card,Delivered,3328.79,0.3655,2024-02,2024,Q1,1,0,0
ORD004967,2024-01-15,CUST00282,Home & Kitchen,Mixer Grinder,South,Bengaluru,Marketplace,3,5865.3,0.15,17595.91,14956.52,10618.26,Debit Card,Delivered,4338.26,0.2901,2024-01,2024,Q1,1,0,0
ORD004968,2025-02-03,CUST00012,Beauty,Shampoo,Central,Bhopal,Website,2,260.86,0.2,521.72,417.38,313.1,Debit Card,Pending,104.28,0.2498,2025-02,2025,Q1,0,0,0
ORD004969,2025-04-08,CUST01226,Electronics,Power Bank,North,Jaipur,Website,4,15708.64,0.1,62834.57,56551.11,40724.8,Cash on Delivery,Returned,15826.31,0.2799,2025-04,2025,Q2,0,1,0
ORD004970,2024-07-22,CUST01562,Sports,Yoga Mat,North,Chandigarh,Mobile App,3,1722.05,0.1,5166.16,4649.55,3519.89,UPI,Cancelled,1129.66,0.243,2024-07,2024,Q3,0,0,1
ORD004971,2024-04-11,CUST00779,Home & Kitchen,Mixer Grinder,Central,Indore,Mobile App,2,3143.23,0.1,6286.46,5657.81,3775.46,Net Banking,Delivered,1882.35,0.3327,2024-04,2024,Q2,1,0,0
ORD004972,2024-04-21,CUST01337,Beauty,Face Serum,East,Patna,Website,1,918.68,0.05,918.68,872.75,600.84,Credit Card,Delivered,271.91,0.3116,2024-04,2024,Q2,1,0,0
ORD004973,2025-06-10,CUST00608,Fashion,Backpack,North,Jaipur,Website,4,4482.28,0.2,17929.12,14343.3,10499.94,Net Banking,Cancelled,3843.36,0.268,2025-06,2025,Q2,0,0,1
ORD004974,2024-09-30,CUST01169,Home & Kitchen,Storage Box,North,Delhi,Website,3,6612.96,0.2,19838.88,15871.11,8435.59,Debit Card,Returned,7435.52,0.4685,2024-09,2024,Q3,0,1,0
ORD004975,2024-09-24,CUST00571,Electronics,Wireless Headphones,West,Mumbai,Mobile App,2,10359.35,0.15,20718.7,17610.89,11863.47,Credit Card,Delivered,5747.42,0.3264,2024-09,2024,Q3,1,0,0
ORD004976,2025-04-09,CUST01523,Fashion,Running Shoes,South,Bengaluru,Mobile App,4,2343.05,0.0,9372.21,9372.21,6324.57,Cash on Delivery,Delivered,3047.64,0.3252,2025-04,2025,Q2,1,0,0
ORD004977,2025-02-26,CUST00823,Fashion,T-Shirt,South,Chennai,Website,2,5010.09,0.05,10020.17,9519.17,5964.95,UPI,Delivered,3554.22,0.3734,2025-02,2025,Q1,1,0,0
ORD004978,2025-01-27,CUST01326,Electronics,Laptop Stand,Central,Bhopal,Website,5,4498.07,0.1,22490.37,20241.34,12959.79,Debit Card,Delivered,7281.55,0.3597,2025-01,2025,Q1,1,0,0
ORD004979,2024-10-09,CUST00461,Home & Kitchen,Coffee Maker,South,Hyderabad,Website,4,8725.26,0.0,34901.06,34901.06,26491.46,Cash on Delivery,Delivered,8409.6,0.241,2024-10,2024,Q4,1,0,0
ORD004980,2025-04-15,CUST00373,Fashion,Running Shoes,South,Bengaluru,Marketplace,3,4844.89,0.05,14534.68,13807.94,10284.61,Credit Card,Pending,3523.33,0.2552,2025-04,2025,Q2,0,0,0
ORD004981,2024-01-31,CUST00099,Electronics,Power Bank,North,Chandigarh,Website,3,21718.35,0.05,65155.04,61897.29,50245.93,Debit Card,Pending,11651.36,0.1882,2024-01,2024,Q1,0,0,0
ORD004982,2025-04-17,CUST00772,Electronics,Laptop Stand,West,Pune,Marketplace,3,10446.84,0.0,31340.52,31340.52,17309.85,Net Banking,Delivered,14030.67,0.4477,2025-04,2025,Q2,1,0,0
ORD004983,2025-05-20,CUST00204,Home & Kitchen,Air Fryer,Central,Nagpur,Mobile App,1,846.3,0.0,846.3,846.3,700.6,Credit Card,Delivered,145.7,0.1722,2025-05,2025,Q2,1,0,0
ORD004984,2024-10-20,CUST00256,Beauty,Face Serum,North,Delhi,Website,1,1673.21,0.2,1673.21,1338.57,931.83,Cash on Delivery,Delivered,406.74,0.3039,2024-10,2024,Q4,1,0,0
ORD004985,2024-11-06,CUST01189,Electronics,Power Bank,East,Kolkata,Marketplace,1,13358.72,0.15,13358.72,11354.91,9096.7,Debit Card,Pending,2258.21,0.1989,2024-11,2024,Q4,0,0,0
ORD004986,2025-05-14,CUST00117,Fashion,Denim Jacket,North,Jaipur,Website,2,496.48,0.0,992.96,992.96,769.15,Credit Card,Delivered,223.81,0.2254,2025-05,2025,Q2,1,0,0
ORD004987,2025-03-01,CUST00013,Fashion,Denim Jacket,Central,Nagpur,Marketplace,5,5437.21,0.2,27186.06,21748.84,13930.78,UPI,Delivered,7818.06,0.3595,2025-03,2025,Q1,1,0,0
ORD004988,2024-10-18,CUST00553,Fashion,Sunglasses,Central,Indore,Marketplace,5,3891.14,0.05,19455.69,18482.9,10752.22,Cash on Delivery,Returned,7730.68,0.4183,2024-10,2024,Q4,0,1,0
ORD004989,2024-06-06,CUST01493,Electronics,Bluetooth Speaker,West,Mumbai,Mobile App,4,8488.22,0.2,33952.88,27162.31,20505.81,Credit Card,Returned,6656.5,0.2451,2024-06,2024,Q2,0,1,0
ORD004990,2024-04-09,CUST00465,Home & Kitchen,Mixer Grinder,East,Patna,Mobile App,1,1810.76,0.05,1810.76,1720.22,1197.56,UPI,Delivered,522.66,0.3038,2024-04,2024,Q2,1,0,0
ORD004991,2024-08-08,CUST00756,Fashion,Backpack,South,Hyderabad,Mobile App,2,5493.33,0.1,10986.65,9887.99,5316.66,Net Banking,Delivered,4571.33,0.4623,2024-08,2024,Q3,1,0,0
ORD004992,2024-05-17,CUST00893,Electronics,Bluetooth Speaker,East,Bhubaneswar,Website,3,3084.36,0.05,9253.07,8790.42,6976.66,Debit Card,Delivered,1813.76,0.2063,2024-05,2024,Q2,1,0,0
ORD004993,2024-04-19,CUST01067,Electronics,Laptop Stand,South,Hyderabad,Website,2,9475.81,0.05,18951.62,18004.04,11190.68,UPI,Delivered,6813.36,0.3784,2024-04,2024,Q2,1,0,0
ORD004994,2025-03-25,CUST00469,Home & Kitchen,Water Bottle,South,Chennai,Website,2,2368.47,0.25,4736.94,3552.71,2955.87,Credit Card,Delivered,596.84,0.168,2025-03,2025,Q1,1,0,0
ORD004995,2024-02-23,CUST00268,Fashion,Denim Jacket,West,Mumbai,Mobile App,2,3387.65,0.05,6775.29,6436.53,4555.84,Credit Card,Delivered,1880.69,0.2922,2024-02,2024,Q1,1,0,0
ORD004996,2025-05-09,CUST00162,Home & Kitchen,Coffee Maker,Central,Indore,Website,3,7778.53,0.0,23335.58,23335.58,16652.69,Cash on Delivery,Delivered,6682.89,0.2864,2025-05,2025,Q2,1,0,0
ORD004997,2024-10-06,CUST00801,Beauty,Face Serum,Central,Indore,Mobile App,3,2022.36,0.2,6067.07,4853.66,3802.35,Credit Card,Delivered,1051.31,0.2166,2024-10,2024,Q4,1,0,0
ORD004998,2024-11-21,CUST00077,Beauty,Face Serum,Central,Nagpur,Mobile App,4,1182.04,0.1,4728.18,4255.36,3376.57,Credit Card,Delivered,878.79,0.2065,2024-11,2024,Q4,1,0,0
ORD004999,2025-05-29,CUST00102,Sports,Dumbbells,West,Ahmedabad,Mobile App,3,4612.73,0.05,13838.18,13146.27,8925.6,Credit Card,Delivered,4220.67,0.3211,2025-05,2025,Q2,1,0,0
ORD005000,2024-10-19,CUST00945,Beauty,Face Serum,West,Pune,Website,1,1727.41,0.2,1727.41,1381.93,766.26,Net Banking,Delivered,615.67,0.4455,2024-10,2024,Q4,1,0,0
