customer_id,total_revenue,total_profit,total_orders,total_quantity,first_order,last_order,lifetime_days,lifetime_months,avg_order_value,purchase_frequency,profit_margin,estimated_clv
CUST01451,115504.17,34888.61,2,8,2024-07-03,2024-07-05,2,0.07,57752.09,28.57,30.21,498408.71
CUST00456,81665.92,17997.27,2,5,2024-04-21,2024-04-23,2,0.07,40832.96,28.57,22.04,257103.86
CUST01444,96177.4,36127.95,2,9,2024-01-17,2024-01-23,6,0.2,48088.7,10.0,37.56,180639.75
CUST00837,67349.74,24801.17,2,8,2024-12-06,2024-12-11,5,0.16,33674.87,12.5,36.82,155007.31
CUST00046,57807.66,21027.48,2,6,2025-05-15,2025-05-20,5,0.16,28903.83,12.5,36.37,131421.75
CUST00684,102647.9,37765.12,2,7,2024-12-09,2024-12-18,9,0.3,51323.95,6.67,36.79,125883.73
CUST01326,26432.99,9216.63,2,10,2025-01-27,2025-01-30,3,0.1,13216.5,20.0,34.87,92166.3
CUST00089,19599.32,5723.28,2,10,2025-04-02,2025-04-05,3,0.1,9799.66,20.0,29.2,57232.8
CUST00392,102541.85,47498.57,1,5,2024-03-26,2024-03-26,0,0.0,102541.85,1.0,46.32,47498.57
CUST00648,85587.76,31230.34,2,10,2024-03-23,2024-04-13,21,0.69,42793.88,2.9,36.49,45261.36
CUST00629,52532.63,13435.86,2,10,2025-01-10,2025-01-19,9,0.3,26266.32,6.67,25.58,44786.2
CUST01228,26917.6,10629.12,2,8,2024-09-09,2024-09-18,9,0.3,13458.8,6.67,39.49,35430.4
CUST01014,20816.56,7885.99,2,4,2025-04-30,2025-05-07,7,0.23,10408.28,8.7,37.88,34286.91
CUST01509,68178.78,28362.1,3,5,2024-11-17,2024-12-13,26,0.85,22726.26,3.53,41.6,33367.18
CUST00535,42744.78,17302.64,2,4,2024-04-04,2024-04-21,17,0.56,21372.39,3.57,40.48,30897.57
CUST01506,55608.74,21648.98,2,5,2024-09-26,2024-10-18,22,0.72,27804.37,2.78,38.93,30068.03
CUST00738,61949.86,28735.52,1,3,2024-12-12,2024-12-12,0,0.0,61949.86,1.0,46.39,28735.52
CUST00897,57291.82,27188.52,1,3,2024-01-31,2024-01-31,0,0.0,57291.82,1.0,47.46,27188.52
CUST00447,60715.29,12488.53,2,6,2024-03-14,2024-03-28,14,0.46,30357.64,4.35,20.57,27148.98
CUST00379,15649.29,4241.31,2,4,2025-04-09,2025-04-14,5,0.16,7824.64,12.5,27.1,26508.19
CUST00566,34955.47,8641.08,2,2,2025-05-10,2025-05-20,10,0.33,17477.74,6.06,24.72,26185.09
CUST01592,77660.04,25925.89,1,5,2025-05-22,2025-05-22,0,0.0,77660.04,1.0,33.38,25925.89
CUST00325,55188.15,25224.24,1,4,2024-10-25,2024-10-25,0,0.0,55188.15,1.0,45.71,25224.24
CUST01589,79618.15,24357.79,1,5,2024-11-09,2024-11-09,0,0.0,79618.15,1.0,30.59,24357.79
CUST01546,63461.86,19880.99,2,5,2025-05-13,2025-06-07,25,0.82,31730.93,2.44,31.33,24245.11
CUST00593,56456.89,23895.21,1,4,2024-02-13,2024-02-13,0,0.0,56456.89,1.0,42.32,23895.21
CUST01434,60917.91,21093.74,2,8,2024-07-06,2024-08-03,28,0.92,30458.96,2.17,34.63,22927.98
CUST00681,89929.89,35674.48,2,8,2024-11-10,2024-12-28,48,1.58,44964.94,1.27,39.67,22578.78
CUST00529,79932.1,30730.95,2,8,2024-04-29,2024-06-10,42,1.38,39966.05,1.45,38.45,22268.8
CUST01167,52487.99,22058.28,1,4,2025-06-01,2025-06-01,0,0.0,52487.99,1.0,42.03,22058.28
CUST00248,45854.57,21357.84,1,3,2025-06-29,2025-06-29,0,0.0,45854.57,1.0,46.58,21357.84
CUST00826,66532.34,20700.23,1,5,2024-03-17,2024-03-17,0,0.0,66532.34,1.0,31.11,20700.23
CUST00769,48080.01,20463.16,1,5,2024-11-27,2024-11-27,0,0.0,48080.01,1.0,42.56,20463.16
CUST01519,58532.09,19540.47,1,5,2024-01-14,2024-01-14,0,0.0,58532.09,1.0,33.38,19540.47
CUST01123,82807.69,18748.06,1,5,2024-06-30,2024-06-30,0,0.0,82807.69,1.0,22.64,18748.06
CUST00251,20553.35,8026.64,2,4,2024-01-22,2024-02-04,13,0.43,10276.67,4.65,39.05,18666.6
CUST00685,39151.31,18321.45,1,2,2024-08-10,2024-08-10,0,0.0,39151.31,1.0,46.8,18321.45
CUST00913,39846.1,18153.94,1,2,2024-08-06,2024-08-06,0,0.0,39846.1,1.0,45.56,18153.94
CUST00065,69744.18,24863.72,2,5,2024-05-14,2024-06-25,42,1.38,34872.09,1.45,35.65,18017.19
CUST00598,91250.07,26532.24,2,9,2024-09-20,2024-11-04,45,1.48,45625.04,1.35,29.08,17927.19
CUST01041,27668.32,12272.63,2,5,2024-02-01,2024-02-22,21,0.69,13834.16,2.9,44.36,17786.42
CUST00689,107416.05,44399.54,2,9,2024-10-23,2025-01-09,78,2.56,53708.02,0.78,41.33,17343.57
CUST00958,56400.61,16774.0,1,3,2024-03-08,2024-03-08,0,0.0,56400.61,1.0,29.74,16774.0
CUST01218,32425.42,9333.94,2,8,2025-01-18,2025-02-04,17,0.56,16212.71,3.57,28.79,16667.75
CUST00584,45855.91,16475.69,1,5,2024-08-22,2024-08-22,0,0.0,45855.91,1.0,35.93,16475.69
CUST00791,35032.74,12870.54,2,9,2025-02-06,2025-03-02,24,0.79,17516.37,2.53,36.74,16291.82
CUST01516,21546.06,5747.44,2,2,2024-05-07,2024-05-18,11,0.36,10773.03,5.56,26.68,15965.11
CUST01045,33311.25,15925.71,1,5,2024-08-01,2024-08-01,0,0.0,33311.25,1.0,47.81,15925.71
CUST01447,136638.79,39958.18,3,7,2024-01-30,2024-04-17,78,2.56,45546.26,1.17,29.24,15608.66
CUST00938,67919.74,20849.83,2,5,2024-06-16,2024-07-27,41,1.35,33959.87,1.48,30.7,15444.32
CUST00981,59300.53,13741.44,2,5,2025-03-20,2025-04-16,27,0.89,29650.26,2.25,23.17,15439.82
CUST00345,78822.29,22638.78,4,13,2024-05-14,2024-06-28,45,1.48,19705.57,2.7,28.72,15296.47
CUST00662,20780.68,8327.25,2,8,2024-09-16,2024-10-03,17,0.56,10390.34,3.57,40.07,14870.09
CUST00497,73313.67,33326.14,3,9,2024-01-25,2024-04-03,69,2.27,24437.89,1.32,45.46,14681.12
CUST00001,42295.37,14486.63,1,2,2024-12-04,2024-12-04,0,0.0,42295.37,1.0,34.25,14486.63
CUST01192,43521.95,14102.01,1,5,2024-12-10,2024-12-10,0,0.0,43521.95,1.0,32.4,14102.01
CUST01168,18179.63,6441.06,2,7,2025-01-28,2025-02-11,14,0.46,9089.82,4.35,35.43,14002.3
CUST01151,74983.04,32502.18,2,7,2024-12-31,2025-03-13,72,2.37,37491.52,0.84,43.35,13714.0
CUST00505,59338.96,13403.32,1,4,2024-05-24,2024-05-24,0,0.0,59338.96,1.0,22.59,13403.32
CUST00423,34218.35,13369.56,1,4,2024-08-05,2024-08-05,0,0.0,34218.35,1.0,39.07,13369.56
CUST00152,38335.82,12874.3,1,5,2024-07-15,2024-07-15,0,0.0,38335.82,1.0,33.58,12874.3
CUST01558,33277.82,13811.47,2,5,2024-03-16,2024-04-18,33,1.08,16638.91,1.85,41.5,12788.4
CUST00831,31477.42,11564.55,2,6,2025-03-04,2025-04-01,28,0.92,15738.71,2.17,36.74,12570.16
CUST01574,36740.61,12390.91,1,5,2025-05-17,2025-05-17,0,0.0,36740.61,1.0,33.73,12390.91
CUST01125,70720.19,31609.4,2,7,2024-01-01,2024-03-19,78,2.56,35360.1,0.78,44.7,12347.42
CUST00885,21345.86,8516.56,2,6,2024-04-10,2024-05-01,21,0.69,10672.93,2.9,39.9,12342.84
CUST00868,42671.81,10899.04,2,6,2025-05-07,2025-06-03,27,0.89,21335.9,2.25,25.54,12246.11
CUST01243,26138.66,11972.45,1,5,2024-06-13,2024-06-13,0,0.0,26138.66,1.0,45.8,11972.45
CUST00482,93884.22,34566.1,2,8,2024-03-13,2024-06-09,88,2.89,46942.11,0.69,36.82,11960.59
CUST01133,41072.82,11812.81,1,5,2024-10-30,2024-10-30,0,0.0,41072.82,1.0,28.76,11812.81
CUST00616,27058.25,8130.74,2,7,2024-01-22,2024-02-12,21,0.69,13529.12,2.9,30.05,11783.68
CUST01383,141916.23,56690.14,4,13,2024-03-23,2024-08-19,149,4.89,35479.06,0.82,39.95,11593.08
CUST00964,27075.56,11450.01,1,3,2025-04-13,2025-04-13,0,0.0,27075.56,1.0,42.29,11450.01
CUST01120,40001.72,15723.26,2,7,2024-10-11,2024-11-22,42,1.38,20000.86,1.45,39.31,11393.67
CUST01548,28021.55,11302.44,1,3,2025-06-16,2025-06-16,0,0.0,28021.55,1.0,40.33,11302.44
CUST00376,26922.46,11234.15,1,5,2024-07-15,2024-07-15,0,0.0,26922.46,1.0,41.73,11234.15
CUST00012,48430.66,16566.6,2,4,2024-10-18,2024-12-02,45,1.48,24215.33,1.35,34.21,11193.65
CUST00734,98873.61,38597.63,3,12,2024-04-09,2024-07-23,105,3.45,32957.87,0.87,39.04,11187.72
CUST00483,19381.49,5481.7,2,8,2025-04-15,2025-04-30,15,0.49,9690.74,4.08,28.28,11187.14
CUST00335,24664.72,11144.18,1,2,2024-04-29,2024-04-29,0,0.0,24664.72,1.0,45.18,11144.18
CUST00847,47509.57,12435.03,2,7,2024-05-31,2024-07-04,34,1.12,23754.78,1.79,26.17,11102.71
CUST01226,63195.21,26283.99,2,9,2024-02-08,2024-04-20,72,2.37,31597.6,0.84,41.59,11090.29
CUST01077,26127.58,10897.46,1,2,2025-03-05,2025-03-05,0,0.0,26127.58,1.0,41.71,10897.46
CUST00669,88689.25,33953.11,2,6,2024-08-04,2024-11-07,95,3.12,44344.62,0.64,38.28,10882.41
CUST00881,24465.16,10827.67,1,5,2025-04-13,2025-04-13,0,0.0,24465.16,1.0,44.26,10827.67
CUST00788,25162.16,10727.24,1,5,2024-10-11,2024-10-11,0,0.0,25162.16,1.0,42.63,10727.24
CUST00216,23386.49,10597.34,1,5,2024-03-16,2024-03-16,0,0.0,23386.49,1.0,45.31,10597.34
CUST01285,28821.88,10572.26,1,4,2025-03-05,2025-03-05,0,0.0,28821.88,1.0,36.68,10572.26
CUST01580,52605.8,20024.7,2,5,2025-03-07,2025-05-04,58,1.91,26302.9,1.05,38.07,10484.14
CUST01098,33488.5,10329.44,1,4,2024-12-09,2024-12-09,0,0.0,33488.5,1.0,30.84,10329.44
CUST00021,16497.26,6386.9,2,6,2025-03-11,2025-03-30,19,0.62,8248.63,3.23,38.71,10301.45
CUST00822,25874.98,10224.45,1,2,2024-02-25,2024-02-25,0,0.0,25874.98,1.0,39.51,10224.45
CUST00467,46668.12,9069.86,2,4,2025-03-14,2025-04-10,27,0.89,23334.06,2.25,19.43,10190.85
CUST01541,39449.23,10825.56,2,7,2025-04-10,2025-05-13,33,1.08,19724.62,1.85,27.44,10023.67
CUST01165,65685.54,26560.47,2,5,2025-02-08,2025-04-30,81,2.66,32842.77,0.75,40.44,9985.14
CUST00914,38333.32,12497.12,3,12,2025-01-01,2025-02-09,39,1.28,12777.77,2.34,32.6,9763.38
CUST01499,42272.07,9671.07,1,5,2024-02-13,2024-02-13,0,0.0,42272.07,1.0,22.88,9671.07
CUST01494,88172.73,37906.12,3,10,2024-09-14,2025-01-12,120,3.94,29390.91,0.76,42.99,9620.84
CUST01169,72293.35,27143.69,2,7,2024-11-09,2025-02-03,86,2.83,36146.68,0.71,37.55,9591.41
CUST00484,80810.85,29852.53,2,8,2024-07-21,2024-10-24,95,3.12,40405.42,0.64,36.94,9568.12
CUST00099,23507.24,9551.9,1,5,2024-07-21,2024-07-21,0,0.0,23507.24,1.0,40.63,9551.9
CUST00420,35876.38,9500.17,1,4,2025-05-23,2025-05-23,0,0.0,35876.38,1.0,26.48,9500.17
CUST01515,63369.12,18122.71,2,6,2024-06-01,2024-07-29,58,1.91,31684.56,1.05,28.6,9488.33
CUST01242,93106.84,31512.47,3,12,2024-01-24,2024-05-05,102,3.35,31035.61,0.9,33.85,9406.71
CUST00697,13090.71,4935.42,2,6,2025-01-22,2025-02-07,16,0.53,6545.36,3.77,37.7,9312.11
CUST00730,151103.81,58647.44,3,12,2024-06-25,2025-01-03,192,6.31,50367.94,0.48,38.81,9294.36
CUST01292,91971.54,40441.86,3,9,2024-10-24,2025-03-06,133,4.37,30657.18,0.69,43.97,9254.43
CUST00974,89011.36,29786.39,2,6,2024-02-13,2024-05-21,98,3.22,44505.68,0.62,33.46,9250.43
CUST01369,128406.45,49165.27,4,11,2024-12-07,2025-05-18,162,5.32,32101.61,0.75,38.29,9241.59
CUST00220,105185.31,44381.59,4,10,2025-01-26,2025-06-22,147,4.83,26296.33,0.83,42.19,9188.73
CUST00183,37125.9,9174.46,1,5,2024-08-27,2024-08-27,0,0.0,37125.9,1.0,24.71,9174.46
CUST01149,22296.61,9119.86,1,3,2025-05-18,2025-05-18,0,0.0,22296.61,1.0,40.9,9119.86
CUST00059,38364.26,9097.26,1,5,2024-10-22,2024-10-22,0,0.0,38364.26,1.0,23.71,9097.26
CUST01008,19439.37,9097.21,1,1,2024-04-20,2024-04-20,0,0.0,19439.37,1.0,46.8,9097.21
CUST01052,133931.59,57652.76,6,19,2024-04-21,2024-10-31,193,6.34,22321.93,0.95,43.05,9093.5
CUST00346,92472.69,18365.02,2,7,2024-07-07,2024-09-07,62,2.04,46236.34,0.98,19.86,9002.46
CUST00116,19052.79,8930.86,1,3,2025-03-10,2025-03-10,0,0.0,19052.79,1.0,46.87,8930.86
CUST00241,18585.06,8834.13,1,5,2024-10-14,2024-10-14,0,0.0,18585.06,1.0,47.53,8834.13
CUST00197,48340.67,8815.36,1,3,2025-06-23,2025-06-23,0,0.0,48340.67,1.0,18.24,8815.36
CUST00317,19250.19,7189.08,2,5,2025-01-29,2025-02-23,25,0.82,9625.09,2.44,37.35,8767.17
CUST01412,26201.41,8720.18,1,2,2024-02-27,2024-02-27,0,0.0,26201.41,1.0,33.28,8720.18
CUST00887,39339.5,8714.97,1,2,2024-11-02,2024-11-02,0,0.0,39339.5,1.0,22.15,8714.97
CUST01578,31153.48,8682.64,1,5,2024-01-27,2024-01-27,0,0.0,31153.48,1.0,27.87,8682.64
CUST00409,228679.18,81342.77,5,18,2024-06-01,2025-03-16,288,9.46,45735.84,0.53,35.57,8598.6
CUST01309,75771.71,27629.03,3,14,2024-11-05,2025-02-12,99,3.25,25257.24,0.92,36.46,8501.24
CUST00358,106661.36,39198.11,3,11,2024-07-05,2024-11-23,141,4.63,35553.79,0.65,36.75,8466.11
CUST00419,59525.99,26996.34,2,5,2025-02-15,2025-05-24,98,3.22,29763.0,0.62,45.35,8383.96
CUST01419,22163.79,8363.61,1,5,2024-03-11,2024-03-11,0,0.0,22163.79,1.0,37.74,8363.61
CUST00812,19672.96,8349.75,1,3,2024-11-27,2024-11-27,0,0.0,19672.96,1.0,42.44,8349.75
CUST00452,43117.25,12578.16,2,10,2024-04-20,2024-06-05,46,1.51,21558.62,1.32,29.17,8329.91
CUST00959,91439.93,34300.19,2,8,2024-08-30,2025-01-03,126,4.14,45719.96,0.48,37.51,8285.07
CUST01207,64172.66,22093.25,3,10,2024-01-01,2024-03-23,82,2.69,21390.89,1.12,34.43,8213.1
CUST00574,33896.07,8175.58,1,5,2024-08-05,2024-08-05,0,0.0,33896.07,1.0,24.12,8175.58
CUST00804,43388.57,15257.84,2,5,2025-01-20,2025-03-18,57,1.87,21694.28,1.07,35.17,8159.27
CUST00602,38523.48,10437.45,2,5,2024-03-13,2024-04-21,39,1.28,19261.74,1.56,27.09,8154.26
CUST00060,19346.43,8133.32,1,5,2025-02-05,2025-02-05,0,0.0,19346.43,1.0,42.04,8133.32
CUST01443,17836.12,7448.92,2,4,2024-06-06,2024-07-04,28,0.92,8918.06,2.17,41.76,8096.65
CUST00678,112345.94,43625.98,3,8,2024-09-25,2025-03-08,164,5.39,37448.65,0.56,38.83,8093.87
CUST00808,17312.41,8091.12,1,1,2025-01-16,2025-01-16,0,0.0,17312.41,1.0,46.74,8091.12
CUST00128,27445.15,8072.13,1,5,2024-08-23,2024-08-23,0,0.0,27445.15,1.0,29.41,8072.13
CUST00361,49140.06,23261.34,3,9,2024-02-21,2024-05-19,88,2.89,16380.02,1.04,47.34,8048.91
CUST00461,70575.15,24180.1,2,9,2024-10-09,2025-01-09,92,3.02,35287.57,0.66,34.26,8006.66
CUST00916,41408.63,7958.32,1,5,2024-03-24,2024-03-24,0,0.0,41408.63,1.0,19.22,7958.32
CUST00531,24564.11,7941.43,1,2,2024-08-19,2024-08-19,0,0.0,24564.11,1.0,32.33,7941.43
CUST00341,31773.03,7862.34,1,2,2024-01-19,2024-01-19,0,0.0,31773.03,1.0,24.75,7862.34
CUST00852,107850.71,26730.03,5,17,2025-02-05,2025-05-20,104,3.42,21570.14,1.46,24.78,7815.8
CUST01382,82180.7,31078.46,2,8,2024-01-19,2024-05-19,121,3.98,41090.35,0.5,37.82,7808.66
CUST00722,56740.65,23578.44,3,9,2024-03-06,2024-06-06,92,3.02,18913.55,0.99,41.55,7807.43
CUST00405,55704.8,12650.66,2,9,2024-07-02,2024-08-21,50,1.64,27852.4,1.22,22.71,7713.82
CUST01068,21689.77,6554.3,2,10,2024-11-25,2024-12-21,26,0.85,10844.88,2.35,30.22,7710.94
CUST00950,16146.54,7614.18,1,3,2024-10-07,2024-10-07,0,0.0,16146.54,1.0,47.16,7614.18
CUST00714,17511.44,7591.59,1,2,2024-01-22,2024-01-22,0,0.0,17511.44,1.0,43.35,7591.59
CUST00530,19616.62,7533.36,1,4,2024-05-12,2024-05-12,0,0.0,19616.62,1.0,38.4,7533.36
CUST01097,143676.91,43047.19,6,16,2024-02-22,2024-08-15,175,5.75,23946.15,1.04,29.96,7486.47
CUST01437,11988.46,4404.13,2,5,2024-06-10,2024-06-28,18,0.59,5994.23,3.39,36.74,7464.63
CUST01377,134405.04,32849.24,4,12,2024-10-05,2025-02-17,135,4.43,33601.26,0.9,24.44,7415.18
CUST01197,109739.44,31611.73,2,8,2024-08-27,2025-01-05,131,4.3,54869.72,0.47,28.81,7351.57
CUST01421,18726.48,7295.94,1,5,2025-06-26,2025-06-26,0,0.0,18726.48,1.0,38.96,7295.94
CUST01034,20711.47,7648.83,2,7,2024-09-20,2024-10-22,32,1.05,10355.74,1.9,36.93,7284.6
CUST01367,10457.83,1888.32,2,2,2025-05-08,2025-05-16,8,0.26,5228.92,7.69,18.06,7262.77
CUST00378,15753.02,7257.85,1,3,2025-01-06,2025-01-06,0,0.0,15753.02,1.0,46.07,7257.85
CUST00418,55876.6,18822.16,2,9,2024-11-24,2025-02-11,79,2.6,27938.3,0.77,33.69,7239.29
CUST01231,104511.51,24816.75,2,8,2024-02-14,2024-05-29,105,3.45,52255.76,0.58,23.75,7193.26
CUST01310,164156.35,64425.45,5,20,2024-09-17,2025-06-17,273,8.97,32831.27,0.56,39.25,7182.32
CUST00093,75282.18,20664.83,3,10,2024-05-16,2024-08-12,88,2.89,25094.06,1.04,27.45,7150.46
CUST00491,17198.7,7147.01,1,5,2024-08-15,2024-08-15,0,0.0,17198.7,1.0,41.56,7147.01
CUST01345,107321.22,42479.59,2,10,2024-05-08,2024-11-05,181,5.95,53660.61,0.34,39.58,7139.43
CUST00735,20131.49,7088.78,1,5,2024-02-01,2024-02-01,0,0.0,20131.49,1.0,35.21,7088.78
CUST01569,59731.74,24152.9,2,6,2025-02-03,2025-05-18,104,3.42,29865.87,0.58,40.44,7062.25
CUST00699,18812.61,7052.06,1,1,2024-10-08,2024-10-08,0,0.0,18812.61,1.0,37.49,7052.06
CUST00247,61446.65,19096.41,3,5,2024-02-27,2024-05-20,83,2.73,20482.22,1.1,31.08,6995.02
CUST00269,49738.72,10632.02,2,7,2024-02-19,2024-04-06,47,1.54,24869.36,1.3,21.38,6903.91
CUST00084,23112.61,6900.04,1,3,2025-05-01,2025-05-01,0,0.0,23112.61,1.0,29.85,6900.04
CUST00821,18626.29,6880.07,1,5,2025-04-10,2025-04-10,0,0.0,18626.29,1.0,36.94,6880.07
CUST01009,47848.62,22214.73,3,11,2024-06-29,2024-10-06,99,3.25,15949.54,0.92,46.43,6835.3
CUST00839,164057.7,66246.57,4,17,2024-06-11,2025-04-03,296,9.72,41014.43,0.41,40.38,6815.49
CUST00314,15379.61,3811.49,2,4,2025-05-12,2025-05-29,17,0.56,7689.8,3.57,24.78,6806.23
CUST01156,255597.7,81616.92,7,28,2024-04-17,2025-04-18,366,12.02,36513.96,0.58,31.93,6790.09
CUST00231,35905.47,6766.82,1,2,2024-08-09,2024-08-09,0,0.0,35905.47,1.0,18.85,6766.82
CUST01237,32852.2,6754.96,1,3,2024-04-03,2024-04-03,0,0.0,32852.2,1.0,20.56,6754.96
CUST01470,33019.31,10815.3,3,12,2024-07-13,2024-08-31,49,1.61,11006.44,1.86,32.75,6717.58
CUST01272,167705.74,49880.45,3,15,2024-07-10,2025-02-22,227,7.46,55901.91,0.4,29.74,6686.39
CUST00893,96077.04,30879.79,3,12,2024-05-17,2024-10-06,142,4.66,32025.68,0.64,32.14,6626.56
CUST00302,125202.85,32512.11,3,11,2024-03-04,2024-08-02,151,4.96,41734.28,0.6,25.97,6554.86
CUST01393,18799.64,6535.66,1,5,2025-01-23,2025-01-23,0,0.0,18799.64,1.0,34.76,6535.66
CUST01504,45119.08,19534.12,3,8,2024-12-24,2025-03-25,91,2.99,15039.69,1.0,43.29,6533.15
CUST01004,12990.97,4687.33,2,7,2024-04-09,2024-05-01,22,0.72,6495.48,2.78,36.08,6510.18
CUST00023,26672.8,9934.78,2,8,2024-02-29,2024-04-16,47,1.54,13336.4,1.3,37.25,6451.16
CUST00864,89619.71,27348.27,2,5,2024-03-06,2024-07-13,129,4.24,44809.86,0.47,30.52,6450.06
CUST01298,52023.4,15004.57,2,6,2024-12-04,2025-02-13,71,2.33,26011.7,0.86,28.84,6439.73
CUST00119,18697.52,6372.79,1,1,2024-12-30,2024-12-30,0,0.0,18697.52,1.0,34.08,6372.79
CUST01203,17317.23,6362.39,1,4,2024-02-06,2024-02-06,0,0.0,17317.23,1.0,36.74,6362.39
CUST01278,111782.71,42061.89,3,14,2024-03-06,2024-09-24,202,6.64,37260.9,0.45,37.63,6334.62
CUST01410,73661.76,19355.4,4,17,2024-01-27,2024-04-29,93,3.06,18415.44,1.31,26.28,6325.29
CUST01461,20336.23,5812.87,2,8,2025-03-14,2025-04-11,28,0.92,10168.12,2.17,28.58,6318.34
CUST01253,92676.1,40473.74,3,10,2024-09-28,2025-04-13,197,6.47,30892.03,0.46,43.67,6255.6
CUST00320,20717.32,7368.07,2,5,2025-03-07,2025-04-12,36,1.18,10358.66,1.69,35.56,6244.13
CUST00319,223128.01,79595.29,7,26,2024-03-11,2025-04-03,388,12.75,31875.43,0.55,35.67,6242.77
CUST01550,16188.72,6241.91,1,4,2024-08-19,2024-08-19,0,0.0,16188.72,1.0,38.56,6241.91
CUST00849,108699.68,46407.07,4,12,2024-11-15,2025-06-30,227,7.46,27174.92,0.54,42.69,6220.79
CUST00920,56490.56,25710.45,2,5,2024-08-04,2024-12-08,126,4.14,28245.28,0.48,45.51,6210.25
CUST00473,92156.87,27962.27,3,11,2024-06-04,2024-10-21,139,4.57,30718.96,0.66,30.34,6118.66
CUST01233,16484.04,6109.59,1,4,2024-08-05,2024-08-05,0,0.0,16484.04,1.0,37.06,6109.59
CUST01140,34017.27,6014.26,1,3,2024-10-23,2024-10-23,0,0.0,34017.27,1.0,17.68,6014.26
CUST00104,17098.7,5997.51,1,4,2025-02-07,2025-02-07,0,0.0,17098.7,1.0,35.08,5997.51
CUST01463,67829.1,23613.38,4,16,2024-09-15,2025-01-14,121,3.98,16957.28,1.01,34.81,5933.01
CUST01349,68177.26,21624.91,2,5,2024-03-10,2024-06-29,111,3.65,34088.63,0.55,31.72,5924.63
CUST00708,93258.52,21449.55,3,11,2025-03-06,2025-06-25,111,3.65,31086.17,0.82,23.0,5876.59
CUST01214,98740.36,41391.74,3,7,2024-05-26,2025-01-01,220,7.23,32913.45,0.41,41.92,5725.0
CUST00592,20265.97,6736.84,3,8,2024-12-07,2025-01-12,36,1.18,6755.32,2.54,33.24,5709.19
CUST00832,39436.75,14815.06,3,8,2024-11-12,2025-01-30,79,2.6,13145.58,1.15,37.57,5698.1
CUST01417,38046.76,11134.31,2,7,2024-09-24,2024-11-23,60,1.97,19023.38,1.02,29.26,5651.93
CUST00145,17610.19,7566.48,2,6,2024-12-05,2025-01-15,41,1.35,8805.1,1.48,42.97,5604.8
CUST00934,78684.4,17865.11,4,14,2024-09-05,2024-12-12,98,3.22,19671.1,1.24,22.7,5548.17
CUST01407,56204.29,22575.81,2,9,2024-11-01,2025-03-05,124,4.07,28102.14,0.49,40.17,5546.88
CUST00892,184634.71,53181.07,3,14,2024-07-08,2025-04-26,292,9.59,61544.9,0.31,28.8,5545.47
CUST01472,38826.1,10591.81,3,5,2025-04-26,2025-06-24,59,1.94,12942.03,1.55,27.28,5459.7
CUST01497,84517.67,23219.69,3,10,2024-03-09,2024-07-17,130,4.27,28172.56,0.7,27.47,5437.87
CUST00673,26429.68,5401.15,1,5,2024-08-16,2024-08-16,0,0.0,26429.68,1.0,20.44,5401.15
CUST00757,13493.47,4968.07,2,5,2025-02-14,2025-03-14,28,0.92,6746.74,2.17,36.82,5400.08
CUST01187,136339.13,55286.81,5,20,2024-02-05,2024-12-14,313,10.28,27267.83,0.49,40.55,5378.09
CUST00799,78103.0,19247.23,2,8,2024-09-08,2024-12-26,109,3.58,39051.5,0.56,24.64,5376.32
CUST01549,14997.63,5338.67,1,2,2025-04-07,2025-04-07,0,0.0,14997.63,1.0,35.6,5338.67
CUST00597,11042.53,5286.56,1,5,2024-09-29,2024-09-29,0,0.0,11042.53,1.0,47.87,5286.56
CUST01522,14755.38,5279.18,1,1,2024-05-03,2024-05-03,0,0.0,14755.38,1.0,35.78,5279.18
CUST00599,144320.58,44174.25,6,21,2024-05-22,2025-02-01,255,8.38,24053.43,0.72,30.61,5271.39
CUST01240,82298.92,32856.43,2,9,2024-05-18,2024-11-24,190,6.24,41149.46,0.32,39.92,5265.45
CUST01500,97812.1,46552.97,2,8,2024-08-08,2025-05-08,273,8.97,48906.05,0.22,47.59,5189.85
CUST00654,13746.93,5179.47,1,4,2025-02-14,2025-02-14,0,0.0,13746.93,1.0,37.68,5179.47
CUST01244,48895.06,15256.67,2,6,2024-01-11,2024-04-10,90,2.96,24447.53,0.68,31.2,5154.28
CUST01190,22074.09,5143.63,1,3,2024-12-27,2024-12-27,0,0.0,22074.09,1.0,23.3,5143.63
CUST00295,94593.58,42168.68,2,8,2024-03-27,2024-12-02,250,8.21,47296.79,0.24,44.58,5136.26
CUST01135,56708.31,23092.81,2,7,2024-09-10,2025-01-25,137,4.5,28354.16,0.44,40.72,5131.74
CUST01141,27610.31,8104.12,2,5,2025-04-23,2025-06-10,48,1.58,13805.16,1.27,29.35,5129.19
CUST01420,70238.57,31482.02,2,10,2024-06-25,2024-12-31,189,6.21,35119.29,0.32,44.82,5069.57
CUST01338,20951.77,7800.69,2,7,2024-04-30,2024-06-16,47,1.54,10475.88,1.3,37.23,5065.38
CUST00906,13946.15,5059.98,1,2,2024-05-06,2024-05-06,0,0.0,13946.15,1.0,36.28,5059.98
CUST00266,12415.77,5153.15,2,3,2024-07-13,2024-08-13,31,1.02,6207.88,1.96,41.5,5052.11
CUST00557,31612.57,10600.46,2,6,2024-10-24,2024-12-27,64,2.1,15806.28,0.95,33.53,5047.84
CUST00611,26583.97,4973.73,1,4,2024-08-18,2024-08-18,0,0.0,26583.97,1.0,18.71,4973.73
CUST00741,72255.84,19198.62,3,9,2024-08-16,2024-12-12,118,3.88,24085.28,0.77,26.57,4948.1
CUST00850,47359.79,14791.52,4,12,2024-06-01,2024-08-31,91,2.99,11839.95,1.34,31.23,4947.0
CUST01284,12354.45,2618.8,2,9,2025-01-04,2025-01-20,16,0.53,6177.22,3.77,21.2,4941.13
CUST00686,25945.24,4914.81,2,6,2025-03-10,2025-03-10,0,0.0,12972.62,2.0,18.94,4914.81
CUST00129,47191.34,19344.38,3,9,2024-02-08,2024-06-07,120,3.94,15730.45,0.76,40.99,4909.74
CUST00910,13440.55,4908.21,1,4,2024-01-09,2024-01-09,0,0.0,13440.55,1.0,36.52,4908.21
CUST01429,125870.96,41382.4,8,17,2024-08-11,2025-04-25,257,8.44,15733.87,0.95,32.88,4903.13
CUST01493,80848.05,34611.76,2,7,2024-05-19,2024-12-20,215,7.06,40424.02,0.28,42.81,4902.52
CUST00326,12945.49,4889.75,1,5,2024-01-21,2024-01-21,0,0.0,12945.49,1.0,37.77,4889.75
CUST00761,13184.79,4877.49,1,3,2025-02-20,2025-02-20,0,0.0,13184.79,1.0,36.99,4877.49
CUST00836,23231.62,4850.39,1,5,2024-02-12,2024-02-12,0,0.0,23231.62,1.0,20.88,4850.39
CUST01378,20142.43,4840.87,1,5,2024-05-01,2024-05-01,0,0.0,20142.43,1.0,24.03,4840.87
CUST00516,15053.45,4834.33,1,3,2025-01-24,2025-01-24,0,0.0,15053.45,1.0,32.11,4834.33
CUST00551,86358.04,34925.58,4,11,2024-08-30,2025-04-07,220,7.23,21589.51,0.55,40.44,4830.65
CUST00665,11344.67,3290.73,2,3,2025-02-09,2025-03-02,21,0.69,5672.34,2.9,29.01,4769.17
CUST00660,53621.26,18216.33,4,9,2024-08-27,2024-12-22,117,3.84,13405.32,1.04,33.97,4743.84
CUST00097,161744.52,52137.64,6,23,2024-04-05,2025-03-07,336,11.04,26957.42,0.54,32.23,4722.61
CUST00619,9982.17,3853.57,2,5,2024-10-02,2024-10-27,25,0.82,4991.08,2.44,38.6,4699.48
CUST00260,87301.82,22664.34,4,12,2024-02-10,2024-07-06,147,4.83,21825.46,0.83,25.96,4692.41
CUST00712,12651.95,4664.91,1,4,2024-03-08,2024-03-08,0,0.0,12651.95,1.0,36.87,4664.91
CUST00737,163127.74,57672.11,7,21,2024-02-17,2025-03-01,378,12.42,23303.96,0.56,35.35,4643.49
CUST00390,15276.14,4599.78,1,5,2025-02-04,2025-02-04,0,0.0,15276.14,1.0,30.11,4599.78
CUST00514,25026.61,4588.12,1,3,2025-04-22,2025-04-22,0,0.0,25026.61,1.0,18.33,4588.12
CUST01566,96166.4,26833.06,4,14,2024-05-26,2024-11-20,178,5.85,24041.6,0.68,27.9,4586.85
CUST00422,11746.95,4564.98,1,5,2024-05-30,2024-05-30,0,0.0,11746.95,1.0,38.86,4564.98
CUST00067,14376.31,4562.72,1,4,2024-08-09,2024-08-09,0,0.0,14376.31,1.0,31.74,4562.72
CUST00649,41388.96,17113.72,2,3,2024-05-01,2024-08-24,115,3.78,20694.48,0.53,41.35,4527.44
CUST01403,96759.64,43045.51,4,18,2024-03-22,2025-01-06,290,9.53,24189.91,0.42,44.49,4516.84
CUST01488,43166.48,11508.06,4,12,2024-05-30,2024-08-16,78,2.56,10791.62,1.56,26.66,4495.34
CUST00636,10613.12,4452.19,1,3,2025-04-25,2025-04-25,0,0.0,10613.12,1.0,41.95,4452.19
CUST00930,93098.89,23743.09,2,8,2024-06-12,2024-11-22,163,5.35,46549.44,0.37,25.5,4437.96
CUST01496,173878.42,59284.15,4,16,2024-03-13,2025-04-24,407,13.37,43469.6,0.3,34.1,4434.12
CUST00518,63132.94,29230.66,2,7,2024-10-13,2025-05-02,201,6.6,31566.47,0.3,46.3,4428.89
CUST00646,12284.19,4415.78,1,5,2024-08-17,2024-08-17,0,0.0,12284.19,1.0,35.95,4415.78
CUST01027,74092.93,33766.73,2,4,2024-10-02,2025-05-23,233,7.65,37046.46,0.26,45.57,4413.95
CUST00402,49864.34,18077.94,4,16,2024-03-09,2024-07-12,125,4.11,12466.08,0.97,36.25,4398.53
CUST00904,53758.84,14587.07,2,7,2024-02-07,2024-05-18,101,3.32,26879.42,0.6,27.13,4393.7
CUST00347,27178.73,4390.34,1,4,2024-07-21,2024-07-21,0,0.0,27178.73,1.0,16.15,4390.34
CUST00889,27602.09,4892.6,2,6,2025-03-18,2025-04-21,34,1.12,13801.04,1.79,17.73,4368.39
CUST01249,12029.16,4367.38,1,5,2024-04-21,2024-04-21,0,0.0,12029.16,1.0,36.31,4367.38
CUST01054,13100.47,4362.01,1,3,2024-08-15,2024-08-15,0,0.0,13100.47,1.0,33.3,4362.01
CUST00999,37615.87,13270.88,3,12,2024-10-04,2025-01-05,93,3.06,12538.62,0.98,35.28,4336.89
CUST00987,10754.51,4324.27,1,5,2024-07-28,2024-07-28,0,0.0,10754.51,1.0,40.21,4324.27
CUST01111,113082.72,24444.99,3,12,2024-02-22,2024-08-13,173,5.68,37694.24,0.53,21.62,4303.7
CUST01290,104601.73,30933.54,3,9,2024-09-18,2025-04-25,219,7.19,34867.24,0.42,29.57,4302.3
CUST00614,129236.84,44119.39,5,14,2024-01-31,2024-12-09,313,10.28,25847.37,0.49,34.14,4291.77
CUST01359,12225.65,4271.7,1,2,2024-05-29,2024-05-29,0,0.0,12225.65,1.0,34.94,4271.7
CUST00752,51531.61,24310.03,3,9,2024-08-26,2025-02-17,175,5.75,17177.2,0.52,47.17,4227.83
CUST00719,58172.9,20022.01,3,9,2024-07-02,2024-11-24,145,4.76,19390.97,0.63,34.42,4206.3
CUST01314,72509.24,31684.03,3,9,2024-07-26,2025-03-13,230,7.56,24169.75,0.4,43.7,4191.01
CUST00845,36239.5,9175.3,2,6,2024-08-16,2024-10-22,67,2.2,18119.75,0.91,25.32,4170.59
CUST00668,12302.16,4133.54,1,1,2024-07-16,2024-07-16,0,0.0,12302.16,1.0,33.6,4133.54
CUST00883,9705.09,4133.17,1,5,2024-08-31,2024-08-31,0,0.0,9705.09,1.0,42.59,4133.17
CUST00576,23769.06,10440.0,3,7,2024-04-03,2024-06-19,77,2.53,7923.02,1.19,43.92,4126.48
CUST01475,103839.58,21989.02,5,16,2024-02-09,2024-07-21,163,5.35,20767.92,0.93,21.18,4110.1
CUST00292,18601.13,4103.58,1,4,2024-08-17,2024-08-17,0,0.0,18601.13,1.0,22.06,4103.58
CUST00380,87010.67,29932.3,5,19,2024-11-10,2025-06-22,224,7.36,17402.13,0.68,34.4,4066.89
CUST00383,9301.26,4053.69,1,4,2024-05-11,2024-05-11,0,0.0,9301.26,1.0,43.58,4053.69
CUST01526,97882.58,36574.9,3,10,2024-07-05,2025-04-06,275,9.03,32627.53,0.33,37.37,4050.38
CUST00884,8715.23,4049.38,1,4,2024-04-20,2024-04-20,0,0.0,8715.23,1.0,46.46,4049.38
CUST01357,79252.93,24075.53,2,10,2024-05-01,2024-10-29,181,5.95,39626.47,0.34,30.38,4046.31
CUST00173,9564.46,4033.6,1,2,2025-01-21,2025-01-21,0,0.0,9564.46,1.0,42.17,4033.6
CUST01525,16801.67,4024.91,1,4,2024-08-04,2024-08-04,0,0.0,16801.67,1.0,23.96,4024.91
CUST00609,9503.42,4021.99,1,4,2024-11-29,2024-11-29,0,0.0,9503.42,1.0,42.32,4021.99
CUST00878,84582.73,25269.09,3,8,2024-04-05,2024-10-14,192,6.31,28194.24,0.48,29.87,4004.61
CUST01033,79312.6,23537.19,3,8,2024-02-17,2024-08-14,179,5.88,26437.53,0.51,29.68,4002.92
CUST00098,10207.53,3990.6,1,3,2025-04-20,2025-04-20,0,0.0,10207.53,1.0,39.09,3990.6
CUST01262,69866.28,23456.58,4,7,2024-08-19,2025-02-14,179,5.88,17466.57,0.68,33.57,3989.21
CUST01281,22289.2,3973.25,1,5,2024-08-30,2024-08-30,0,0.0,22289.2,1.0,17.83,3973.25
CUST00676,66040.93,24904.99,2,9,2024-05-04,2024-11-11,191,6.27,33020.46,0.32,37.71,3972.09
CUST00963,83993.76,30433.61,3,10,2024-05-06,2024-12-26,234,7.69,27997.92,0.39,36.23,3957.56
CUST00049,27058.35,6249.35,2,5,2024-01-06,2024-02-23,48,1.58,13529.18,1.27,23.1,3955.28
CUST00457,39184.01,14925.09,2,6,2024-08-10,2024-12-03,115,3.78,19592.0,0.53,38.09,3948.44
CUST01205,12840.13,5140.73,2,4,2024-10-17,2024-11-26,40,1.31,6420.06,1.53,40.04,3924.22
CUST00194,19678.57,5003.28,2,5,2025-01-22,2025-03-02,39,1.28,9839.28,1.56,25.43,3908.81
CUST00352,91405.28,25525.45,3,13,2024-07-03,2025-01-19,200,6.57,30468.43,0.46,27.93,3885.15
CUST01327,77366.92,23452.17,3,8,2024-12-01,2025-06-03,184,6.04,25788.97,0.5,30.31,3882.81
CUST00810,13766.35,3882.68,1,3,2024-03-02,2024-03-02,0,0.0,13766.35,1.0,28.2,3882.68
CUST00955,74164.73,25333.61,3,8,2024-10-06,2025-04-23,199,6.54,24721.58,0.46,34.16,3873.64
CUST00181,8665.0,2671.46,3,6,2025-03-25,2025-04-15,21,0.69,2888.33,4.35,30.83,3871.68
CUST00003,97133.9,35721.19,4,15,2024-02-14,2024-11-21,281,9.23,24283.48,0.43,36.78,3870.12
CUST00095,59455.14,16425.25,3,11,2024-02-13,2024-06-22,130,4.27,19818.38,0.7,27.63,3846.66
CUST00137,14809.78,3836.47,1,3,2024-05-29,2024-05-29,0,0.0,14809.78,1.0,25.9,3836.47
CUST00718,8621.15,3834.98,1,3,2025-01-03,2025-01-03,0,0.0,8621.15,1.0,44.48,3834.98
CUST01180,101579.28,39652.02,5,16,2024-07-12,2025-05-25,317,10.41,20315.86,0.48,39.04,3809.03
CUST01387,45618.29,11244.73,2,7,2024-10-12,2025-01-10,90,2.96,22809.14,0.68,24.65,3798.9
CUST01324,119114.92,37694.08,4,15,2024-06-19,2025-04-18,303,9.95,29778.73,0.4,31.65,3788.35
CUST00513,126503.24,32995.19,6,21,2024-08-14,2025-05-06,265,8.71,21083.87,0.69,26.08,3788.2
CUST01007,28840.57,10175.28,2,9,2025-02-21,2025-05-14,82,2.69,14420.28,0.74,35.28,3782.63
CUST01013,9897.24,3761.8,1,3,2025-03-12,2025-03-12,0,0.0,9897.24,1.0,38.01,3761.8
CUST00408,75309.23,33449.68,4,9,2024-09-25,2025-06-23,271,8.9,18827.31,0.45,44.42,3758.39
CUST00691,8462.53,3757.78,1,4,2024-06-27,2024-06-27,0,0.0,8462.53,1.0,44.4,3757.78
CUST01585,120749.88,39451.99,4,14,2024-03-15,2025-01-29,320,10.51,30187.47,0.38,32.67,3753.76
CUST01082,75493.5,27691.48,2,9,2024-09-05,2025-04-18,225,7.39,37746.75,0.27,36.68,3747.16
CUST00713,8497.46,3743.85,1,5,2025-03-14,2025-03-14,0,0.0,8497.46,1.0,44.06,3743.85
CUST00509,15065.42,3740.29,1,4,2025-06-14,2025-06-14,0,0.0,15065.42,1.0,24.83,3740.29
CUST01394,22390.98,6982.28,2,4,2024-11-28,2025-01-24,57,1.87,11195.49,1.07,31.18,3733.84
CUST00304,39062.2,17054.6,2,10,2024-11-03,2025-03-22,139,4.57,19531.1,0.44,43.66,3731.86
CUST01064,157904.84,56587.54,5,17,2024-02-28,2025-06-04,462,15.18,31580.97,0.33,35.84,3727.77
CUST00136,165457.19,46329.76,3,11,2024-06-01,2025-06-15,379,12.45,55152.4,0.24,28.0,3721.27
CUST00711,15346.57,3707.6,1,1,2025-06-22,2025-06-22,0,0.0,15346.57,1.0,24.16,3707.6
CUST01579,52860.78,21295.3,3,7,2024-01-16,2024-07-09,175,5.75,17620.26,0.52,40.29,3703.53
CUST01021,23580.23,8249.27,2,6,2024-05-29,2024-08-05,68,2.23,11790.12,0.9,34.98,3699.22
CUST01246,50980.49,20627.21,3,10,2024-06-06,2024-11-23,170,5.58,16993.5,0.54,40.46,3696.63
CUST00539,64203.91,18630.77,2,8,2024-04-23,2024-09-24,154,5.06,32101.96,0.4,29.02,3681.97
CUST00790,115991.32,32172.25,3,14,2024-03-02,2024-11-25,268,8.8,38663.77,0.34,27.74,3655.94
CUST00417,75163.2,20173.44,5,17,2024-01-14,2024-06-30,168,5.52,15032.64,0.91,26.84,3654.61
CUST00857,64055.4,23157.08,4,13,2024-05-17,2024-11-28,195,6.41,16013.85,0.62,36.15,3612.65
CUST00975,42010.29,12054.04,3,10,2024-07-23,2024-11-02,102,3.35,14003.43,0.9,28.69,3598.22
CUST00202,58097.12,15921.26,4,12,2024-08-31,2025-01-13,135,4.43,14524.28,0.9,27.4,3593.96
CUST00521,20279.1,3591.42,1,4,2024-02-04,2024-02-04,0,0.0,20279.1,1.0,17.71,3591.42
CUST00066,20288.15,4566.52,2,7,2024-04-21,2024-05-30,39,1.28,10144.08,1.56,22.51,3567.59
CUST01147,10579.77,3564.79,1,4,2024-11-13,2024-11-13,0,0.0,10579.77,1.0,33.69,3564.79
CUST01032,115210.2,45771.62,2,8,2024-05-01,2025-05-27,391,12.84,57605.1,0.16,39.73,3564.77
CUST01568,116696.33,32647.1,6,20,2024-03-13,2024-12-17,279,9.17,19449.39,0.65,27.98,3560.21
CUST00756,92533.95,32575.72,3,10,2024-08-08,2025-05-14,279,9.17,30844.65,0.33,35.2,3552.42
CUST00122,49658.53,20057.42,2,8,2024-08-02,2025-01-22,173,5.68,24829.26,0.35,40.39,3531.24
CUST00360,102241.54,32404.97,3,13,2024-04-16,2025-01-23,282,9.26,34080.51,0.32,31.69,3499.46
CUST00943,55151.22,19637.61,3,10,2024-07-02,2024-12-20,171,5.62,18383.74,0.53,35.61,3494.24
CUST01223,11779.93,3486.13,2,5,2025-06-23,2025-06-23,0,0.0,5889.96,2.0,29.59,3486.13
CUST01143,30267.1,9363.41,3,12,2024-12-11,2025-03-03,82,2.69,10089.03,1.12,30.94,3480.82
CUST01422,39771.88,14261.54,4,19,2024-08-15,2024-12-18,125,4.11,9942.97,0.97,35.86,3469.96
CUST00256,84573.11,32429.64,4,10,2024-03-23,2025-01-02,285,9.36,21143.28,0.43,38.35,3464.71
CUST00745,27078.74,9184.08,2,8,2024-07-23,2024-10-12,81,2.66,13539.37,0.75,33.92,3452.66
CUST00595,16694.54,3450.83,1,2,2025-05-11,2025-05-11,0,0.0,16694.54,1.0,20.67,3450.83
CUST00296,151825.93,47185.31,4,13,2024-03-04,2025-04-25,417,13.7,37956.48,0.29,31.08,3444.18
CUST01016,10723.77,2365.12,2,5,2024-09-22,2024-10-13,21,0.69,5361.88,2.9,22.05,3427.71
CUST00196,68925.54,26033.56,4,15,2024-07-29,2025-03-19,233,7.65,17231.38,0.52,37.77,3403.08
CUST00051,87658.01,31744.94,4,14,2024-01-02,2024-10-12,284,9.33,21914.5,0.43,36.21,3402.46
CUST00233,86420.97,26237.73,2,7,2024-10-05,2025-05-28,235,7.72,43210.48,0.26,30.36,3398.67
CUST01222,30952.46,13329.26,4,11,2024-02-02,2024-06-01,120,3.94,7738.12,1.02,43.06,3383.06
CUST01200,92945.47,18218.16,5,22,2024-01-09,2024-06-21,164,5.39,18589.09,0.93,19.6,3379.99
CUST00274,7262.19,3369.26,1,3,2024-01-04,2024-01-04,0,0.0,7262.19,1.0,46.39,3369.26
CUST00455,40972.51,14716.1,3,8,2024-03-10,2024-07-21,133,4.37,13657.5,0.69,35.92,3367.53
CUST00283,121558.93,38642.22,3,10,2024-07-15,2025-06-30,350,11.5,40519.64,0.26,31.79,3360.19
CUST00028,27518.91,10044.09,2,9,2024-02-27,2024-05-28,91,2.99,13759.46,0.67,36.5,3359.23
CUST00767,7879.03,3352.51,1,3,2024-07-08,2024-07-08,0,0.0,7879.03,1.0,42.55,3352.51
CUST00610,96286.01,42159.24,4,13,2024-01-26,2025-02-13,384,12.61,24071.5,0.32,43.79,3343.32
CUST01380,9108.13,3328.79,1,2,2024-02-04,2024-02-04,0,0.0,9108.13,1.0,36.55,3328.79
CUST00487,78498.96,27829.37,5,17,2024-02-21,2024-11-02,255,8.38,15699.79,0.6,35.45,3320.93
CUST00038,50701.21,11223.35,3,11,2024-11-24,2025-03-07,103,3.38,16900.4,0.89,22.14,3320.52
CUST01313,32495.79,14494.35,2,5,2024-08-05,2024-12-16,133,4.37,16247.89,0.46,44.6,3316.78
CUST00715,85663.04,33421.21,3,9,2024-08-16,2025-06-19,307,10.09,28554.35,0.3,39.01,3312.31
CUST00496,126398.97,47247.52,5,16,2024-01-14,2025-03-25,436,14.32,25279.79,0.35,37.38,3299.41
CUST00605,37690.92,15116.64,2,9,2024-11-16,2025-04-06,141,4.63,18845.46,0.43,40.11,3264.93
CUST00942,159749.31,46392.17,5,15,2024-02-22,2025-04-30,433,14.22,31949.86,0.35,29.04,3262.46
CUST00242,15544.16,5142.64,2,7,2024-04-06,2024-05-24,48,1.58,7772.08,1.27,33.08,3254.84
CUST01037,37062.85,11434.81,3,13,2025-03-07,2025-06-22,107,3.52,12354.28,0.85,30.85,3248.53
CUST00257,18371.89,5856.61,2,4,2024-02-03,2024-03-29,55,1.81,9185.94,1.1,31.88,3235.7
CUST01031,101238.24,38123.89,7,19,2024-02-17,2025-02-10,359,11.79,14462.61,0.59,37.66,3233.58
CUST00201,129090.96,55036.78,6,14,2024-01-01,2025-06-05,521,17.12,21515.16,0.35,42.63,3214.77
CUST01091,105855.63,39949.92,5,16,2024-05-26,2025-06-10,380,12.48,21171.13,0.4,37.74,3201.12
CUST01066,7009.23,3198.07,1,5,2025-02-22,2025-02-22,0,0.0,7009.23,1.0,45.63,3198.07
CUST01071,18389.25,3187.9,1,4,2024-09-18,2024-09-18,0,0.0,18389.25,1.0,17.34,3187.9
CUST01060,35112.4,14802.4,3,6,2024-07-21,2024-12-10,142,4.66,11704.13,0.64,42.16,3176.48
CUST00954,18939.83,7080.04,3,11,2024-04-21,2024-06-28,68,2.23,6313.28,1.35,37.38,3174.91
CUST01459,96131.86,32640.05,3,13,2024-02-16,2024-12-26,314,10.32,32043.95,0.29,33.95,3162.8
CUST01087,73661.91,21713.69,4,16,2024-09-05,2025-04-02,209,6.87,18415.48,0.58,29.48,3160.65
CUST00232,31506.97,5308.19,2,8,2024-04-12,2024-06-02,51,1.68,15753.48,1.19,16.85,3159.64
CUST00442,79098.34,23438.57,3,7,2024-03-25,2024-11-06,226,7.42,26366.11,0.4,29.63,3158.84
CUST00732,102940.12,39805.35,4,12,2024-01-09,2025-01-30,387,12.71,25735.03,0.31,38.67,3131.81
CUST01070,116931.98,35470.19,4,12,2024-02-09,2025-01-19,345,11.33,29233.0,0.35,30.33,3130.64
CUST00541,87783.84,22558.0,2,7,2024-06-09,2025-01-15,220,7.23,43891.92,0.28,25.7,3120.06
CUST01092,28685.63,12417.08,3,7,2024-08-05,2024-12-04,121,3.98,9561.88,0.75,43.29,3119.87
CUST00658,14922.79,3112.92,1,1,2024-05-10,2024-05-10,0,0.0,14922.79,1.0,20.86,3112.92
CUST01144,54604.03,18340.38,3,9,2024-08-22,2025-02-18,180,5.91,18201.34,0.51,33.59,3103.28
CUST00430,58659.03,19945.77,5,9,2024-04-16,2024-10-29,196,6.44,11731.81,0.78,34.0,3097.17
CUST01323,15466.14,5386.31,2,4,2024-08-03,2024-09-25,53,1.74,7733.07,1.15,34.83,3095.58
CUST00690,98182.23,41657.79,6,18,2024-02-20,2025-04-05,410,13.47,16363.71,0.45,42.43,3092.63
CUST00624,107913.34,37144.42,3,13,2024-02-01,2025-02-01,366,12.02,35971.11,0.25,34.42,3090.22
CUST01584,6986.9,3076.45,1,2,2025-01-10,2025-01-10,0,0.0,6986.9,1.0,44.03,3076.45
CUST00229,128368.77,34431.09,7,20,2024-04-19,2025-03-26,341,11.2,18338.4,0.62,26.82,3074.2
CUST00937,120001.26,47154.59,4,17,2024-02-17,2025-05-29,467,15.34,30000.32,0.26,39.3,3073.96
CUST00544,124781.93,47945.7,4,11,2024-02-17,2025-06-06,475,15.6,31195.48,0.26,38.42,3073.44
CUST00284,101341.47,38855.14,5,19,2024-04-15,2025-05-05,385,12.65,20268.29,0.4,38.34,3071.55
CUST01453,7788.24,3069.79,1,2,2025-02-10,2025-02-10,0,0.0,7788.24,1.0,39.42,3069.79
CUST01428,6451.98,3056.06,1,1,2024-01-28,2024-01-28,0,0.0,6451.98,1.0,47.37,3056.06
CUST00675,12199.49,3050.81,1,3,2024-07-21,2024-07-21,0,0.0,12199.49,1.0,25.01,3050.81
CUST01363,10501.9,3046.54,1,3,2025-03-06,2025-03-06,0,0.0,10501.9,1.0,29.01,3046.54
CUST01074,48102.85,17108.94,4,11,2024-12-15,2025-06-04,171,5.62,12025.71,0.71,35.57,3044.3
CUST01040,17189.6,4100.98,2,6,2024-08-05,2024-09-15,41,1.35,8594.8,1.48,23.86,3037.76
CUST01370,30422.18,8665.29,3,10,2025-02-08,2025-05-06,87,2.86,10140.73,1.05,28.48,3029.82
CUST00896,26619.32,12018.96,2,8,2024-05-07,2024-09-05,121,3.98,13309.66,0.5,45.15,3019.84
CUST00238,37148.31,13477.69,2,8,2024-12-20,2025-05-05,136,4.47,18574.16,0.45,36.28,3015.14
CUST00279,8207.56,3014.3,1,3,2025-05-06,2025-05-06,0,0.0,8207.56,1.0,36.73,3014.3
CUST01023,149350.27,48324.04,9,30,2024-01-27,2025-05-30,489,16.06,16594.47,0.56,32.36,3008.97
CUST01554,114940.82,29747.15,5,16,2024-05-03,2025-02-28,301,9.89,22988.16,0.51,25.88,3007.8
CUST01020,28817.74,7111.87,2,4,2024-05-10,2024-07-21,72,2.37,14408.87,0.84,24.68,3000.79
CUST00250,40323.19,15147.19,3,5,2024-07-14,2024-12-15,154,5.06,13441.06,0.59,37.56,2993.52
CUST01514,96790.6,32761.12,4,14,2024-03-29,2025-02-26,334,10.97,24197.65,0.36,33.85,2986.43
CUST01025,70863.54,21587.96,3,8,2024-02-04,2024-09-11,220,7.23,23621.18,0.41,30.46,2985.89
CUST00184,72432.05,22452.37,2,8,2024-07-15,2025-03-01,229,7.52,36216.02,0.27,31.0,2985.69
CUST00589,108019.72,43803.2,3,10,2024-01-28,2025-04-19,447,14.68,36006.57,0.2,40.55,2983.87
CUST01307,153050.79,44424.79,5,18,2024-01-16,2025-04-15,455,14.95,30610.16,0.33,29.03,2971.56
CUST00744,15606.91,2967.98,1,3,2025-02-18,2025-02-18,0,0.0,15606.91,1.0,19.02,2967.98
CUST00404,134574.33,36344.41,5,15,2024-04-21,2025-04-29,373,12.25,26914.87,0.41,27.01,2966.89
CUST00148,109110.75,33656.35,7,14,2024-06-13,2025-05-25,346,11.37,15587.25,0.62,30.85,2960.1
CUST00386,92176.82,29001.86,5,13,2024-07-11,2025-05-08,301,9.89,18435.36,0.51,31.46,2932.44
CUST00683,160335.25,33833.27,8,26,2024-06-29,2025-06-16,352,11.56,20041.91,0.69,21.1,2926.75
CUST00138,8019.3,2926.7,1,2,2024-09-10,2024-09-10,0,0.0,8019.3,1.0,36.5,2926.7
CUST00972,94891.01,31627.76,3,9,2024-02-23,2025-01-17,329,10.81,31630.34,0.28,33.33,2925.79
CUST01084,94758.91,27504.97,4,13,2024-08-03,2025-05-18,288,9.46,23689.73,0.42,29.03,2907.5
CUST00053,61305.3,16486.88,3,8,2024-11-23,2025-05-15,173,5.68,20435.1,0.53,26.89,2902.62
CUST00221,129767.72,49565.74,4,17,2024-01-14,2025-06-17,520,17.08,32441.93,0.23,38.2,2901.98
CUST01099,87182.56,18679.99,2,10,2024-07-04,2025-01-16,196,6.44,43591.28,0.31,21.43,2900.62
CUST00439,48379.93,20089.38,3,11,2024-03-07,2024-10-04,211,6.93,16126.64,0.43,41.52,2898.9
CUST00438,41863.22,14450.37,2,7,2024-11-23,2025-04-24,152,4.99,20931.61,0.4,34.52,2895.87
CUST00234,77372.33,33562.23,3,8,2024-05-18,2025-05-06,353,11.6,25790.78,0.26,43.38,2893.3
CUST00728,59917.4,26326.97,3,9,2024-08-02,2025-05-06,277,9.1,19972.47,0.33,43.94,2893.07
CUST00259,13080.44,2880.18,1,2,2024-09-03,2024-09-03,0,0.0,13080.44,1.0,22.02,2880.18
CUST00809,13980.41,2866.19,1,2,2024-07-20,2024-07-20,0,0.0,13980.41,1.0,20.5,2866.19
CUST00344,9476.17,2549.97,2,2,2025-03-01,2025-03-28,27,0.89,4738.08,2.25,26.91,2865.13
CUST00074,13063.95,2864.02,1,4,2025-06-16,2025-06-16,0,0.0,13063.95,1.0,21.92,2864.02
CUST00956,7185.03,2857.45,1,1,2024-03-10,2024-03-10,0,0.0,7185.03,1.0,39.77,2857.45
CUST01267,101121.21,32186.8,3,13,2024-07-02,2025-06-10,343,11.27,33707.07,0.27,31.83,2855.97
CUST00385,43421.18,15149.52,3,14,2024-06-20,2024-11-29,162,5.32,14473.73,0.56,34.89,2847.65
CUST01118,81588.51,26204.69,4,18,2024-08-06,2025-05-14,281,9.23,20397.13,0.43,32.12,2839.08
CUST01159,104338.82,44618.16,4,15,2024-02-09,2025-06-02,479,15.74,26084.7,0.25,42.76,2834.7
CUST00585,85125.24,29253.09,3,7,2024-03-18,2025-01-26,314,10.32,28375.08,0.29,34.36,2834.6
CUST01402,38918.71,7816.91,2,7,2024-10-09,2025-01-01,84,2.76,19459.36,0.72,20.09,2832.21
CUST00275,98975.32,32182.59,3,8,2024-03-04,2025-02-13,346,11.37,32991.77,0.26,32.52,2830.48
CUST00891,61744.51,11264.63,2,6,2025-02-03,2025-06-04,121,3.98,30872.25,0.5,18.24,2830.31
CUST00005,57541.44,23062.58,4,11,2024-02-22,2024-10-27,248,8.15,14385.36,0.49,40.08,2829.76
CUST00167,78702.47,25228.35,4,13,2024-08-16,2025-05-15,272,8.94,19675.62,0.45,32.06,2821.96
CUST01257,90668.05,29539.2,4,8,2024-03-30,2025-02-12,319,10.48,22667.01,0.38,32.58,2818.63
CUST00838,132443.77,41112.95,5,15,2024-02-15,2025-05-04,444,14.59,26488.75,0.34,31.04,2817.89
CUST00416,47109.38,19147.69,3,8,2024-05-11,2024-12-04,207,6.8,15703.13,0.44,40.65,2815.84
CUST01521,95559.87,38256.16,3,12,2024-03-21,2025-05-09,414,13.6,31853.29,0.22,40.03,2812.95
CUST00733,25017.01,8270.72,2,3,2024-07-26,2024-10-24,90,2.96,12508.5,0.68,33.06,2794.16
CUST00765,10477.54,2793.21,1,3,2025-01-05,2025-01-05,0,0.0,10477.54,1.0,26.66,2793.21
CUST00758,8342.31,2791.78,1,1,2024-07-19,2024-07-19,0,0.0,8342.31,1.0,33.47,2791.78
CUST00811,80591.58,30338.74,3,10,2024-01-19,2024-12-15,331,10.87,26863.86,0.28,37.65,2791.05
CUST01247,123600.5,42223.99,7,24,2024-03-03,2025-06-07,461,15.14,17657.21,0.46,34.16,2788.9
CUST00398,9299.7,2786.29,1,1,2024-12-09,2024-12-09,0,0.0,9299.7,1.0,29.96,2786.29
CUST00278,87161.43,27040.52,5,13,2024-03-14,2025-01-04,296,9.72,17432.29,0.51,31.02,2781.95
CUST00511,46043.55,13140.81,3,11,2024-12-17,2025-05-10,144,4.73,15347.85,0.63,28.54,2778.18
CUST00553,133114.77,40494.59,4,14,2024-02-02,2025-04-21,444,14.59,33278.69,0.27,30.42,2775.5
CUST00998,104328.47,33873.62,5,15,2024-02-09,2025-02-15,372,12.22,20865.69,0.41,32.47,2771.98
CUST00249,147987.94,44189.73,6,24,2024-01-23,2025-05-23,486,15.97,24664.66,0.38,29.86,2767.05
CUST01340,8281.58,2763.75,1,1,2024-08-24,2024-08-24,0,0.0,8281.58,1.0,33.37,2763.75
CUST00425,93334.5,19484.16,3,11,2024-10-02,2025-05-05,215,7.06,31111.5,0.42,20.88,2759.8
CUST01036,28301.35,10684.55,2,9,2024-06-26,2024-10-22,118,3.88,14150.68,0.52,37.75,2753.75
CUST00400,73816.72,28759.03,4,17,2024-05-21,2025-04-06,320,10.51,18454.18,0.38,38.96,2736.35
CUST00575,36324.49,8075.78,3,13,2024-05-17,2024-08-15,90,2.96,12108.16,1.01,22.23,2728.3
CUST00796,6064.04,2727.13,1,1,2024-05-03,2024-05-03,0,0.0,6064.04,1.0,44.97,2727.13
CUST00052,13018.9,4292.29,2,4,2025-02-27,2025-04-16,48,1.58,6509.45,1.27,32.97,2716.64
CUST00641,43216.08,15958.49,3,8,2024-10-10,2025-04-07,179,5.88,14405.36,0.51,36.93,2714.03
CUST00948,50401.47,14605.48,3,7,2024-08-28,2025-02-08,164,5.39,16800.49,0.56,28.98,2709.74
CUST01339,5839.3,2666.89,2,2,2025-01-21,2025-02-20,30,0.99,2919.65,2.02,45.67,2693.83
CUST01456,44814.51,15557.07,3,12,2024-12-20,2025-06-14,176,5.78,14938.17,0.52,34.71,2691.53
CUST00635,80763.47,18099.16,3,9,2024-06-06,2024-12-28,205,6.73,26921.16,0.45,22.41,2689.33
CUST00303,68183.05,27135.13,2,10,2024-05-06,2025-03-09,307,10.09,34091.52,0.2,39.8,2689.31
CUST01047,127285.99,35911.9,4,9,2024-03-24,2025-05-05,407,13.37,31821.5,0.3,28.21,2686.01
CUST01081,22486.63,6599.96,2,6,2025-03-11,2025-05-25,75,2.46,11243.32,0.81,29.35,2682.91
CUST01057,91666.71,31713.08,3,9,2024-06-06,2025-06-01,360,11.83,30555.57,0.25,34.6,2680.73
CUST00199,28663.08,10232.32,3,13,2024-06-04,2024-09-29,117,3.84,9554.36,0.78,35.7,2664.67
CUST00009,15624.61,6730.66,2,5,2025-04-06,2025-06-22,77,2.53,7812.3,0.79,43.08,2660.34
CUST00055,154609.75,41338.79,6,23,2024-01-29,2025-05-16,473,15.54,25768.29,0.39,26.74,2660.15
CUST01005,107036.48,31776.42,3,10,2024-03-24,2025-03-23,364,11.96,35678.83,0.25,29.69,2656.89
CUST00492,38370.9,12025.42,2,8,2024-05-03,2024-09-18,138,4.53,19185.45,0.44,31.34,2654.62
CUST00353,10398.17,2651.91,1,5,2024-10-08,2024-10-08,0,0.0,10398.17,1.0,25.5,2651.91
CUST00749,99658.36,30294.53,8,26,2024-04-21,2025-04-04,348,11.43,12457.3,0.7,30.4,2650.44
CUST00858,24633.18,7380.57,2,8,2025-01-27,2025-04-22,85,2.79,12316.59,0.72,29.96,2645.37
CUST00393,28719.67,8244.77,3,7,2024-05-16,2024-08-19,95,3.12,9573.22,0.96,28.71,2642.55
CUST01440,35311.3,14904.02,3,6,2024-09-04,2025-02-23,172,5.65,11770.43,0.53,42.21,2637.88
CUST01553,65046.66,27510.67,3,11,2024-08-15,2025-06-29,318,10.45,21682.22,0.29,42.29,2632.6
CUST00797,13456.24,2623.06,1,4,2024-08-25,2024-08-25,0,0.0,13456.24,1.0,19.49,2623.06
CUST00880,7815.55,2620.72,1,2,2024-02-08,2024-02-08,0,0.0,7815.55,1.0,33.53,2620.72
CUST00784,55406.08,10422.37,2,6,2025-01-10,2025-05-11,121,3.98,27703.04,0.5,18.81,2618.69
CUST00695,8100.2,2606.97,1,5,2024-03-11,2024-03-11,0,0.0,8100.2,1.0,32.18,2606.97
CUST00309,29366.95,13190.82,2,3,2024-01-16,2024-06-18,154,5.06,14683.48,0.4,44.92,2606.88
CUST00923,91139.38,39874.51,7,19,2024-02-24,2025-06-04,466,15.31,13019.91,0.46,43.75,2604.47
CUST00080,70818.58,21800.42,3,9,2024-08-22,2025-05-05,256,8.41,23606.19,0.36,30.78,2592.2
CUST01152,65264.37,14285.67,2,5,2024-07-03,2024-12-18,168,5.52,32632.18,0.36,21.89,2587.98
CUST00324,138722.1,38684.7,7,21,2024-02-02,2025-05-02,455,14.95,19817.44,0.47,27.89,2587.61
CUST00548,54922.22,17930.13,3,9,2024-09-18,2025-04-17,211,6.93,18307.41,0.43,32.65,2587.32
CUST00244,7840.18,2583.44,1,5,2025-03-27,2025-03-27,0,0.0,7840.18,1.0,32.95,2583.44
CUST01109,67934.2,25782.76,4,13,2024-07-12,2025-05-12,304,9.99,16983.55,0.4,37.95,2580.86
CUST00747,77760.38,18801.42,3,11,2024-07-07,2025-02-14,222,7.29,25920.13,0.41,24.18,2579.07
CUST01230,69773.25,20322.95,6,15,2024-07-13,2025-03-10,240,7.88,11628.88,0.76,29.13,2579.05
CUST01206,127545.45,39967.47,4,16,2024-01-27,2025-05-13,472,15.51,31886.36,0.26,31.34,2576.88
CUST00694,81336.96,33676.34,3,7,2024-03-04,2025-04-06,398,13.07,27112.32,0.23,41.4,2576.61
CUST00388,20385.08,7286.93,2,6,2024-12-26,2025-03-22,86,2.83,10192.54,0.71,35.75,2574.89
CUST00793,148632.91,43824.04,6,18,2024-01-09,2025-06-12,520,17.08,24772.15,0.35,29.48,2565.81
CUST00108,130406.83,29588.64,4,10,2024-04-01,2025-03-19,352,11.56,32601.71,0.35,22.69,2559.57
CUST01320,48394.18,14662.34,3,6,2024-07-05,2024-12-27,175,5.75,16131.39,0.52,30.3,2549.97
CUST01154,51669.95,16742.84,4,17,2024-05-20,2024-12-06,200,6.57,12917.49,0.61,32.4,2548.38
CUST00903,20878.2,6776.48,2,5,2024-02-15,2024-05-06,81,2.66,10439.1,0.75,32.46,2547.55
CUST00103,118585.18,31298.64,5,17,2024-05-29,2025-06-07,374,12.29,23717.04,0.41,26.39,2546.68
CUST01164,45382.37,15378.78,3,11,2024-09-13,2025-03-16,184,6.04,15127.46,0.5,33.89,2546.16
CUST01322,8297.31,1832.7,2,2,2024-05-22,2024-06-13,22,0.72,4148.66,2.78,22.09,2545.42
CUST01078,19563.55,6613.07,2,7,2024-04-22,2024-07-10,79,2.6,9781.78,0.77,33.8,2543.49
CUST00653,10676.77,2539.33,1,3,2024-09-05,2024-09-05,0,0.0,10676.77,1.0,23.78,2539.33
CUST00994,15619.81,2536.14,1,4,2024-06-15,2024-06-15,0,0.0,15619.81,1.0,16.24,2536.14
CUST01384,84683.94,20528.37,3,8,2024-09-12,2025-05-18,248,8.15,28227.98,0.37,24.24,2518.82
CUST00933,11649.47,2515.51,1,4,2024-09-12,2024-09-12,0,0.0,11649.47,1.0,21.59,2515.51
CUST00114,25298.64,8495.47,2,8,2024-02-29,2024-06-11,103,3.38,12649.32,0.59,33.58,2513.45
CUST01431,53531.29,16423.15,2,9,2024-01-18,2024-08-04,199,6.54,26765.64,0.31,30.68,2511.19
CUST00851,7223.75,2507.1,1,3,2024-12-09,2024-12-09,0,0.0,7223.75,1.0,34.71,2507.1
CUST01130,42303.65,11668.57,3,7,2024-03-16,2024-08-05,142,4.66,14101.22,0.64,27.58,2503.98
CUST01073,42933.28,13625.4,5,15,2024-01-31,2024-07-15,166,5.45,8586.66,0.92,31.74,2500.07
CUST00004,59992.7,12140.17,2,5,2024-06-27,2024-11-22,148,4.86,29996.35,0.41,20.24,2497.98
CUST00805,62538.08,19429.84,3,12,2024-03-03,2024-10-26,237,7.79,20846.03,0.39,31.07,2494.2
CUST00340,100454.52,36286.63,5,19,2024-01-31,2025-04-18,443,14.55,20090.9,0.34,36.12,2493.93
CUST01305,86073.42,28007.7,4,12,2024-02-28,2025-02-04,342,11.24,21518.36,0.36,32.54,2491.79
CUST01184,39410.51,14571.14,3,9,2024-08-09,2025-02-03,178,5.85,13136.84,0.51,36.97,2490.79
CUST00940,5400.5,2490.18,1,4,2024-10-11,2024-10-11,0,0.0,5400.5,1.0,46.11,2490.18
CUST00873,29237.55,8829.78,2,5,2024-12-22,2025-04-09,108,3.55,14618.78,0.56,30.2,2487.26
CUST01573,6960.13,2483.83,1,5,2025-01-13,2025-01-13,0,0.0,6960.13,1.0,35.69,2483.83
CUST01308,46281.68,15095.43,3,10,2024-03-07,2024-09-08,185,6.08,15427.23,0.49,32.62,2482.8
CUST01562,32433.22,13929.39,5,12,2025-01-02,2025-06-22,171,5.62,6486.64,0.89,42.95,2478.54
CUST00710,46679.69,18954.8,2,4,2024-06-11,2025-01-30,233,7.65,23339.84,0.26,40.61,2477.75
CUST01319,9297.35,2471.58,1,4,2024-03-02,2024-03-02,0,0.0,9297.35,1.0,26.58,2471.58
CUST00151,8745.62,2466.12,1,3,2025-05-15,2025-05-15,0,0.0,8745.62,1.0,28.2,2466.12
CUST00203,104102.21,32031.61,5,13,2024-01-25,2025-02-24,396,13.01,20820.44,0.38,30.77,2462.08
CUST00062,6576.01,2453.1,1,3,2025-04-13,2025-04-13,0,0.0,6576.01,1.0,37.3,2453.1
CUST01083,87913.9,39219.09,3,11,2024-02-21,2025-06-22,487,16.0,29304.63,0.19,44.61,2451.19
CUST01158,78943.44,29881.62,3,10,2024-06-18,2025-06-26,373,12.25,26314.48,0.24,37.85,2439.32
CUST00875,9299.69,2435.1,1,2,2024-05-11,2024-05-11,0,0.0,9299.69,1.0,26.18,2435.1
CUST01293,92307.33,32288.63,6,18,2024-04-17,2025-05-26,404,13.27,15384.55,0.45,34.98,2433.2
CUST00843,48895.53,20625.97,4,11,2024-06-14,2025-02-27,258,8.48,12223.88,0.47,42.18,2432.31
CUST01302,25594.09,7825.8,3,5,2025-03-20,2025-06-26,98,3.22,8531.36,0.93,30.58,2430.37
CUST00504,72100.43,32114.47,6,21,2024-05-16,2025-06-24,404,13.27,12016.74,0.45,44.54,2420.08
CUST01001,73559.38,25744.35,5,12,2024-04-02,2025-02-20,324,10.64,14711.88,0.47,35.0,2419.58
CUST00520,74508.04,27944.82,5,14,2024-04-26,2025-04-13,352,11.56,14901.61,0.43,37.51,2417.37
CUST01208,7921.27,2407.44,1,3,2024-01-13,2024-01-13,0,0.0,7921.27,1.0,30.39,2407.44
CUST00527,75580.46,29399.86,2,7,2024-05-19,2025-05-26,372,12.22,37790.23,0.16,38.9,2405.88
CUST01183,139321.15,31761.18,6,17,2024-01-07,2025-02-12,402,13.21,23220.19,0.45,22.8,2404.33
CUST00783,6405.71,2400.37,1,3,2024-07-31,2024-07-31,0,0.0,6405.71,1.0,37.47,2400.37
CUST00515,8659.52,2399.04,1,1,2024-06-19,2024-06-19,0,0.0,8659.52,1.0,27.7,2399.04
CUST00740,35804.45,13778.11,2,8,2024-02-15,2024-08-08,175,5.75,17902.22,0.35,38.48,2396.19
CUST00057,10866.17,2386.7,1,5,2024-01-17,2024-01-17,0,0.0,10866.17,1.0,21.96,2386.7
CUST01265,83026.18,29616.5,4,11,2024-01-22,2025-02-03,378,12.42,20756.54,0.32,35.67,2384.58
CUST01438,82936.43,34190.53,4,9,2024-04-12,2025-06-23,437,14.36,20734.11,0.28,41.22,2380.96
CUST00253,74675.67,25407.11,3,6,2024-07-04,2025-05-25,325,10.68,24891.89,0.28,34.02,2378.94
CUST00623,40156.85,9737.75,2,9,2024-11-06,2025-03-11,125,4.11,20078.42,0.49,24.25,2369.28
CUST00073,69650.23,18321.57,4,14,2024-01-11,2024-09-03,236,7.75,17412.56,0.52,26.31,2364.07
CUST00622,9771.98,2356.91,1,3,2024-08-08,2024-08-08,0,0.0,9771.98,1.0,24.12,2356.91
CUST00524,68699.31,23678.37,2,7,2024-04-24,2025-02-24,306,10.05,34349.66,0.2,34.47,2356.06
CUST00391,90981.45,37695.66,4,15,2024-02-28,2025-06-29,487,16.0,22745.36,0.25,41.43,2355.98
CUST00085,72544.9,17971.74,3,10,2024-06-28,2025-02-16,233,7.65,24181.63,0.39,24.77,2349.25
CUST00494,61018.84,20585.32,4,12,2024-01-19,2024-10-12,267,8.77,15254.71,0.46,33.74,2347.24
CUST01333,105127.58,27904.1,3,13,2024-03-03,2025-02-28,362,11.89,35042.53,0.25,26.54,2346.85
CUST01067,68170.42,27052.2,3,8,2024-04-19,2025-04-05,351,11.53,22723.47,0.26,39.68,2346.24
CUST00572,62669.33,24891.15,3,7,2024-02-22,2025-01-10,323,10.61,20889.78,0.28,39.72,2346.01
CUST01063,14079.6,4920.4,2,6,2025-03-11,2025-05-14,64,2.1,7039.8,0.95,34.95,2343.05
CUST00163,85559.15,26795.94,5,20,2024-02-12,2025-01-26,349,11.47,17111.83,0.44,31.32,2336.18
CUST00561,88295.51,36602.49,3,10,2024-03-08,2025-06-29,478,15.7,29431.84,0.19,41.45,2331.37
CUST01390,56033.33,13761.07,3,9,2024-04-12,2024-10-10,181,5.95,18677.78,0.5,24.56,2312.78
CUST01353,54095.94,15192.04,3,5,2024-09-27,2025-04-15,200,6.57,18031.98,0.46,28.08,2312.33
CUST00312,78673.1,18960.59,3,9,2024-08-09,2025-04-19,253,8.31,26224.37,0.36,24.1,2281.66
CUST00316,103703.54,33994.3,3,13,2024-03-08,2025-06-05,454,14.91,34567.85,0.2,32.78,2279.97
CUST00488,49341.53,19333.92,3,12,2024-09-22,2025-06-07,258,8.48,16447.18,0.35,39.18,2279.94
CUST01286,53563.75,17372.58,4,12,2024-02-25,2024-10-14,232,7.62,13390.94,0.52,32.43,2279.87
CUST00100,84393.72,26783.95,5,12,2024-02-02,2025-01-25,358,11.76,16878.74,0.43,31.74,2277.55
CUST00373,7783.94,2277.21,1,5,2024-03-28,2024-03-28,0,0.0,7783.94,1.0,29.26,2277.21
CUST01259,73634.0,22324.58,4,10,2024-06-21,2025-04-18,301,9.89,18408.5,0.4,30.32,2257.29
CUST00042,10848.85,3474.77,2,5,2024-05-22,2024-07-08,47,1.54,5424.42,1.3,32.03,2256.34
CUST00986,75438.75,24390.12,4,11,2024-01-15,2024-12-11,331,10.87,18859.69,0.37,32.33,2243.8
CUST00674,56727.13,16352.13,4,11,2024-07-19,2025-02-26,222,7.29,14181.78,0.55,28.83,2243.09
CUST00693,51243.58,12738.51,4,15,2024-04-11,2024-10-01,173,5.68,12810.9,0.7,24.86,2242.7
CUST01093,4839.3,2232.55,1,2,2024-06-30,2024-06-30,0,0.0,4839.3,1.0,46.13,2232.55
CUST00146,11413.5,2230.88,1,3,2025-04-24,2025-04-24,0,0.0,11413.5,1.0,19.55,2230.88
CUST01482,11109.62,4104.17,2,7,2025-04-16,2025-06-11,56,1.84,5554.81,1.09,36.94,2230.53
CUST01400,11308.02,2224.64,1,4,2024-05-14,2024-05-14,0,0.0,11308.02,1.0,19.67,2224.64
CUST00429,28225.68,7773.18,2,8,2024-04-18,2024-08-03,107,3.52,14112.84,0.57,27.54,2208.29
CUST00157,11510.51,2202.33,1,3,2025-01-19,2025-01-19,0,0.0,11510.51,1.0,19.13,2202.33
CUST01535,44261.4,16078.21,6,17,2024-10-13,2025-05-24,223,7.33,7376.9,0.82,36.33,2193.48
CUST01556,28531.01,10656.1,3,12,2024-11-29,2025-04-26,148,4.86,9510.34,0.62,37.35,2192.61
CUST01389,7130.37,2189.25,1,3,2024-04-13,2024-04-13,0,0.0,7130.37,1.0,30.7,2189.25
CUST00985,6730.26,2186.72,1,4,2025-03-24,2025-03-24,0,0.0,6730.26,1.0,32.49,2186.72
CUST01038,61688.74,23540.85,4,9,2024-03-10,2025-02-01,328,10.78,15422.18,0.37,38.16,2183.75
CUST01487,45077.36,16910.05,4,11,2024-09-14,2025-05-08,236,7.75,11269.34,0.52,37.51,2181.94
CUST00562,16714.52,3162.3,2,5,2024-10-05,2024-11-18,44,1.45,8357.26,1.38,18.92,2180.9
CUST00834,45376.77,13039.44,3,9,2024-09-14,2025-03-15,182,5.98,15125.59,0.5,28.74,2180.51
CUST01232,66089.07,25036.55,4,12,2024-02-07,2025-01-24,352,11.56,16522.27,0.35,37.88,2165.79
CUST00106,74651.61,27741.27,5,19,2024-06-04,2025-06-29,390,12.81,14930.32,0.39,37.16,2165.59
CUST01072,79138.64,20394.68,5,23,2024-06-21,2025-04-04,287,9.43,15827.73,0.53,25.77,2162.74
CUST01160,5484.86,2162.29,1,3,2024-12-02,2024-12-02,0,0.0,5484.86,1.0,39.42,2162.29
CUST00485,76636.06,28597.47,5,14,2024-04-28,2025-06-05,403,13.24,15327.21,0.38,37.32,2159.93
CUST00255,34538.35,8002.44,2,5,2024-08-22,2024-12-13,113,3.71,17269.18,0.54,23.17,2156.99
CUST00760,21849.81,6724.62,3,6,2024-09-05,2024-12-09,95,3.12,7283.27,0.96,30.78,2155.33
CUST01594,9449.41,2153.58,1,5,2024-10-24,2024-10-24,0,0.0,9449.41,1.0,22.79,2153.58
CUST01138,61143.17,24803.97,3,11,2024-02-25,2025-02-10,351,11.53,20381.06,0.26,40.57,2151.25
CUST00262,67884.61,26929.03,3,7,2024-04-03,2025-04-20,382,12.55,22628.2,0.24,39.67,2145.74
CUST00643,83253.03,29504.3,4,13,2024-05-06,2025-06-29,419,13.76,20813.26,0.29,35.44,2144.21
CUST01483,6409.37,2143.29,1,4,2024-08-13,2024-08-13,0,0.0,6409.37,1.0,33.44,2143.29
CUST00109,8649.01,2142.05,1,3,2025-06-01,2025-06-01,0,0.0,8649.01,1.0,24.77,2142.05
CUST00175,103647.5,34951.22,4,15,2024-01-21,2025-06-02,498,16.36,25911.88,0.24,33.72,2136.38
CUST00415,80244.11,28271.99,2,7,2024-02-25,2025-04-07,407,13.37,40122.06,0.15,35.23,2114.58
CUST00918,4747.19,2112.49,1,3,2025-04-02,2025-04-02,0,0.0,4747.19,1.0,44.5,2112.49
CUST01049,52496.16,21197.77,2,6,2024-02-25,2024-12-27,306,10.05,26248.08,0.2,40.38,2109.23
CUST00890,21552.4,5544.71,3,7,2024-07-17,2024-10-05,80,2.63,7184.13,1.14,25.73,2108.25
CUST01462,61289.17,24710.24,4,14,2024-06-18,2025-06-10,357,11.73,15322.29,0.34,40.32,2106.58
CUST00271,129455.38,25497.53,5,14,2024-05-06,2025-05-10,369,12.12,25891.08,0.41,19.7,2103.76
CUST01131,79346.72,23410.99,4,15,2024-04-01,2025-03-06,339,11.14,19836.68,0.36,29.5,2101.53
CUST01411,56851.01,17948.67,3,9,2024-04-28,2025-01-14,261,8.57,18950.34,0.35,31.57,2094.36
CUST01108,70002.87,21038.34,4,10,2024-06-28,2025-04-30,306,10.05,17500.72,0.4,30.05,2093.37
CUST00019,4606.09,2091.21,1,2,2025-03-09,2025-03-09,0,0.0,4606.09,1.0,45.4,2091.21
CUST01476,7964.03,2081.53,1,2,2024-12-20,2024-12-20,0,0.0,7964.03,1.0,26.14,2081.53
CUST01332,39376.15,14005.42,3,11,2024-07-08,2025-01-29,205,6.73,13125.38,0.45,35.57,2081.04
CUST01543,9201.73,2077.8,1,2,2025-04-24,2025-04-24,0,0.0,9201.73,1.0,22.58,2077.8
CUST01245,53755.65,23127.95,4,11,2024-01-26,2024-12-31,340,11.17,13438.91,0.36,43.02,2070.54
CUST00581,32193.66,11887.37,3,8,2024-11-11,2025-05-05,175,5.75,10731.22,0.52,36.92,2067.37
CUST00978,27657.14,8790.89,3,5,2024-02-19,2024-06-28,130,4.27,9219.05,0.7,31.79,2058.76
CUST00867,92584.9,22781.15,3,11,2024-02-24,2025-01-26,337,11.07,30861.63,0.27,24.61,2057.92
CUST00218,53931.69,17498.0,4,16,2024-05-30,2025-02-13,259,8.51,13482.92,0.47,32.44,2056.17
CUST00862,50007.78,19027.91,3,12,2024-04-27,2025-02-03,282,9.26,16669.26,0.32,38.05,2054.85
CUST01360,79415.75,28524.67,5,15,2024-01-07,2025-03-05,423,13.9,15883.15,0.36,35.92,2052.13
CUST00604,66099.31,23065.12,2,8,2024-03-08,2025-02-14,343,11.27,33049.66,0.18,34.89,2046.59
CUST01221,29460.07,12821.68,3,10,2024-06-27,2025-01-05,192,6.31,9820.02,0.48,43.52,2031.96
CUST00281,73564.48,32619.52,3,10,2024-02-07,2025-06-10,489,16.06,24521.49,0.19,44.34,2031.1
CUST00844,69660.6,27380.35,4,11,2024-03-02,2025-04-17,411,13.5,17415.15,0.3,39.31,2028.17
CUST00772,73386.25,29022.69,3,11,2024-02-06,2025-04-17,436,14.32,24462.08,0.21,39.55,2026.72
CUST00044,80250.34,27546.87,4,11,2024-05-05,2025-06-25,416,13.67,20062.58,0.29,34.33,2015.13
CUST00705,106026.44,27399.75,8,22,2024-05-07,2025-06-26,415,13.63,13253.3,0.59,25.84,2010.25
CUST00859,19235.32,6727.15,2,5,2024-11-22,2025-03-04,102,3.35,9617.66,0.6,34.97,2008.1
CUST01153,73027.1,17742.12,5,15,2024-01-11,2024-10-06,269,8.84,14605.42,0.57,24.3,2007.03
CUST01132,11305.05,4333.29,2,3,2024-09-19,2024-11-24,66,2.17,5652.52,0.92,38.33,1996.91
CUST00626,56484.99,16597.95,4,10,2024-10-15,2025-06-26,254,8.34,14121.25,0.48,29.38,1990.16
CUST01100,60449.17,23656.28,4,15,2024-02-02,2025-01-30,363,11.93,15112.29,0.34,39.13,1982.92
CUST00766,5961.12,1976.36,1,1,2024-12-06,2024-12-06,0,0.0,5961.12,1.0,33.15,1976.36
CUST01297,104247.46,30912.02,7,24,2024-02-10,2025-06-01,477,15.67,14892.49,0.45,29.65,1972.69
CUST00037,108047.82,27925.51,4,12,2024-02-24,2025-04-30,431,14.16,27011.96,0.28,25.85,1972.14
CUST00143,63143.9,16719.67,4,9,2024-08-23,2025-05-08,258,8.48,15785.98,0.47,26.48,1971.66
CUST00764,4709.7,1965.09,1,2,2025-02-07,2025-02-07,0,0.0,4709.7,1.0,41.72,1965.09
CUST00096,18232.99,5025.6,2,5,2024-06-04,2024-08-21,78,2.56,9116.49,0.78,27.56,1963.12
CUST00190,77017.68,22766.57,3,10,2024-05-07,2025-04-25,353,11.6,25672.56,0.26,29.56,1962.64
CUST01537,49716.44,17853.66,4,10,2024-03-19,2024-12-21,277,9.1,12429.11,0.44,35.91,1961.94
CUST00569,19850.82,8564.36,2,4,2024-09-15,2025-01-26,133,4.37,9925.41,0.46,43.14,1959.81
CUST01146,48974.44,12283.79,4,12,2024-12-13,2025-06-22,191,6.27,12243.61,0.64,25.08,1959.14
CUST00315,6571.56,1958.48,1,4,2024-02-10,2024-02-10,0,0.0,6571.56,1.0,29.8,1958.48
CUST00861,24465.5,6243.94,2,7,2024-12-19,2025-03-26,97,3.19,12232.75,0.63,25.52,1957.35
CUST01334,52880.89,18027.4,4,8,2024-08-11,2025-05-19,281,9.23,13220.22,0.43,34.09,1953.13
CUST00638,4237.19,1952.32,1,1,2024-04-05,2024-04-05,0,0.0,4237.19,1.0,46.08,1952.32
CUST01373,97764.43,29296.87,5,21,2024-02-03,2025-05-05,457,15.01,19552.89,0.33,29.97,1951.82
CUST00403,69728.36,28382.96,5,15,2024-03-26,2025-06-12,443,14.55,13945.67,0.34,40.71,1950.72
CUST01217,128492.12,29385.0,4,10,2024-01-16,2025-04-20,460,15.11,32123.03,0.26,22.87,1944.74
CUST01513,78196.5,25596.02,2,5,2024-03-27,2025-05-02,401,13.17,39098.25,0.15,32.73,1943.51
CUST00800,5566.67,1931.88,1,2,2025-04-13,2025-04-13,0,0.0,5566.67,1.0,34.7,1931.88
CUST00245,53725.81,19781.0,4,13,2024-03-23,2025-01-30,313,10.28,13431.45,0.39,36.82,1924.22
CUST00039,44870.17,20148.09,5,20,2024-01-07,2024-11-23,321,10.55,8974.03,0.47,44.9,1909.77
CUST01583,29679.77,7455.92,3,10,2024-01-06,2024-05-04,119,3.91,9893.26,0.77,25.12,1906.88
CUST00877,48852.33,19532.23,5,17,2024-06-07,2025-04-15,312,10.25,9770.47,0.49,39.98,1905.58
CUST01142,81453.36,29039.12,7,16,2024-01-25,2025-05-03,464,15.24,11636.19,0.46,35.65,1905.45
CUST01126,24453.53,7883.97,3,6,2024-05-06,2024-09-09,126,4.14,8151.18,0.72,32.24,1904.34
CUST00854,80761.93,26188.65,7,21,2024-04-26,2025-06-19,419,13.76,11537.42,0.51,32.43,1903.24
CUST00410,10972.6,1900.96,1,4,2024-08-13,2024-08-13,0,0.0,10972.6,1.0,17.32,1900.96
CUST00440,9533.26,1900.9,1,3,2024-10-12,2024-10-12,0,0.0,9533.26,1.0,19.94,1900.9
CUST01061,36995.78,16271.29,3,11,2024-07-26,2025-04-13,261,8.57,12331.93,0.35,43.98,1898.63
CUST00479,53024.43,14843.88,2,8,2024-06-28,2025-02-21,238,7.82,26512.21,0.26,27.99,1898.19
CUST00992,93673.89,25660.01,3,11,2024-02-16,2025-04-04,413,13.57,31224.63,0.22,27.39,1890.94
CUST00803,5013.44,1890.5,1,2,2025-01-13,2025-01-13,0,0.0,5013.44,1.0,37.71,1890.5
CUST01215,157101.82,28906.17,5,17,2024-01-30,2025-05-12,468,15.37,31420.36,0.33,18.4,1880.69
CUST00615,8786.17,2030.99,2,5,2024-12-13,2025-01-15,33,1.08,4393.08,1.85,23.12,1880.55
CUST01094,34959.13,10568.29,2,7,2024-01-22,2024-07-11,171,5.62,17479.57,0.36,30.23,1880.48
CUST00171,85459.55,22428.97,4,15,2024-06-23,2025-06-21,363,11.93,21364.89,0.34,26.25,1880.05
CUST00230,21229.66,6471.38,3,11,2024-10-17,2025-01-30,105,3.45,7076.55,0.87,30.48,1875.76
CUST00547,38670.29,14948.93,3,6,2024-10-30,2025-06-30,243,7.98,12890.1,0.38,38.66,1873.3
CUST00912,60767.18,17263.09,4,14,2024-09-20,2025-06-28,281,9.23,15191.8,0.43,28.41,1870.32
CUST00168,5924.06,1869.01,1,1,2024-03-15,2024-03-15,0,0.0,5924.06,1.0,31.55,1869.01
CUST00308,8812.92,1867.75,1,1,2025-03-22,2025-03-22,0,0.0,8812.92,1.0,21.19,1867.75
CUST00661,70469.33,19748.18,2,8,2024-06-29,2025-05-17,322,10.58,35234.66,0.19,28.02,1866.56
CUST00091,4894.12,1862.34,1,3,2024-04-05,2024-04-05,0,0.0,4894.12,1.0,38.05,1862.34
CUST01241,49648.09,20322.7,3,7,2024-05-30,2025-04-28,333,10.94,16549.36,0.27,40.93,1857.65
CUST01220,70246.04,26059.29,4,13,2024-03-21,2025-05-22,427,14.03,17561.51,0.29,37.1,1857.4
CUST00299,70931.18,17196.71,4,12,2024-01-19,2024-10-27,282,9.26,17732.8,0.43,24.24,1857.1
CUST01505,3985.52,1854.87,1,1,2025-03-18,2025-03-18,0,0.0,3985.52,1.0,46.54,1854.87
CUST00526,52283.76,17673.98,3,10,2024-07-13,2025-04-29,290,9.53,17427.92,0.31,33.8,1854.56
CUST01296,45550.41,14250.27,3,12,2024-04-15,2024-12-05,234,7.69,15183.47,0.39,31.28,1853.09
CUST00083,41823.33,16125.37,3,7,2024-05-19,2025-02-09,266,8.74,13941.11,0.34,38.56,1845.01
CUST00819,74024.97,29797.42,3,13,2024-01-20,2025-05-26,492,16.16,24674.99,0.19,40.25,1843.9
CUST00290,47885.99,20288.84,3,8,2024-07-23,2025-06-23,335,11.01,15962.0,0.27,42.37,1842.76
CUST01599,22400.14,7191.46,4,12,2024-04-22,2024-08-19,119,3.91,5600.04,1.02,32.1,1839.25
CUST00973,18319.58,5728.46,3,4,2024-06-07,2024-09-10,95,3.12,6106.53,0.96,31.27,1836.04
CUST01173,62100.03,16208.79,4,11,2024-07-01,2025-03-27,269,8.84,15525.01,0.45,26.1,1833.57
CUST01121,51082.45,20954.4,4,12,2024-01-10,2024-12-23,348,11.43,12770.61,0.35,41.02,1833.28
CUST01563,36313.0,13595.73,3,9,2024-07-06,2025-02-17,226,7.42,12104.33,0.4,37.44,1832.31
CUST00917,10989.54,1829.09,1,1,2025-06-17,2025-06-17,0,0.0,10989.54,1.0,16.64,1829.09
CUST01172,6016.5,1828.42,1,4,2024-02-15,2024-02-15,0,0.0,6016.5,1.0,30.39,1828.42
CUST01196,39762.46,15413.68,3,12,2024-10-15,2025-06-29,257,8.44,13254.15,0.36,38.76,1826.27
CUST00025,10802.82,3484.37,2,4,2024-03-17,2024-05-14,58,1.91,5401.41,1.05,32.25,1824.28
CUST01570,38810.37,11260.41,2,9,2024-01-10,2024-07-16,188,6.18,19405.18,0.32,29.01,1822.07
CUST00144,46218.76,12922.14,5,20,2024-04-10,2024-11-13,217,7.13,9243.75,0.7,27.96,1812.36
CUST00126,76255.74,16687.72,4,15,2024-09-02,2025-06-10,281,9.23,19063.94,0.43,21.88,1807.99
CUST01194,5643.96,1806.69,1,2,2025-04-27,2025-04-27,0,0.0,5643.96,1.0,32.01,1806.69
CUST00866,76160.45,24654.72,5,13,2024-04-11,2025-06-02,417,13.7,15232.09,0.36,32.37,1799.61
CUST01423,9174.89,1795.17,1,5,2024-11-05,2024-11-05,0,0.0,9174.89,1.0,19.57,1795.17
CUST01042,41830.13,15008.18,2,4,2024-07-26,2025-04-08,256,8.41,20915.06,0.24,35.88,1784.56
CUST00069,32111.7,8895.07,3,9,2024-01-19,2024-06-19,152,4.99,10703.9,0.6,27.7,1782.58
CUST01103,5366.07,1580.75,2,5,2024-07-24,2024-08-20,27,0.89,2683.04,2.25,29.46,1776.12
CUST00774,3753.54,1765.87,1,4,2024-08-23,2024-08-23,0,0.0,3753.54,1.0,47.05,1765.87
CUST00617,20065.44,6949.2,3,5,2025-01-01,2025-05-01,120,3.94,6688.48,0.76,34.63,1763.76
CUST00337,45276.71,16503.79,4,12,2024-09-11,2025-06-23,285,9.36,11319.18,0.43,36.45,1763.23
CUST00664,13766.89,3700.81,2,4,2024-11-30,2025-02-02,64,2.1,6883.44,0.95,26.88,1762.29
CUST01374,13593.14,4905.37,2,5,2024-03-15,2024-06-08,85,2.79,6796.57,0.72,36.09,1758.2
CUST01416,44268.04,18999.41,2,9,2024-01-16,2024-12-10,329,10.81,22134.02,0.19,42.92,1757.58
CUST01119,54259.19,19259.13,5,15,2024-02-22,2025-01-22,335,11.01,10851.84,0.45,35.49,1749.24
CUST01295,43025.16,18437.93,3,9,2024-03-22,2025-02-06,321,10.55,14341.72,0.28,42.85,1747.67
CUST01252,38906.92,7958.83,2,3,2024-10-22,2025-03-10,139,4.57,19453.46,0.44,20.46,1741.54
CUST00297,91843.79,26603.21,8,17,2024-02-23,2025-06-02,465,15.28,11480.47,0.52,28.97,1741.05
CUST01201,20992.71,8281.56,2,5,2024-11-04,2025-03-29,145,4.76,10496.36,0.42,39.45,1739.82
CUST00781,68066.24,20101.62,3,5,2024-03-27,2025-03-16,354,11.63,22688.75,0.26,29.53,1728.43
CUST00898,58980.71,20936.06,5,14,2024-06-02,2025-06-07,370,12.16,11796.14,0.41,35.5,1721.72
CUST00135,51826.75,17658.64,6,18,2024-04-03,2025-02-10,313,10.28,8637.79,0.58,34.07,1717.77
CUST01457,32535.71,10417.86,2,7,2024-08-09,2025-02-10,185,6.08,16267.86,0.33,32.02,1713.46
CUST01597,31077.73,9274.64,3,6,2024-11-08,2025-04-22,165,5.42,10359.24,0.55,29.84,1711.19
CUST00970,29527.46,12541.49,3,11,2024-02-21,2024-10-01,223,7.33,9842.49,0.41,42.47,1710.98
CUST01053,62586.64,18098.69,5,14,2024-05-02,2025-03-20,322,10.58,12517.33,0.47,28.92,1710.65
CUST00147,90302.64,27506.08,4,15,2024-02-21,2025-06-26,491,16.13,22575.66,0.25,30.46,1705.27
CUST01299,60062.95,14280.81,3,8,2024-04-14,2024-12-25,255,8.38,20020.98,0.36,23.78,1704.15
CUST00768,26437.04,10747.74,2,4,2024-02-23,2024-09-02,192,6.31,13218.52,0.32,40.65,1703.29
CUST00029,126837.6,25381.55,3,10,2024-03-04,2025-06-02,455,14.95,42279.2,0.2,20.01,1697.76
CUST00421,9496.02,1696.14,1,5,2024-10-30,2024-10-30,0,0.0,9496.02,1.0,17.86,1696.14
CUST00192,41196.43,16605.69,4,11,2024-01-01,2024-10-26,299,9.82,10299.11,0.41,40.31,1691.01
CUST00332,66878.99,23535.35,6,16,2024-02-10,2025-04-09,424,13.93,11146.5,0.43,35.19,1689.54
CUST01107,34810.02,10091.42,3,11,2024-02-14,2024-08-14,182,5.98,11603.34,0.5,28.99,1687.53
CUST00863,73265.64,23166.19,5,14,2024-01-21,2025-03-14,418,13.73,14653.13,0.36,31.62,1687.27
CUST01379,88032.06,25536.46,4,12,2024-02-03,2025-05-10,462,15.18,22008.02,0.26,29.01,1682.24
CUST01304,43430.82,20387.67,2,5,2024-01-14,2025-01-17,369,12.12,21715.41,0.17,46.94,1682.15
CUST01258,67103.61,26135.92,4,10,2024-02-28,2025-06-15,473,15.54,16775.9,0.26,38.95,1681.85
CUST00064,37857.44,12478.84,2,5,2024-04-30,2024-12-12,226,7.42,18928.72,0.27,32.96,1681.78
CUST00545,39789.87,11377.98,3,9,2024-09-28,2025-04-22,206,6.77,13263.29,0.44,28.6,1680.65
CUST00396,37959.08,15713.96,3,11,2024-05-08,2025-02-17,285,9.36,12653.03,0.32,41.4,1678.84
CUST00655,64703.2,20513.42,3,9,2024-05-24,2025-06-01,373,12.25,21567.73,0.24,31.7,1674.56
CUST00261,15478.16,4404.03,3,11,2024-10-16,2025-01-04,80,2.63,5159.39,1.14,28.45,1674.54
CUST00590,64187.55,22149.27,4,13,2024-01-14,2025-02-20,403,13.24,16046.89,0.3,34.51,1672.91
CUST00036,63736.79,22494.59,5,13,2024-03-07,2025-04-21,410,13.47,12747.36,0.37,35.29,1669.98
CUST01212,35859.75,15742.49,4,14,2024-07-06,2025-04-19,287,9.43,8964.94,0.42,43.9,1669.41
CUST00348,10123.72,2803.67,2,7,2024-08-07,2024-09-27,51,1.68,5061.86,1.19,27.69,1668.85
CUST00905,109862.32,28873.56,5,13,2024-01-14,2025-06-24,527,17.31,21972.46,0.29,26.28,1668.03
CUST00786,6041.27,1665.44,1,2,2024-12-07,2024-12-07,0,0.0,6041.27,1.0,27.57,1665.44
CUST00841,53663.66,14630.33,4,15,2024-07-13,2025-04-07,268,8.8,13415.92,0.45,27.26,1662.54
CUST01182,53606.65,16898.13,4,11,2024-05-22,2025-03-28,310,10.18,13401.66,0.39,31.52,1659.93
CUST00936,36631.51,12044.72,2,4,2024-06-23,2025-01-30,221,7.26,18315.75,0.28,32.88,1659.05
CUST00583,24504.93,7619.72,3,10,2024-04-16,2024-09-03,140,4.6,8168.31,0.65,31.09,1656.46
CUST01561,38646.93,13831.2,3,9,2024-05-25,2025-02-04,255,8.38,12882.31,0.36,35.79,1650.5
CUST00815,41847.25,17553.15,3,8,2024-07-15,2025-06-04,324,10.64,13949.08,0.28,41.95,1649.73
CUST01545,102475.7,24967.88,7,23,2024-02-05,2025-05-11,461,15.14,14639.39,0.46,24.36,1649.13
CUST00465,52320.17,20715.32,2,4,2024-04-09,2025-04-27,383,12.58,26160.08,0.16,39.59,1646.69
CUST00825,71724.81,24512.62,5,16,2024-03-09,2025-06-07,455,14.95,14344.96,0.33,34.18,1639.64
CUST00006,12964.9,3387.81,2,4,2024-04-16,2024-06-18,63,2.07,6482.45,0.97,26.13,1636.62
CUST00445,27796.96,12235.14,2,5,2024-06-25,2025-02-08,228,7.49,13898.48,0.27,44.02,1633.53
CUST01163,56356.56,25022.01,4,15,2024-03-14,2025-06-26,469,15.41,14089.14,0.26,44.4,1623.75
CUST01274,61737.51,16503.32,5,13,2024-06-30,2025-05-06,310,10.18,12347.5,0.49,26.73,1621.15
CUST00131,46697.76,17101.01,3,10,2024-04-06,2025-02-21,321,10.55,15565.92,0.28,36.62,1620.95
CUST01466,16781.57,5212.79,2,8,2025-02-25,2025-06-03,98,3.22,8390.78,0.62,31.06,1618.88
CUST01018,66817.89,25413.25,5,8,2024-01-13,2025-05-06,479,15.74,13363.58,0.32,38.03,1614.56
CUST00282,90531.17,28100.74,6,21,2024-01-15,2025-06-28,530,17.41,15088.53,0.34,31.04,1614.06
CUST00523,3662.5,1612.64,1,3,2025-05-16,2025-05-16,0,0.0,3662.5,1.0,44.03,1612.64
CUST01294,45662.78,17747.24,4,13,2024-05-20,2025-04-20,335,11.01,11415.7,0.36,38.87,1611.92
CUST01366,80186.52,19374.97,3,8,2024-03-27,2025-03-28,366,12.02,26728.84,0.25,24.16,1611.89
CUST01473,9029.48,1610.9,1,3,2024-04-01,2024-04-01,0,0.0,9029.48,1.0,17.84,1610.9
CUST00436,8587.96,1606.21,1,3,2024-05-06,2024-05-06,0,0.0,8587.96,1.0,18.7,1606.21
CUST00763,59521.11,17036.19,4,8,2024-08-09,2025-06-28,323,10.61,14880.28,0.38,28.62,1605.67
CUST01433,75788.66,21618.01,3,10,2024-02-04,2025-03-20,410,13.47,25262.89,0.22,28.52,1604.9
CUST01105,28490.7,7050.79,2,6,2024-06-11,2024-10-23,134,4.4,14245.35,0.45,24.75,1602.45
CUST00701,13150.93,5513.95,2,5,2024-05-10,2024-08-23,105,3.45,6575.46,0.58,41.93,1598.25
CUST00751,3336.99,1597.97,1,1,2024-10-18,2024-10-18,0,0.0,3336.99,1.0,47.89,1597.97
CUST00208,17742.35,6807.37,3,10,2025-01-09,2025-05-19,130,4.27,5914.12,0.7,38.37,1594.23
CUST00090,6873.6,2511.58,2,5,2024-02-12,2024-03-31,48,1.58,3436.8,1.27,36.54,1589.61
CUST01236,42788.53,18806.3,2,9,2024-04-01,2025-03-28,361,11.86,21394.26,0.17,43.95,1585.69
CUST01478,77434.49,23523.03,4,20,2024-03-24,2025-06-19,452,14.85,19358.62,0.27,30.38,1584.04
CUST00754,22134.79,8376.01,3,7,2024-05-06,2024-10-14,161,5.29,7378.26,0.57,37.84,1583.37
CUST01191,77404.86,27751.5,6,18,2024-01-10,2025-06-29,536,17.61,12900.81,0.34,35.85,1575.89
CUST01398,6361.93,1574.34,1,2,2024-08-11,2024-08-11,0,0.0,6361.93,1.0,24.75,1574.34
CUST00040,22893.39,6307.82,2,3,2024-11-28,2025-03-30,122,4.01,11446.7,0.5,27.55,1573.02
CUST01376,60264.11,20077.21,4,7,2024-06-02,2025-06-27,390,12.81,15066.03,0.31,33.32,1567.31
CUST01048,3726.4,1123.39,2,2,2024-12-03,2024-12-25,22,0.72,1863.2,2.78,30.15,1560.26
CUST00236,65902.41,23118.57,6,22,2024-03-22,2025-06-16,451,14.82,10983.74,0.4,35.08,1559.96
CUST01361,4647.65,1559.25,1,1,2024-07-13,2024-07-13,0,0.0,4647.65,1.0,33.55,1559.25
CUST00951,19823.08,6651.82,2,8,2025-02-19,2025-06-29,130,4.27,9911.54,0.47,33.56,1557.8
CUST00047,29182.6,8799.46,3,7,2024-09-12,2025-03-03,172,5.65,9727.53,0.53,30.15,1557.43
CUST00215,58304.11,18021.22,6,21,2024-04-10,2025-03-29,353,11.6,9717.35,0.52,30.91,1553.55
CUST01166,110792.93,26333.27,5,16,2024-01-13,2025-06-13,517,16.98,22158.59,0.29,23.77,1550.84
CUST00134,25639.66,10854.24,3,9,2024-03-28,2024-10-27,213,7.0,8546.55,0.43,42.33,1550.61
CUST00568,3277.5,1531.81,1,3,2024-12-12,2024-12-12,0,0.0,3277.5,1.0,46.74,1531.81
CUST01591,76438.98,23300.46,5,13,2024-01-18,2025-04-26,464,15.24,15287.8,0.33,30.48,1528.9
CUST00254,70841.25,24857.25,3,13,2024-02-09,2025-06-20,497,16.33,23613.75,0.18,35.09,1522.18
CUST01529,78642.5,25080.37,6,15,2024-01-06,2025-05-22,502,16.49,13107.08,0.36,31.89,1520.94
CUST01046,5234.31,1516.91,1,2,2024-06-27,2024-06-27,0,0.0,5234.31,1.0,28.98,1516.91
CUST00150,24596.05,7549.47,2,6,2024-01-14,2024-06-15,153,5.03,12298.02,0.4,30.69,1500.89
CUST00582,3597.07,1499.13,1,5,2024-02-16,2024-02-16,0,0.0,3597.07,1.0,41.68,1499.13
CUST00670,4311.54,1496.3,1,1,2025-05-04,2025-05-04,0,0.0,4311.54,1.0,34.7,1496.3
CUST01399,39038.56,12758.16,4,13,2024-01-30,2024-10-16,260,8.54,9759.64,0.47,32.68,1493.93
CUST01510,85286.28,20386.75,3,12,2024-03-18,2025-05-08,416,13.67,28428.76,0.22,23.9,1491.35
CUST01530,42382.22,14527.32,2,3,2024-02-22,2024-12-15,297,9.76,21191.11,0.2,34.28,1488.45
CUST01414,56075.49,22829.93,3,12,2024-01-16,2025-04-27,467,15.34,18691.83,0.2,40.71,1488.26
CUST01551,65910.29,25307.91,4,13,2024-01-17,2025-06-18,518,17.02,16477.57,0.24,38.4,1486.95
CUST00140,6891.74,1484.27,1,1,2024-12-31,2024-12-31,0,0.0,6891.74,1.0,21.54,1484.27
CUST00453,63502.38,20616.57,3,13,2024-04-01,2025-05-29,423,13.9,21167.46,0.22,32.47,1483.21
CUST00070,39473.95,16648.83,3,9,2024-05-25,2025-05-02,342,11.24,13157.98,0.27,42.18,1481.21
CUST00288,36795.11,13173.22,2,3,2024-08-03,2025-05-01,271,8.9,18397.56,0.22,35.8,1480.14
CUST01571,87902.76,22366.83,5,14,2024-01-03,2025-04-08,461,15.14,17580.55,0.33,25.44,1477.33
CUST00543,113266.59,25459.13,5,15,2024-01-20,2025-06-30,527,17.31,22653.32,0.29,22.48,1470.78
CUST00045,64755.99,18487.4,2,6,2024-06-01,2025-06-21,385,12.65,32378.0,0.16,28.55,1461.45
CUST00264,27446.12,6756.61,2,8,2024-06-10,2024-10-29,141,4.63,13723.06,0.43,24.62,1459.31
CUST01418,44000.04,17204.9,3,10,2024-01-13,2025-01-06,359,11.79,14666.68,0.25,39.1,1459.28
CUST00449,39672.98,15624.71,4,11,2024-01-25,2024-12-16,326,10.71,9918.24,0.37,39.38,1458.89
CUST01362,42005.53,15801.89,3,9,2024-05-08,2025-04-03,330,10.84,14001.84,0.28,37.62,1457.74
CUST00846,59160.72,23032.03,2,9,2024-01-14,2025-05-09,481,15.8,29580.36,0.13,38.93,1457.72
CUST01129,35079.17,10638.02,3,5,2024-02-03,2024-09-13,223,7.33,11693.06,0.41,30.33,1451.3
CUST00924,42495.04,17828.76,4,11,2024-05-23,2025-06-01,374,12.29,10623.76,0.33,41.95,1450.67
CUST00888,33224.83,9081.65,3,6,2024-04-26,2024-11-03,191,6.27,11074.94,0.48,27.33,1448.43
CUST00471,60723.74,20146.58,4,15,2024-03-03,2025-05-02,425,13.96,15180.94,0.29,33.18,1443.16
CUST00333,32006.15,9243.16,4,13,2024-05-19,2024-11-30,195,6.41,8001.54,0.62,28.88,1441.99
CUST00427,28111.41,12063.95,3,7,2024-02-13,2024-10-26,256,8.41,9370.47,0.36,42.91,1434.48
CUST00187,48637.62,17217.54,4,19,2024-01-27,2025-01-27,366,12.02,12159.4,0.33,35.4,1432.41
CUST00823,57994.03,21520.31,5,15,2024-02-21,2025-05-24,458,15.05,11598.81,0.33,37.11,1429.92
CUST00298,79756.48,20468.79,6,24,2024-03-03,2025-05-13,436,14.32,13292.75,0.42,25.66,1429.38
CUST00618,38111.89,15346.35,3,7,2024-06-28,2025-05-21,327,10.74,12703.96,0.28,40.27,1428.9
CUST01289,6395.1,1426.6,1,4,2024-10-30,2024-10-30,0,0.0,6395.1,1.0,22.31,1426.6
CUST00050,10660.88,3423.56,2,7,2024-04-02,2024-06-14,73,2.4,5330.44,0.83,32.11,1426.48
CUST01043,39704.0,10775.84,4,14,2024-02-20,2024-10-07,230,7.56,9926.0,0.53,27.14,1425.38
CUST00794,43128.31,15389.09,3,10,2024-02-20,2025-01-14,329,10.81,14376.1,0.28,35.68,1423.6
CUST00343,66163.75,21338.76,6,17,2024-03-03,2025-06-03,457,15.01,11027.29,0.4,32.25,1421.64
CUST01520,9120.51,2983.97,3,8,2024-07-03,2024-09-05,64,2.1,3040.17,1.43,32.72,1420.94
CUST00458,49928.47,18561.36,3,12,2024-04-21,2025-05-24,398,13.07,16642.82,0.23,37.18,1420.15
CUST01024,80628.81,14855.57,2,8,2024-06-06,2025-04-21,319,10.48,40314.4,0.19,18.42,1417.52
CUST00305,32195.21,10333.65,4,7,2024-03-06,2024-10-14,222,7.29,8048.8,0.55,32.1,1417.51
CUST01375,23692.02,8843.75,4,13,2024-12-09,2025-06-17,190,6.24,5923.0,0.64,37.33,1417.27
CUST00448,83828.43,23160.82,6,17,2024-01-01,2025-05-13,498,16.36,13971.4,0.37,27.63,1415.7
CUST00631,50560.26,10175.68,3,8,2024-05-03,2024-12-08,219,7.19,16853.42,0.42,20.13,1415.25
CUST00633,49233.43,21501.65,3,9,2024-03-12,2025-06-18,463,15.21,16411.14,0.2,43.67,1413.65
CUST01587,3148.77,1412.87,1,3,2024-12-12,2024-12-12,0,0.0,3148.77,1.0,44.87,1412.87
CUST00922,46877.28,10886.71,2,9,2024-01-14,2024-09-05,235,7.72,23438.64,0.26,23.22,1410.2
CUST00162,40679.77,13608.29,3,10,2024-07-19,2025-05-09,294,9.66,13559.92,0.31,33.45,1408.73
CUST00976,8637.13,3563.11,2,5,2024-11-22,2025-02-07,77,2.53,4318.56,0.79,41.25,1408.34
CUST01162,73693.03,20962.08,5,22,2024-03-21,2025-06-18,454,14.91,14738.61,0.34,28.45,1405.91
CUST01372,55990.34,19851.72,6,16,2024-04-11,2025-06-15,430,14.13,9331.72,0.42,35.46,1404.93
CUST01058,35288.46,13194.04,3,10,2024-07-27,2025-05-09,286,9.4,11762.82,0.32,37.39,1403.62
CUST00179,3428.45,1400.86,1,3,2025-04-01,2025-04-01,0,0.0,3428.45,1.0,40.86,1400.86
CUST00508,3389.01,1398.15,1,2,2024-02-15,2024-02-15,0,0.0,3389.01,1.0,41.26,1398.15
CUST00265,56967.7,14766.21,4,13,2024-03-11,2025-01-28,323,10.61,14241.92,0.38,25.92,1391.73
CUST01195,47455.36,17280.52,4,11,2024-04-24,2025-05-07,378,12.42,11863.84,0.32,36.41,1391.35
CUST00272,29735.7,9913.95,2,5,2024-01-24,2024-08-28,217,7.13,14867.85,0.28,33.34,1390.46
CUST00079,47882.44,12331.33,3,9,2024-08-06,2025-05-03,270,8.87,15960.81,0.34,25.75,1390.23
CUST00010,65565.31,17418.94,4,12,2024-06-05,2025-06-23,383,12.58,16391.33,0.32,26.57,1384.65
CUST00725,32214.74,12375.52,4,11,2024-01-15,2024-10-13,272,8.94,8053.68,0.45,38.42,1384.29
CUST00677,54655.99,19622.94,4,11,2024-04-06,2025-06-12,432,14.19,13664.0,0.28,35.9,1382.87
CUST01177,3443.69,1382.67,1,5,2024-02-21,2024-02-21,0,0.0,3443.69,1.0,40.15,1382.67
CUST00412,29031.13,10629.0,3,9,2024-04-03,2024-11-23,234,7.69,9677.04,0.39,36.61,1382.18
CUST00459,68425.41,17843.07,4,10,2024-03-07,2025-04-04,393,12.91,17106.35,0.31,26.08,1382.11
CUST00946,51240.2,19670.19,5,10,2024-03-27,2025-06-05,435,14.29,10248.04,0.35,38.39,1376.5
CUST00362,4491.25,1375.89,1,1,2024-06-14,2024-06-14,0,0.0,4491.25,1.0,30.63,1375.89
CUST01536,36523.91,13837.52,4,6,2024-03-26,2025-01-27,307,10.09,9130.98,0.4,37.89,1371.41
CUST00762,41066.64,13562.38,3,11,2024-06-11,2025-04-08,301,9.89,13688.88,0.3,33.03,1371.32
CUST00268,57055.5,16783.39,4,13,2024-02-23,2025-03-02,373,12.25,14263.88,0.33,29.42,1370.07
CUST00382,42671.63,10701.85,4,14,2024-06-01,2025-01-25,238,7.82,10667.91,0.51,25.08,1368.52
CUST01442,21369.54,6059.94,2,7,2024-12-16,2025-04-30,135,4.43,10684.77,0.45,28.36,1367.93
CUST00607,45844.67,16067.45,3,13,2024-03-20,2025-03-13,358,11.76,15281.56,0.26,35.05,1366.28
CUST01385,60111.14,20111.11,2,9,2024-02-05,2025-04-28,448,14.72,30055.57,0.14,33.46,1366.24
CUST01216,39210.18,16374.51,3,11,2024-04-06,2025-04-06,365,11.99,13070.06,0.25,41.76,1365.68
CUST01448,41610.27,18113.83,2,6,2024-02-25,2025-04-04,404,13.27,20805.13,0.15,43.53,1365.02
CUST00170,17244.64,4298.1,4,12,2025-01-26,2025-05-02,96,3.15,4311.16,1.27,24.92,1364.48
CUST00979,6978.01,1361.39,1,3,2025-05-02,2025-05-02,0,0.0,6978.01,1.0,19.51,1361.39
CUST01415,25322.45,8889.59,3,5,2024-12-02,2025-06-19,199,6.54,8440.82,0.46,35.11,1359.26
CUST01102,81269.32,14904.36,3,12,2024-01-20,2024-12-19,334,10.97,27089.77,0.27,18.34,1358.65
CUST00117,83311.9,18418.0,6,15,2024-03-27,2025-05-14,413,13.57,13885.32,0.44,22.11,1357.26
CUST01581,48915.09,20845.62,4,5,2024-02-14,2025-05-29,470,15.44,12228.77,0.26,42.62,1350.1
CUST01596,23348.09,4125.36,2,4,2024-10-22,2025-01-23,93,3.06,11674.04,0.65,17.67,1348.16
CUST01582,61499.18,22443.98,4,9,2024-01-04,2025-05-26,508,16.69,15374.8,0.24,36.49,1344.76
CUST01595,10877.43,3303.73,2,4,2024-09-03,2024-11-17,75,2.46,5438.71,0.81,30.37,1342.98
CUST00113,55871.07,19355.42,4,14,2024-02-05,2025-04-19,439,14.42,13967.77,0.28,34.64,1342.26
CUST00982,63410.47,19725.13,6,12,2024-02-21,2025-05-14,448,14.72,10568.41,0.41,31.11,1340.02
CUST01544,58278.04,14714.94,4,13,2024-02-20,2025-01-20,335,11.01,14569.51,0.36,25.25,1336.51
CUST01006,25842.91,8339.35,3,9,2024-10-13,2025-04-21,190,6.24,8614.3,0.48,32.27,1336.43
CUST01527,41483.35,16400.49,3,9,2024-04-13,2025-04-22,374,12.29,13827.78,0.24,39.54,1334.46
CUST00798,32647.55,10021.38,4,9,2024-08-12,2025-03-29,229,7.52,8161.89,0.53,30.7,1332.63
CUST00996,3447.17,1331.6,1,2,2025-03-22,2025-03-22,0,0.0,3447.17,1.0,38.63,1331.6
CUST01330,17945.45,6385.27,2,6,2024-06-08,2024-11-01,146,4.8,8972.72,0.42,35.58,1330.26
CUST01539,19027.64,6501.4,2,3,2024-03-08,2024-08-04,149,4.89,9513.82,0.41,34.17,1329.53
CUST00652,3592.79,1324.47,1,2,2024-01-16,2024-01-16,0,0.0,3592.79,1.0,36.86,1324.47
CUST00035,46202.87,19770.06,3,15,2024-02-24,2025-05-24,455,14.95,15400.96,0.2,42.79,1322.41
CUST01477,3956.95,1317.63,1,1,2024-03-05,2024-03-05,0,0.0,3956.95,1.0,33.3,1317.63
CUST00637,20152.77,6740.88,2,8,2024-11-03,2025-04-08,156,5.12,10076.38,0.39,33.45,1316.58
CUST01030,18472.4,4270.44,2,5,2024-12-25,2025-04-03,99,3.25,9236.2,0.62,23.12,1313.98
CUST00273,15228.26,5864.02,2,9,2024-04-22,2024-09-05,136,4.47,7614.13,0.45,38.51,1311.86
CUST01512,7105.35,1304.56,1,2,2025-02-14,2025-02-14,0,0.0,7105.35,1.0,18.36,1304.56
CUST00792,34067.48,12070.96,3,11,2024-05-04,2025-02-10,282,9.26,11355.83,0.32,35.43,1303.56
CUST00363,4231.2,1303.41,1,5,2024-02-28,2024-02-28,0,0.0,4231.2,1.0,30.8,1303.41
CUST00470,28967.2,10136.01,4,11,2024-02-03,2024-09-29,239,7.85,7241.8,0.51,34.99,1291.21
CUST01432,27028.79,9534.42,3,11,2024-07-24,2025-03-06,225,7.39,9009.6,0.41,35.28,1290.18
CUST01471,36505.08,7825.42,2,6,2024-02-07,2024-08-10,185,6.08,18252.54,0.33,21.44,1287.08
CUST01011,48903.88,15057.29,4,11,2024-03-25,2025-03-17,357,11.73,12225.97,0.34,30.79,1283.66
CUST01088,48067.82,18906.35,5,20,2024-01-22,2025-04-15,449,14.75,9613.56,0.34,39.33,1281.79
CUST00603,34749.52,14153.78,3,10,2024-06-19,2025-05-23,338,11.1,11583.17,0.27,40.73,1275.12
CUST01564,30905.35,9716.12,3,5,2024-10-19,2025-06-08,232,7.62,10301.78,0.39,31.44,1275.08
CUST00161,34514.55,8329.06,3,9,2024-01-11,2024-07-29,200,6.57,11504.85,0.46,24.13,1267.74
CUST01484,37229.16,10607.41,2,6,2024-01-18,2024-09-30,256,8.41,18614.58,0.24,28.49,1261.29
CUST00929,33022.56,8465.46,3,9,2024-02-20,2024-09-12,205,6.73,11007.52,0.45,25.64,1257.87
CUST01062,7203.42,1257.49,1,1,2024-01-16,2024-01-16,0,0.0,7203.42,1.0,17.46,1257.49
CUST00027,24286.4,5485.72,2,4,2024-02-21,2024-07-03,133,4.37,12143.2,0.46,22.59,1255.31
CUST00667,63998.06,15409.92,3,11,2024-03-11,2025-03-20,374,12.29,21332.69,0.24,24.08,1253.86
CUST00339,2775.76,1251.94,1,1,2024-10-17,2024-10-17,0,0.0,2775.76,1.0,45.1,1251.94
CUST00716,13484.92,4350.94,2,7,2024-02-21,2024-06-06,106,3.48,6742.46,0.57,32.27,1250.27
CUST00200,58875.41,10538.45,2,5,2024-09-08,2025-05-23,257,8.44,29437.7,0.24,17.9,1248.63
CUST01517,70039.86,12470.33,3,10,2024-03-06,2025-01-04,304,9.99,23346.62,0.3,17.8,1248.28
CUST01003,56704.45,17873.56,5,13,2024-01-21,2025-04-01,436,14.32,11340.89,0.35,31.52,1248.15
CUST01209,3798.77,1247.82,1,3,2025-06-25,2025-06-25,0,0.0,3798.77,1.0,32.85,1247.82
CUST01507,36688.3,11628.5,4,10,2024-02-29,2024-12-10,285,9.36,9172.07,0.43,31.7,1242.36
CUST00434,11866.91,4975.63,3,7,2024-05-30,2024-09-29,122,4.01,3955.64,0.75,41.93,1240.81
CUST00087,52295.94,18124.99,3,10,2024-01-26,2025-04-15,445,14.62,17431.98,0.21,34.66,1239.74
CUST00709,43698.67,13010.51,3,7,2024-07-16,2025-06-01,320,10.51,14566.22,0.29,29.77,1237.92
CUST01050,12764.59,4913.62,2,3,2024-09-12,2025-01-11,121,3.98,6382.3,0.5,38.49,1234.58
CUST00899,36331.78,11071.31,2,3,2024-05-30,2025-02-27,273,8.97,18165.89,0.22,30.47,1234.26
CUST00464,56256.27,18079.71,6,12,2024-03-15,2025-06-04,446,14.65,9376.04,0.41,32.14,1234.11
CUST00377,34185.08,15809.81,2,5,2024-04-24,2025-05-21,392,12.88,17092.54,0.16,46.25,1227.47
CUST00824,42615.34,12567.36,2,8,2024-03-16,2025-01-22,312,10.25,21307.67,0.2,29.49,1226.08
CUST00552,31745.97,12497.27,3,5,2024-05-02,2025-03-09,311,10.22,10581.99,0.29,39.37,1222.82
CUST00814,4001.54,1221.91,1,4,2025-05-02,2025-05-02,0,0.0,4001.54,1.0,30.54,1221.91
CUST00932,41996.65,13179.66,5,8,2024-07-22,2025-06-16,329,10.81,8399.33,0.46,31.38,1219.21
CUST01523,78761.94,21244.09,6,20,2024-01-14,2025-06-29,532,17.48,13126.99,0.34,26.97,1215.34
CUST01000,38524.31,12420.37,3,12,2024-06-05,2025-04-12,311,10.22,12841.44,0.29,32.24,1215.3
CUST01528,25625.18,9779.79,2,5,2024-10-13,2025-06-15,245,8.05,12812.59,0.25,38.16,1214.88
CUST01337,57609.58,14323.6,4,9,2024-01-04,2024-12-29,360,11.83,14402.4,0.34,24.86,1210.79
CUST00588,56879.52,10239.99,2,5,2024-04-08,2024-12-22,258,8.48,28439.76,0.24,18.0,1207.55
CUST01171,53063.16,13292.93,5,19,2024-02-02,2025-01-02,335,11.01,10612.63,0.45,25.05,1207.35
CUST01148,76421.56,16770.1,5,13,2024-01-06,2025-03-04,423,13.9,15284.31,0.36,21.94,1206.48
CUST01331,2756.08,1206.06,1,5,2024-04-11,2024-04-11,0,0.0,2756.08,1.0,43.76,1206.06
CUST01124,28463.6,9738.07,3,5,2024-06-23,2025-02-25,247,8.11,9487.87,0.37,34.21,1200.75
CUST01355,32249.5,10594.25,3,8,2024-09-13,2025-06-09,269,8.84,10749.83,0.34,32.85,1198.44
CUST00478,49632.43,13140.11,3,10,2024-01-17,2024-12-16,334,10.97,16544.14,0.27,26.47,1197.82
CUST00451,64774.04,17190.66,2,5,2024-01-30,2025-04-11,437,14.36,32387.02,0.14,26.54,1197.12
CUST00724,60294.08,18062.98,6,16,2024-03-01,2025-06-04,460,15.11,10049.01,0.4,29.96,1195.43
CUST01460,25359.23,8117.66,2,5,2024-03-05,2024-09-28,207,6.8,12679.62,0.29,32.01,1193.77
CUST00076,20298.75,6587.37,2,3,2024-07-05,2024-12-20,168,5.52,10149.38,0.36,32.45,1193.36
CUST00212,38702.52,10874.41,3,11,2024-01-19,2024-10-23,278,9.13,12900.84,0.33,28.1,1191.06
CUST00556,3807.66,1190.8,1,1,2025-03-07,2025-03-07,0,0.0,3807.66,1.0,31.27,1190.8
CUST01029,30681.99,8628.21,2,3,2024-11-13,2025-06-22,221,7.26,15341.0,0.28,28.12,1188.46
CUST01446,41597.52,14044.42,4,6,2024-04-20,2025-04-16,361,11.86,10399.38,0.34,33.76,1184.18
CUST01371,43039.01,12075.34,2,6,2024-05-01,2025-03-08,311,10.22,21519.5,0.2,28.06,1181.54
CUST00925,46217.68,15650.58,4,13,2024-01-27,2025-03-06,404,13.27,11554.42,0.3,33.86,1179.4
CUST00188,69051.0,19909.19,6,21,2024-01-07,2025-06-04,514,16.89,11508.5,0.36,28.83,1178.76
CUST01489,6104.04,1177.93,1,2,2025-01-08,2025-01-08,0,0.0,6104.04,1.0,19.3,1177.93
CUST01199,36839.93,10829.76,4,9,2024-05-15,2025-02-19,280,9.2,9209.98,0.43,29.4,1177.15
CUST01114,18278.17,7844.99,3,8,2024-04-14,2024-11-03,203,6.67,6092.72,0.45,42.92,1176.16
CUST00671,53436.52,16330.73,3,15,2024-02-19,2025-04-18,424,13.93,17812.17,0.22,30.56,1172.34
CUST00178,26251.47,8182.31,3,7,2024-05-10,2024-12-10,214,7.03,8750.49,0.43,31.17,1163.91
CUST01498,26379.16,9789.68,4,8,2024-08-09,2025-04-23,257,8.44,6594.79,0.47,37.11,1159.91
CUST01075,73363.87,14533.92,3,9,2024-01-24,2025-02-09,382,12.55,24454.62,0.24,19.81,1158.08
CUST00013,44362.67,13342.7,3,10,2024-03-15,2025-03-01,351,11.53,14787.56,0.26,30.08,1157.22
CUST00426,44001.29,16566.59,2,5,2024-03-19,2025-05-29,436,14.32,22000.64,0.14,37.65,1156.88
CUST00876,45790.08,13104.14,4,8,2024-02-07,2025-01-17,345,11.33,11447.52,0.35,28.62,1156.59
CUST01051,36582.0,12765.36,4,14,2024-05-18,2025-04-20,337,11.07,9145.5,0.36,34.9,1153.15
CUST01136,22995.4,8660.48,2,5,2024-02-03,2024-09-19,229,7.52,11497.7,0.27,37.66,1151.66
CUST00502,3075.36,1151.46,1,5,2024-01-09,2024-01-09,0,0.0,3075.36,1.0,37.44,1151.46
CUST01328,36340.04,7370.5,4,5,2024-12-14,2025-06-28,196,6.44,9085.01,0.62,20.28,1144.49
CUST00872,3601.38,1144.21,1,4,2024-09-22,2024-09-22,0,0.0,3601.38,1.0,31.77,1144.21
CUST00842,39856.99,9218.64,3,7,2024-09-01,2025-05-05,246,8.08,13285.66,0.37,23.13,1140.92
CUST00853,64409.61,15590.37,5,15,2024-02-01,2025-03-23,416,13.67,12881.92,0.37,24.21,1140.48
CUST01467,46730.6,14756.42,3,12,2024-02-01,2025-03-03,396,13.01,15576.87,0.23,31.58,1134.24
CUST01269,9483.19,2263.94,2,5,2024-10-17,2024-12-17,61,2.0,4741.59,1.0,23.87,1131.97
CUST00620,4334.55,1131.04,1,2,2025-06-01,2025-06-01,0,0.0,4334.55,1.0,26.09,1131.04
CUST01225,25524.94,6159.17,2,6,2024-08-16,2025-01-29,166,5.45,12762.47,0.37,24.13,1130.12
CUST00030,34862.78,12012.04,2,5,2024-05-15,2025-04-04,324,10.64,17431.39,0.19,34.46,1128.95
CUST00263,12389.41,4431.07,3,9,2024-11-01,2025-03-01,120,3.94,4129.8,0.76,35.76,1124.64
CUST00111,14141.13,4653.98,2,2,2024-01-10,2024-05-15,126,4.14,7070.56,0.48,32.91,1124.15
CUST01534,29627.17,7534.39,3,12,2024-10-11,2025-05-04,205,6.73,9875.72,0.45,25.43,1119.52
CUST00688,2706.26,1117.01,1,4,2024-12-12,2024-12-12,0,0.0,2706.26,1.0,41.28,1117.01
CUST01557,46248.68,18143.7,2,4,2024-01-06,2025-05-15,495,16.26,23124.34,0.12,39.23,1115.85
CUST01254,31025.76,12995.23,3,9,2024-04-02,2025-03-23,355,11.66,10341.92,0.26,41.89,1114.51
CUST00384,49496.64,16326.97,5,19,2024-03-09,2025-05-29,446,14.65,9899.33,0.34,32.99,1114.47
CUST00336,29497.89,12080.27,4,13,2024-06-20,2025-05-16,330,10.84,7374.47,0.37,40.95,1114.42
CUST00517,13891.61,6039.0,2,4,2024-11-29,2025-05-13,165,5.42,6945.8,0.37,43.47,1114.21
CUST01474,24874.29,9955.57,3,9,2024-09-24,2025-06-23,272,8.94,8291.43,0.34,40.02,1113.6
CUST01533,30615.58,13251.2,3,7,2024-04-12,2025-04-10,363,11.93,10205.19,0.25,43.28,1110.75
CUST01101,31336.17,9656.1,2,2,2024-08-06,2025-04-28,265,8.71,15668.08,0.23,30.81,1108.62
CUST01572,14797.62,6181.65,3,5,2024-10-09,2025-03-28,170,5.58,4932.54,0.54,41.77,1107.82
CUST00014,26300.6,5092.45,2,5,2024-07-15,2024-12-02,140,4.6,13150.3,0.43,19.36,1107.05
CUST00374,2997.74,1106.2,1,2,2024-11-10,2024-11-10,0,0.0,2997.74,1.0,36.9,1106.2
CUST00608,16433.2,5899.85,3,8,2024-11-28,2025-05-10,163,5.35,5477.73,0.56,35.9,1102.78
CUST01396,3518.56,1096.08,1,1,2025-01-25,2025-01-25,0,0.0,3518.56,1.0,31.15,1096.08
CUST01175,29425.51,7342.14,3,9,2024-06-04,2024-12-25,204,6.7,9808.5,0.45,24.95,1095.84
CUST00587,49176.77,11145.3,2,7,2024-07-21,2025-05-27,310,10.18,24588.38,0.2,22.66,1094.82
CUST00311,33728.61,12132.5,3,7,2024-07-02,2025-06-05,338,11.1,11242.87,0.27,35.97,1093.02
CUST00031,2876.06,1091.02,1,1,2024-10-04,2024-10-04,0,0.0,2876.06,1.0,37.93,1091.02
CUST00469,57897.62,15350.72,6,16,2024-01-18,2025-03-25,432,14.19,9649.6,0.42,26.51,1081.8
CUST00785,55291.09,17121.61,6,15,2024-01-13,2025-05-09,482,15.83,9215.18,0.38,30.97,1081.59
CUST00008,42667.83,16417.73,4,10,2024-02-25,2025-06-01,462,15.18,10666.96,0.26,38.48,1081.54
CUST00120,4962.61,1081.18,1,4,2025-06-23,2025-06-23,0,0.0,4962.61,1.0,21.79,1081.18
CUST00865,55944.68,17007.66,5,19,2024-01-10,2025-05-04,480,15.77,11188.94,0.32,30.4,1078.48
CUST00219,9610.25,2305.4,2,7,2025-02-19,2025-04-25,65,2.14,4805.12,0.93,23.99,1077.29
CUST01139,2710.5,1077.04,1,1,2024-09-23,2024-09-23,0,0.0,2710.5,1.0,39.74,1077.04
CUST00926,5274.12,1076.34,1,3,2025-04-05,2025-04-05,0,0.0,5274.12,1.0,20.41,1076.34
CUST00334,26663.02,5299.64,2,6,2024-12-26,2025-05-25,150,4.93,13331.51,0.41,19.88,1074.98
CUST01485,43565.34,13656.7,5,13,2024-02-16,2025-03-09,387,12.71,8713.07,0.39,31.35,1074.48
CUST00570,49812.67,17402.82,5,13,2024-02-04,2025-06-12,494,16.23,9962.53,0.31,34.94,1072.26
CUST01044,51427.5,17985.84,7,21,2024-01-21,2025-06-15,511,16.79,7346.79,0.42,34.97,1071.22
CUST01026,22562.06,8648.24,4,9,2024-02-09,2024-10-12,246,8.08,5640.52,0.5,38.33,1070.33
CUST00702,45094.27,15014.66,3,11,2024-02-22,2025-04-24,427,14.03,15031.42,0.21,33.3,1070.18
CUST00879,40412.5,13035.31,4,14,2024-03-29,2025-04-04,371,12.19,10103.12,0.33,32.26,1069.34
CUST01279,2693.56,1068.84,1,2,2025-05-31,2025-05-31,0,0.0,2693.56,1.0,39.68,1068.84
CUST01110,5707.4,1067.43,1,4,2025-05-05,2025-05-05,0,0.0,5707.4,1.0,18.7,1067.43
CUST00034,31734.36,13453.89,4,10,2024-04-22,2025-05-11,384,12.61,7933.59,0.32,42.4,1066.92
CUST01150,32012.26,9454.95,3,9,2024-06-13,2025-03-10,270,8.87,10670.75,0.34,29.54,1065.95
CUST01213,58608.62,17843.22,4,9,2024-02-05,2025-06-29,510,16.75,14652.16,0.24,30.44,1065.27
CUST00802,28309.12,10553.16,3,10,2024-04-28,2025-02-25,303,9.95,9436.37,0.3,37.28,1060.62
CUST00816,29613.38,7565.27,3,5,2024-05-19,2024-12-23,218,7.16,9871.13,0.42,25.55,1056.6
CUST01283,30234.79,10056.83,6,10,2024-06-07,2025-03-24,290,9.53,5039.13,0.63,33.26,1055.28
CUST01368,52461.78,13918.35,4,16,2024-01-07,2025-02-12,402,13.21,13115.44,0.3,26.53,1053.62
CUST00017,38845.08,12253.51,2,8,2024-02-25,2025-02-13,354,11.63,19422.54,0.17,31.54,1053.61
CUST00160,2421.72,1051.08,1,1,2024-01-14,2024-01-14,0,0.0,2421.72,1.0,43.4,1051.08
CUST00075,25703.9,10939.19,3,5,2024-07-04,2025-05-17,317,10.41,8567.97,0.29,42.56,1050.83
CUST00558,54133.14,14321.54,4,13,2024-03-28,2025-05-17,415,13.63,13533.28,0.29,26.46,1050.74
CUST00389,30700.42,12419.25,4,14,2024-03-29,2025-03-24,360,11.83,7675.1,0.34,40.45,1049.81
CUST00721,49493.96,13782.16,2,7,2024-04-21,2025-05-27,401,13.17,24746.98,0.15,27.85,1046.48
CUST01085,15083.45,3831.35,3,9,2024-02-26,2024-06-17,112,3.68,5027.82,0.82,25.4,1041.13
CUST01492,2696.57,1034.16,1,3,2024-01-12,2024-01-12,0,0.0,2696.57,1.0,38.35,1034.16
CUST00205,2414.58,1030.54,1,2,2024-11-14,2024-11-14,0,0.0,2414.58,1.0,42.68,1030.54
CUST00213,7767.83,1990.73,2,8,2024-03-07,2024-05-05,59,1.94,3883.92,1.03,25.63,1026.15
CUST01335,13438.86,5238.08,2,4,2024-05-26,2024-10-29,156,5.12,6719.43,0.39,38.98,1023.06
CUST00939,46866.3,13893.35,4,10,2024-02-04,2025-03-24,414,13.6,11716.58,0.29,29.64,1021.57
CUST00753,39824.01,12379.39,5,12,2024-01-03,2025-01-06,369,12.12,7964.8,0.41,31.09,1021.4
CUST00118,32785.64,6490.03,2,6,2024-02-01,2024-08-13,194,6.37,16392.82,0.31,19.8,1018.84
CUST00486,28075.76,11375.78,2,5,2024-06-13,2025-05-19,340,11.17,14037.88,0.18,40.52,1018.42
CUST00894,18918.6,5768.85,3,11,2024-07-03,2024-12-23,173,5.68,6306.2,0.53,30.49,1015.64
CUST00630,25629.08,6185.87,2,6,2024-09-25,2025-03-30,186,6.11,12814.54,0.33,24.14,1012.42
CUST00381,34910.22,9726.19,3,9,2024-06-23,2025-04-12,293,9.63,11636.74,0.31,27.86,1009.99
CUST00833,17495.09,5696.94,2,6,2024-05-06,2024-10-25,172,5.65,8747.54,0.35,32.56,1008.31
CUST01441,4013.89,1007.1,1,1,2025-02-26,2025-02-26,0,0.0,4013.89,1.0,25.09,1007.1
CUST01234,17399.12,6797.75,3,3,2024-11-25,2025-06-19,206,6.77,5799.71,0.44,39.07,1004.1
CUST01364,31337.97,10680.74,3,11,2024-01-04,2024-11-24,325,10.68,10445.99,0.28,34.08,1000.07
CUST00115,34677.8,11040.07,3,6,2024-01-12,2024-12-13,336,11.04,11559.27,0.27,31.84,1000.01
CUST00965,3448.32,995.16,1,2,2024-02-22,2024-02-22,0,0.0,3448.32,1.0,28.86,995.16
CUST00338,51282.81,12967.16,4,11,2024-03-01,2025-04-03,398,13.07,12820.7,0.31,25.29,992.13
CUST01426,2595.61,991.25,1,2,2024-02-23,2024-02-23,0,0.0,2595.61,1.0,38.19,991.25
CUST01176,44292.49,10417.1,2,4,2024-04-25,2025-03-11,320,10.51,22146.24,0.19,23.52,991.16
CUST00166,26904.72,10000.15,4,14,2024-03-26,2025-01-27,307,10.09,6726.18,0.4,37.17,991.1
CUST00777,4312.43,989.71,1,4,2025-01-09,2025-01-09,0,0.0,4312.43,1.0,22.95,989.71
CUST01481,2524.76,987.29,1,3,2024-02-01,2024-02-01,0,0.0,2524.76,1.0,39.1,987.29
CUST00829,3434.33,986.2,1,2,2024-12-12,2024-12-12,0,0.0,3434.33,1.0,28.72,986.2
CUST01401,39595.22,11637.64,3,8,2024-01-30,2025-01-24,360,11.83,13198.41,0.25,29.39,983.74
CUST00370,13600.12,4036.76,3,6,2024-04-29,2024-09-01,125,4.11,4533.37,0.73,29.68,982.18
CUST00102,22931.23,7986.44,3,6,2024-09-23,2025-05-29,248,8.15,7643.74,0.37,34.83,979.93
CUST01273,23165.77,9010.62,3,4,2024-01-14,2024-10-20,280,9.2,7721.92,0.33,38.9,979.42
CUST00895,5466.12,978.44,1,2,2025-05-01,2025-05-01,0,0.0,5466.12,1.0,17.9,978.44
CUST01065,28351.84,11573.32,3,10,2024-01-19,2025-01-13,360,11.83,9450.61,0.25,40.82,978.3
CUST00546,55365.1,13730.26,4,13,2024-02-14,2025-04-17,428,14.06,13841.28,0.28,24.8,976.55
CUST01392,32980.24,10106.59,3,9,2024-06-27,2025-05-08,315,10.35,10993.41,0.29,30.64,976.48
CUST01113,6463.58,2494.55,2,2,2024-07-16,2024-10-02,78,2.56,3231.79,0.78,38.59,974.43
CUST00632,11027.25,4125.43,2,6,2024-03-21,2024-07-28,129,4.24,5513.62,0.47,37.41,972.98
CUST00252,3139.72,964.66,1,3,2024-04-05,2024-04-05,0,0.0,3139.72,1.0,30.72,964.66
CUST01588,53389.44,13607.1,4,9,2024-02-14,2025-04-19,430,14.13,13347.36,0.28,25.49,962.99
CUST00164,43537.95,11391.9,5,11,2024-03-26,2025-03-21,360,11.83,8707.59,0.42,26.17,962.97
CUST00966,14416.79,4524.87,2,7,2024-07-13,2024-12-03,143,4.7,7208.4,0.43,31.39,962.74
CUST00953,34523.37,12840.89,3,5,2024-01-29,2025-03-11,407,13.37,11507.79,0.22,37.19,960.43
CUST00550,27228.1,9382.66,2,6,2024-07-04,2025-04-28,298,9.79,13614.05,0.2,34.46,958.39
CUST00682,33281.29,11002.52,3,10,2024-03-18,2025-03-03,350,11.5,11093.76,0.26,33.06,956.74
CUST00222,57374.36,10267.58,2,8,2024-06-05,2025-04-29,328,10.78,28687.18,0.19,17.9,952.47
CUST00149,34167.15,7812.95,3,10,2024-02-17,2024-10-24,250,8.21,11389.05,0.37,22.87,951.64
CUST00189,26506.26,9330.33,4,12,2024-05-01,2025-02-24,299,9.82,6626.56,0.41,35.2,950.14
CUST01261,37144.12,10512.32,3,8,2024-05-02,2025-04-04,337,11.07,12381.37,0.27,28.3,949.62
CUST01056,11947.59,4147.49,2,3,2025-01-13,2025-05-26,133,4.37,5973.8,0.46,34.71,949.08
CUST01170,2354.54,948.38,1,3,2024-09-25,2024-09-25,0,0.0,2354.54,1.0,40.28,948.38
CUST01381,45359.86,9714.65,3,12,2024-06-03,2025-04-12,313,10.28,15119.95,0.29,21.42,945.0
CUST00127,3577.48,943.54,1,4,2024-07-06,2024-07-06,0,0.0,3577.48,1.0,26.37,943.54
CUST00041,34984.18,10025.27,3,7,2024-05-15,2025-04-04,324,10.64,11661.39,0.28,28.66,942.22
CUST00941,20228.91,7476.55,2,5,2024-01-22,2024-09-20,242,7.95,10114.46,0.25,36.96,940.45
CUST00365,37825.22,13187.23,3,14,2024-01-25,2025-03-27,427,14.03,12608.41,0.21,34.86,939.93
CUST01486,38239.6,13830.54,3,10,2024-03-21,2025-06-13,449,14.75,12746.53,0.2,36.17,937.66
CUST00490,34771.88,11974.37,4,8,2024-05-13,2025-06-06,389,12.78,8692.97,0.31,34.44,936.96
CUST00949,30782.37,8458.68,2,5,2024-04-21,2025-01-21,275,9.03,15391.19,0.22,27.48,936.73
CUST00782,37183.81,14447.29,4,11,2024-02-16,2025-06-01,471,15.47,9295.95,0.26,38.85,933.89
CUST01469,40571.35,9960.58,3,8,2024-02-18,2025-01-08,325,10.68,13523.78,0.28,24.55,932.64
CUST00032,37217.68,12985.4,4,12,2024-03-27,2025-05-25,424,13.93,9304.42,0.29,34.89,932.19
CUST00071,33013.11,11287.94,2,5,2024-01-04,2025-01-08,370,12.16,16506.56,0.16,34.19,928.28
CUST00971,45881.23,14672.5,6,14,2024-03-05,2025-06-30,482,15.83,7646.87,0.38,31.98,926.88
CUST01542,2307.54,924.58,1,3,2024-02-29,2024-02-29,0,0.0,2307.54,1.0,40.07,924.58
CUST01115,19363.48,4877.0,2,7,2024-04-10,2024-09-18,161,5.29,9681.74,0.38,25.19,921.93
CUST01185,12272.6,5181.91,3,8,2024-08-12,2025-01-31,172,5.65,4090.87,0.53,42.22,917.15
CUST01408,28871.59,8883.98,4,10,2024-05-03,2025-02-23,296,9.72,7217.9,0.41,30.77,913.99
CUST00176,3584.5,911.98,1,1,2025-06-18,2025-06-18,0,0.0,3584.5,1.0,25.44,911.98
CUST01576,46879.53,14409.13,6,11,2024-01-19,2025-05-15,482,15.83,7813.26,0.38,30.74,910.24
CUST00020,19280.02,7155.8,3,9,2024-03-20,2024-11-16,241,7.92,6426.67,0.38,37.12,903.51
CUST00627,43351.2,13519.6,4,9,2024-01-08,2025-04-10,458,15.05,10837.8,0.27,31.19,898.31
CUST00024,28407.35,9755.81,4,10,2024-02-08,2025-01-04,331,10.87,7101.84,0.37,34.34,897.5
CUST00366,6423.57,2344.66,2,4,2024-12-15,2025-03-05,80,2.63,3211.78,0.76,36.5,891.51
CUST00506,34082.6,12987.77,6,15,2024-03-20,2025-06-07,444,14.59,5680.43,0.41,38.11,890.18
CUST00578,48840.99,13452.13,4,13,2024-03-22,2025-06-26,461,15.14,12210.25,0.26,27.54,888.52
CUST01275,25701.69,9481.96,3,9,2024-01-04,2024-11-24,325,10.68,8567.23,0.28,36.89,887.82
CUST01019,37600.77,9199.38,3,10,2024-04-25,2025-03-07,316,10.38,12533.59,0.29,24.47,886.26
CUST01017,4781.84,885.4,1,4,2024-12-20,2024-12-20,0,0.0,4781.84,1.0,18.52,885.4
CUST00198,25912.82,9995.68,2,6,2024-07-05,2025-06-14,344,11.3,12956.41,0.18,38.57,884.57
CUST01495,17910.07,5106.99,2,6,2024-11-13,2025-05-08,176,5.78,8955.04,0.35,28.51,883.56
CUST00433,34187.98,12679.58,3,12,2024-02-10,2025-04-22,437,14.36,11395.99,0.21,37.09,882.98
CUST00077,64391.2,14456.2,7,16,2024-01-24,2025-06-07,500,16.43,9198.74,0.43,22.45,879.87
CUST00860,40349.43,9630.48,3,9,2024-02-18,2025-01-17,334,10.97,13449.81,0.27,23.87,877.89
CUST00293,23814.24,9955.04,3,9,2024-04-04,2025-03-16,346,11.37,7938.08,0.26,41.8,875.55
CUST00082,18994.78,4832.51,2,8,2024-12-11,2025-05-28,168,5.52,9497.39,0.36,25.44,875.45
CUST00481,14465.82,2943.75,2,4,2024-08-18,2024-11-29,103,3.38,7232.91,0.59,20.35,870.93
CUST00571,27967.9,8785.15,3,9,2024-03-15,2025-01-16,307,10.09,9322.63,0.3,31.41,870.68
CUST01238,38258.25,11864.94,2,6,2024-04-18,2025-06-08,416,13.67,19129.12,0.15,31.01,867.95
CUST00776,31087.73,9052.46,3,12,2024-05-31,2025-04-14,318,10.45,10362.58,0.29,29.12,866.26
CUST00807,7642.11,1784.2,2,4,2024-04-08,2024-06-10,63,2.07,3821.06,0.97,23.35,861.93
CUST00827,45032.41,9081.15,2,5,2024-03-21,2025-02-05,321,10.55,22516.2,0.19,20.17,860.77
CUST00414,43872.05,14203.82,5,16,2024-02-11,2025-06-29,504,16.56,8774.41,0.3,32.38,857.72
CUST00142,10997.17,4310.13,2,5,2024-03-20,2024-08-20,153,5.03,5498.58,0.4,39.19,856.88
CUST00472,30231.28,10673.18,4,13,2024-02-11,2025-02-25,380,12.48,7557.82,0.32,35.31,855.22
CUST00185,26873.87,10140.48,4,10,2024-01-18,2025-01-14,362,11.89,6718.47,0.34,37.73,852.86
CUST00935,36699.5,9432.82,2,4,2024-04-20,2025-03-27,341,11.2,18349.75,0.18,25.7,842.22
CUST00406,23678.29,10912.24,2,5,2024-05-13,2025-06-12,395,12.98,11839.14,0.15,46.09,840.7
CUST00226,48682.41,14069.86,5,15,2024-01-26,2025-06-22,513,16.85,9736.48,0.3,28.9,835.01
CUST00700,8690.04,2303.03,2,5,2025-01-20,2025-04-14,84,2.76,4345.02,0.72,26.5,834.43
CUST00228,34355.47,10451.66,3,8,2024-03-24,2025-04-10,382,12.55,11451.82,0.24,30.42,832.8
CUST01096,40483.12,9317.85,3,8,2024-05-30,2025-05-06,341,11.2,13494.37,0.27,23.02,831.95
CUST00246,24071.54,8024.47,3,6,2024-09-01,2025-06-24,296,9.72,8023.85,0.31,33.34,825.56
CUST00540,21624.24,8131.28,3,8,2024-06-17,2025-04-14,301,9.89,7208.08,0.3,37.6,822.17
CUST00007,51458.17,11270.31,3,6,2024-04-18,2025-06-11,419,13.76,17152.72,0.22,21.9,819.06
CUST00177,16736.57,5840.65,2,8,2024-04-23,2024-11-27,218,7.16,8368.28,0.28,34.9,815.73
CUST01452,1712.5,813.81,1,1,2025-01-09,2025-01-09,0,0.0,1712.5,1.0,47.52,813.81
CUST00474,30363.84,12026.4,4,7,2024-03-02,2025-05-26,450,14.78,7590.96,0.27,39.61,813.69
CUST00267,47476.28,12745.49,2,7,2024-01-13,2025-05-06,479,15.74,23738.14,0.13,26.85,809.75
CUST01430,24173.16,6615.42,4,9,2024-08-04,2025-04-10,249,8.18,6043.29,0.49,27.37,808.73
CUST00239,61051.5,12957.78,3,8,2024-01-12,2025-05-15,489,16.06,20350.5,0.19,21.22,806.84
CUST00395,26869.62,10371.04,4,12,2024-03-11,2025-04-07,392,12.88,6717.4,0.31,38.6,805.2
CUST01312,19440.31,5635.47,3,9,2024-07-03,2025-02-01,213,7.0,6480.1,0.43,28.99,805.07
CUST00121,4395.97,803.43,1,4,2024-03-22,2024-03-22,0,0.0,4395.97,1.0,18.28,803.43
CUST00498,33516.19,6799.9,3,13,2024-05-14,2025-01-28,259,8.51,11172.06,0.35,20.29,799.05
CUST00048,2771.95,797.46,1,2,2024-10-23,2024-10-23,0,0.0,2771.95,1.0,28.77,797.46
CUST01352,35767.86,13508.29,4,8,2024-01-10,2025-06-09,516,16.95,8941.96,0.24,37.77,796.95
CUST00779,31111.48,8638.83,5,11,2024-04-11,2025-03-07,330,10.84,6222.3,0.46,27.77,796.94
CUST00357,3772.49,793.84,1,2,2024-10-07,2024-10-07,0,0.0,3772.49,1.0,21.04,793.84
CUST00707,2652.35,789.87,1,1,2024-07-29,2024-07-29,0,0.0,2652.35,1.0,29.78,789.87
CUST00061,19842.44,8297.27,2,7,2024-04-21,2025-03-08,321,10.55,9921.22,0.19,41.82,786.47
CUST01342,40138.55,10785.76,4,10,2024-01-26,2025-03-19,418,13.73,10034.64,0.29,26.87,785.56
CUST00367,34135.6,11239.22,5,9,2024-01-28,2025-04-08,436,14.32,6827.12,0.35,32.93,784.86
CUST00835,19891.43,5450.85,4,10,2024-07-23,2025-02-20,212,6.96,4972.86,0.57,27.4,783.17
CUST00650,2089.32,782.86,1,1,2025-02-01,2025-02-01,0,0.0,2089.32,1.0,37.47,782.86
CUST00240,23787.01,10829.58,2,8,2024-02-13,2025-04-10,422,13.86,11893.5,0.14,45.53,781.35
CUST01251,8794.75,2130.43,3,4,2024-09-20,2024-12-12,83,2.73,2931.58,1.1,24.22,780.38
CUST00746,25930.1,6354.03,3,10,2024-04-05,2024-12-09,248,8.15,8643.37,0.37,24.5,779.64
CUST01388,35852.11,11003.67,3,4,2024-03-02,2025-05-06,430,14.13,11950.7,0.21,30.69,778.75
CUST00995,5329.53,1454.73,2,5,2024-11-26,2025-01-22,57,1.87,2664.77,1.07,27.3,777.93
CUST00778,7874.74,3264.01,2,4,2024-03-25,2024-07-31,128,4.2,3937.37,0.48,41.45,777.15
CUST00172,25396.3,9672.25,4,10,2024-03-27,2025-04-11,380,12.48,6349.08,0.32,38.09,775.02
CUST00287,34060.29,12235.23,4,14,2024-02-11,2025-06-06,481,15.8,8515.07,0.25,35.92,774.38
CUST00092,29673.53,5848.6,3,10,2024-07-28,2025-03-15,230,7.56,9891.18,0.4,19.71,773.62
CUST00133,25007.3,8781.55,3,11,2024-02-08,2025-01-20,347,11.4,8335.77,0.26,35.12,770.31
CUST00855,21405.3,6952.27,3,7,2024-01-02,2024-10-03,275,9.03,7135.1,0.33,32.48,769.91
CUST00054,23347.82,7522.05,3,7,2024-07-16,2025-05-10,298,9.79,7782.61,0.31,32.22,768.34
CUST00795,22592.29,5573.33,2,3,2024-04-02,2024-11-09,221,7.26,11296.14,0.28,24.67,767.68
CUST00613,18030.62,5314.31,2,6,2024-08-12,2025-03-11,211,6.93,9015.31,0.29,29.47,766.86
CUST01055,13359.81,4131.52,3,6,2024-01-07,2024-06-19,164,5.39,4453.27,0.56,30.92,766.52
CUST00294,12544.14,2742.96,3,10,2024-06-14,2024-10-01,109,3.58,4181.38,0.84,21.87,766.19
CUST01404,2467.48,764.05,1,1,2025-05-29,2025-05-29,0,0.0,2467.48,1.0,30.96,764.05
CUST01122,25145.87,9689.48,4,7,2024-02-27,2025-03-20,387,12.71,6286.47,0.31,38.53,762.35
CUST00773,27177.69,9888.53,5,10,2024-02-19,2025-03-22,397,13.04,5435.54,0.38,36.38,758.32
CUST00759,18285.32,4702.37,3,10,2024-10-27,2025-05-04,189,6.21,6095.11,0.48,25.72,757.23
CUST00043,37032.71,7813.4,2,8,2024-08-03,2025-06-13,314,10.32,18516.36,0.19,21.1,757.11
CUST00554,23053.08,7636.95,4,9,2024-07-28,2025-05-31,307,10.09,5763.27,0.4,33.13,756.88
CUST00466,18594.35,5820.34,3,11,2024-06-10,2025-01-30,234,7.69,6198.12,0.39,31.3,756.87
CUST00125,23006.85,9410.58,3,8,2024-01-06,2025-01-19,379,12.45,7668.95,0.24,40.9,755.87
CUST00625,3402.25,754.73,1,3,2024-11-07,2024-11-07,0,0.0,3402.25,1.0,22.18,754.73
CUST00078,11394.57,2363.4,2,2,2024-03-11,2024-06-15,96,3.15,5697.28,0.63,20.74,750.29
CUST01351,14928.78,2980.44,2,6,2024-02-27,2024-06-27,121,3.98,7464.39,0.5,19.96,748.85
CUST00364,28922.96,9509.94,5,17,2024-01-02,2025-01-23,387,12.71,5784.59,0.39,32.88,748.23
CUST00235,57279.49,12599.43,5,14,2024-01-14,2025-06-11,514,16.89,11455.9,0.3,22.0,745.97
CUST00026,2126.1,743.91,1,1,2024-04-04,2024-04-04,0,0.0,2126.1,1.0,34.99,743.91
CUST00696,21835.0,8824.46,2,7,2024-03-12,2025-03-09,362,11.89,10917.5,0.17,40.41,742.17
CUST00560,27949.11,8531.82,3,9,2024-02-05,2025-01-20,350,11.5,9316.37,0.26,30.53,741.9
CUST00817,2892.62,740.58,1,3,2025-01-28,2025-01-28,0,0.0,2892.62,1.0,25.6,740.58
CUST01424,9273.71,3253.07,3,6,2024-05-23,2024-10-04,134,4.4,3091.24,0.68,35.08,739.33
CUST01301,21573.91,7089.65,3,7,2024-01-11,2024-10-29,292,9.59,7191.3,0.31,32.86,739.28
CUST00952,18983.38,6187.34,2,5,2024-09-28,2025-06-11,256,8.41,9491.69,0.24,32.59,735.71
CUST00780,24947.39,8378.83,3,11,2024-05-23,2025-05-07,349,11.47,8315.8,0.26,33.59,730.5
CUST01565,26253.91,7612.97,2,3,2024-07-31,2025-06-15,319,10.48,13126.96,0.19,29.0,726.43
CUST01271,30465.38,7242.18,2,6,2024-08-16,2025-06-16,304,9.99,15232.69,0.2,23.77,724.94
CUST01336,12810.6,2991.34,2,6,2024-02-11,2024-06-16,126,4.14,6405.3,0.48,23.35,722.55
CUST00928,38262.81,7807.72,3,13,2024-03-28,2025-02-20,329,10.81,12754.27,0.28,20.41,722.27
CUST00206,11166.83,2890.09,4,12,2025-02-27,2025-06-29,122,4.01,2791.71,1.0,25.88,720.72
CUST00112,19137.61,7101.26,3,10,2024-05-25,2025-03-21,300,9.86,6379.2,0.3,37.11,720.21
CUST01080,33402.3,10498.87,4,9,2024-01-18,2025-04-08,446,14.65,8350.58,0.27,31.43,716.65
CUST01449,13943.46,4235.86,2,2,2024-12-13,2025-06-12,181,5.95,6971.73,0.34,30.38,711.91
CUST01560,27688.3,6335.98,3,9,2024-04-24,2025-01-20,271,8.9,9229.43,0.34,22.88,711.91
CUST01455,45123.33,9942.82,3,10,2024-04-08,2025-06-09,427,14.03,15041.11,0.21,22.03,708.68
CUST00993,2330.56,705.26,1,1,2025-03-07,2025-03-07,0,0.0,2330.56,1.0,30.26,705.26
CUST01508,15799.6,6824.84,2,4,2024-04-06,2025-01-26,295,9.69,7899.8,0.21,43.2,704.32
CUST01405,15357.18,5270.23,2,9,2024-10-02,2025-05-18,228,7.49,7678.59,0.27,34.32,703.64
CUST00594,3663.11,701.52,1,1,2024-11-28,2024-11-28,0,0.0,3663.11,1.0,19.15,701.52
CUST01524,27085.48,6912.76,2,8,2024-07-12,2025-05-08,300,9.86,13542.74,0.2,25.52,701.09
CUST00727,23648.26,7131.47,4,9,2024-02-13,2024-12-19,310,10.18,5912.06,0.39,30.16,700.54
CUST01501,35062.56,10341.85,7,13,2024-03-08,2025-06-01,450,14.78,5008.94,0.47,29.5,699.72
CUST00180,19155.29,4344.94,2,6,2024-06-04,2024-12-10,189,6.21,9577.64,0.32,22.68,699.67
CUST01188,17601.52,5625.73,4,13,2024-05-31,2025-02-01,246,8.08,4400.38,0.5,31.96,696.25
CUST00657,27381.88,11793.04,3,9,2024-01-17,2025-06-17,517,16.98,9127.29,0.18,43.07,694.53
CUST00276,33974.56,6687.76,2,8,2024-03-28,2025-01-16,294,9.66,16987.28,0.21,19.68,692.31
CUST00991,25971.4,6001.08,2,5,2024-05-31,2025-02-19,264,8.67,12985.7,0.23,23.11,692.17
CUST01090,3141.76,691.39,1,1,2024-05-14,2024-05-14,0,0.0,3141.76,1.0,22.01,691.39
CUST00354,27307.01,9237.32,4,12,2024-01-09,2025-02-19,407,13.37,6826.75,0.3,33.83,690.9
CUST01468,25303.25,8255.19,3,5,2024-02-17,2025-02-16,365,11.99,8434.42,0.25,32.63,688.51
CUST00191,18476.3,8164.53,2,4,2024-06-05,2025-06-01,361,11.86,9238.15,0.17,44.19,688.41
CUST00961,20757.08,6203.01,2,5,2024-06-01,2025-03-03,275,9.03,10378.54,0.22,29.88,686.93
CUST00907,17425.88,5229.96,2,5,2024-07-14,2025-03-03,232,7.62,8712.94,0.26,30.01,686.35
CUST00538,30834.27,10261.31,4,13,2024-03-20,2025-06-19,456,14.98,7708.57,0.27,33.28,685.0
CUST01270,22471.29,6180.58,5,15,2024-09-15,2025-06-17,275,9.03,4494.26,0.55,27.5,684.45
CUST01436,30847.98,9628.05,5,13,2024-01-08,2025-03-12,429,14.09,6169.6,0.35,31.21,683.33
CUST01348,23044.6,5472.37,3,6,2024-05-07,2025-01-06,244,8.02,7681.53,0.37,23.75,682.34
CUST01386,27013.11,7365.23,2,7,2024-02-21,2025-01-18,332,10.91,13506.56,0.18,27.27,675.09
CUST01598,2380.42,673.92,1,1,2024-11-05,2024-11-05,0,0.0,2380.42,1.0,28.31,673.92
CUST01210,50057.62,10007.41,3,8,2024-02-04,2025-05-01,452,14.85,16685.87,0.2,19.99,673.9
CUST01518,13376.53,4582.09,3,9,2024-07-31,2025-02-24,208,6.83,4458.84,0.44,34.25,670.88
CUST00698,34836.3,10199.98,4,15,2024-02-20,2025-05-28,463,15.21,8709.08,0.26,29.28,670.61
CUST00331,22694.18,7040.1,2,7,2024-05-22,2025-04-09,322,10.58,11347.09,0.19,31.02,665.42
CUST00407,24759.42,9030.3,3,5,2024-05-10,2025-06-29,415,13.63,8253.14,0.22,36.47,662.53
CUST00369,22824.64,6028.68,2,8,2024-09-15,2025-06-19,277,9.1,11412.32,0.22,26.41,662.49
CUST00828,29470.52,11322.53,4,10,2024-01-19,2025-06-27,525,17.25,7367.63,0.23,38.42,656.38
CUST00612,35214.94,8037.77,2,5,2024-02-23,2025-03-02,373,12.25,17607.47,0.16,22.82,656.14
CUST00056,22106.41,6828.33,3,7,2024-04-30,2025-03-14,318,10.45,7368.8,0.29,30.89,653.43
CUST00659,35340.09,9112.75,5,16,2024-01-21,2025-03-22,426,13.99,7068.02,0.36,25.79,651.38
CUST00997,39086.45,8153.67,2,6,2024-01-17,2025-02-01,381,12.52,19543.22,0.16,20.86,651.25
CUST00351,1799.56,650.41,1,2,2024-03-20,2024-03-20,0,0.0,1799.56,1.0,36.14,650.41
CUST01157,22842.3,8406.63,5,15,2024-05-27,2025-06-25,394,12.94,4568.46,0.39,36.8,649.66
CUST01354,2438.73,848.52,2,5,2025-04-16,2025-05-26,40,1.31,1219.36,1.53,34.79,647.73
CUST00840,2997.32,645.8,1,3,2024-03-12,2024-03-12,0,0.0,2997.32,1.0,21.55,645.8
CUST00210,26536.58,8398.62,2,6,2024-03-18,2025-04-18,396,13.01,13268.29,0.15,31.65,645.55
CUST00742,39320.06,7301.03,2,9,2024-02-11,2025-01-21,345,11.33,19660.03,0.18,18.57,644.4
CUST00801,21031.95,6529.25,4,11,2024-07-20,2025-05-27,311,10.22,5257.99,0.39,31.04,638.87
CUST00289,3788.07,633.55,1,2,2024-10-05,2024-10-05,0,0.0,3788.07,1.0,16.72,633.55
CUST00704,36589.64,8017.92,4,12,2024-04-15,2025-05-06,386,12.68,9147.41,0.32,21.91,632.33
CUST00182,9659.63,2424.74,2,4,2025-01-15,2025-05-12,117,3.84,4829.82,0.52,25.1,631.44
CUST01358,15054.38,4931.19,3,4,2024-04-14,2024-12-08,238,7.82,5018.13,0.38,32.76,630.59
CUST01239,8687.89,3252.66,2,8,2024-07-03,2024-12-07,157,5.16,4343.94,0.39,37.44,630.36
CUST00969,21183.86,3701.85,2,5,2024-05-03,2024-10-29,179,5.88,10591.93,0.34,17.47,629.57
CUST00321,29711.21,8254.3,4,9,2024-02-18,2025-03-24,400,13.14,7427.8,0.3,27.78,628.18
CUST00755,41202.66,10110.22,5,15,2024-01-06,2025-05-10,490,16.1,8240.53,0.31,24.54,627.96
CUST00475,21974.24,4095.6,2,4,2024-03-23,2024-10-08,199,6.54,10987.12,0.31,18.64,626.24
CUST01356,3358.67,623.07,1,1,2024-06-05,2024-06-05,0,0.0,3358.67,1.0,18.55,623.07
CUST00666,22941.09,8901.67,4,13,2024-01-13,2025-03-27,439,14.42,5735.27,0.28,38.8,617.31
CUST00477,1406.88,617.2,1,2,2024-05-07,2024-05-07,0,0.0,1406.88,1.0,43.87,617.2
CUST00503,5960.71,1844.63,2,7,2024-11-21,2025-02-20,91,2.99,2980.36,0.67,30.95,616.93
CUST01439,12995.43,5509.4,3,8,2024-01-30,2024-10-28,272,8.94,4331.81,0.34,42.39,616.26
CUST00158,25413.64,7558.53,4,8,2024-01-09,2025-01-17,374,12.29,6353.41,0.33,29.74,615.01
CUST01204,12001.82,3407.79,2,5,2024-02-29,2024-08-17,170,5.58,6000.91,0.36,28.39,610.72
CUST01104,26417.62,8521.75,4,6,2024-04-27,2025-06-27,426,13.99,6604.4,0.29,32.26,609.13
CUST00018,23285.08,7905.26,3,4,2024-04-12,2025-05-14,397,13.04,7761.69,0.23,33.95,606.23
CUST00431,25486.18,8187.49,2,4,2024-04-19,2025-06-08,415,13.63,12743.09,0.15,32.13,600.7
CUST00717,13951.85,6095.59,2,8,2024-07-02,2025-05-09,311,10.22,6975.92,0.2,43.69,596.44
CUST01248,2891.03,592.04,1,1,2025-01-04,2025-01-04,0,0.0,2891.03,1.0,20.48,592.04
CUST01202,2441.14,589.4,1,1,2024-02-22,2024-02-22,0,0.0,2441.14,1.0,24.14,589.4
CUST00285,2683.84,588.84,1,1,2025-06-11,2025-06-11,0,0.0,2683.84,1.0,21.94,588.84
CUST00771,33683.45,8621.2,3,10,2024-01-21,2025-04-11,446,14.65,11227.82,0.2,25.59,588.48
CUST00901,31664.86,8434.57,3,8,2024-02-24,2025-05-06,437,14.36,10554.95,0.21,26.64,587.37
CUST00871,35240.27,6610.52,4,8,2024-04-03,2025-03-12,343,11.27,8810.07,0.35,18.76,586.56
CUST01224,34610.18,10000.07,5,13,2024-01-11,2025-06-13,519,17.05,6922.04,0.29,28.89,586.51
CUST00977,26696.58,7321.64,4,9,2024-01-16,2025-02-01,382,12.55,6674.14,0.32,27.43,583.4
CUST00984,16347.17,5282.45,3,9,2024-02-27,2024-11-30,277,9.1,5449.06,0.33,32.31,580.49
CUST00300,21248.8,7429.48,3,6,2024-04-05,2025-04-30,390,12.81,7082.93,0.23,34.96,579.98
CUST00313,34398.83,7265.3,2,6,2024-05-07,2025-05-25,383,12.58,17199.42,0.16,21.12,577.53
CUST00401,1867.16,575.31,1,2,2024-06-08,2024-06-08,0,0.0,1867.16,1.0,30.81,575.31
CUST00086,10764.58,3371.06,2,6,2024-03-21,2024-09-16,179,5.88,5382.29,0.34,31.32,573.31
CUST01317,5561.08,1971.86,2,3,2024-06-23,2024-10-06,105,3.45,2780.54,0.58,35.46,571.55
CUST01538,9932.59,4461.21,2,2,2024-04-26,2024-12-21,239,7.85,4966.3,0.25,44.91,568.31
CUST01577,20220.79,7815.7,3,5,2024-02-27,2025-04-23,421,13.83,6740.26,0.22,38.65,565.13
CUST01235,34277.8,7659.51,4,10,2024-02-12,2025-04-01,414,13.6,8569.45,0.29,22.35,563.2
CUST00915,13928.9,4775.41,2,7,2024-04-06,2024-12-22,260,8.54,6964.45,0.23,34.28,559.18
CUST01189,5900.68,1943.26,2,3,2025-02-14,2025-05-31,106,3.48,2950.34,0.57,32.93,558.41
CUST00542,2633.38,557.36,1,2,2024-06-27,2024-06-27,0,0.0,2633.38,1.0,21.17,557.36
CUST00033,1966.24,556.74,1,1,2025-01-05,2025-01-05,0,0.0,1966.24,1.0,28.31,556.74
CUST00394,10850.24,4595.63,2,4,2024-01-03,2024-09-11,252,8.28,5425.12,0.24,42.36,555.03
CUST01277,25029.96,8640.95,2,8,2024-01-28,2025-05-17,475,15.6,12514.98,0.13,34.52,553.91
CUST01255,17835.14,7366.45,2,8,2024-01-28,2025-03-10,407,13.37,8917.57,0.15,41.3,550.97
CUST00988,28771.58,8139.7,3,8,2024-03-02,2025-05-26,450,14.78,9590.53,0.2,28.29,550.72
CUST00327,18478.98,4736.56,3,5,2024-10-05,2025-06-25,263,8.64,6159.66,0.35,25.63,548.21
CUST01179,13255.17,4812.1,2,7,2024-02-07,2024-11-02,269,8.84,6627.58,0.23,36.3,544.36
CUST00306,19741.9,6259.96,3,7,2024-06-24,2025-06-09,350,11.5,6580.63,0.26,31.71,544.34
CUST00723,1127.83,537.81,1,1,2024-05-08,2024-05-08,0,0.0,1127.83,1.0,47.69,537.81
CUST00462,12781.0,3525.98,3,7,2024-04-06,2024-10-24,201,6.6,4260.33,0.45,27.59,534.24
CUST00428,22542.06,6664.35,5,14,2024-02-08,2025-02-23,381,12.52,4508.41,0.4,29.56,532.3
CUST00536,22440.94,6376.39,4,11,2024-05-23,2025-05-25,367,12.06,5610.24,0.33,28.41,528.72
CUST00534,2158.27,527.52,1,1,2024-03-09,2024-03-09,0,0.0,2158.27,1.0,24.44,527.52
CUST00223,4121.37,1592.73,2,5,2024-05-21,2024-08-21,92,3.02,2060.68,0.66,38.65,527.39
CUST01282,2759.79,524.94,1,5,2025-01-04,2025-01-04,0,0.0,2759.79,1.0,19.02,524.94
CUST01511,13261.61,3108.36,2,5,2024-07-03,2024-12-31,181,5.95,6630.8,0.34,23.44,522.41
CUST00356,19131.38,5314.32,2,5,2024-04-07,2025-02-12,311,10.22,9565.69,0.2,27.78,519.99
CUST00318,12649.92,4061.48,2,8,2024-10-28,2025-06-23,238,7.82,6324.96,0.26,32.11,519.37
CUST00639,19142.53,4072.2,3,9,2024-10-22,2025-06-18,239,7.85,6380.84,0.38,21.27,518.75
CUST01229,5059.34,1967.46,3,6,2024-05-21,2024-09-14,116,3.81,1686.45,0.79,38.89,516.39
CUST01306,29700.44,8868.97,3,12,2024-01-15,2025-06-23,525,17.25,9900.15,0.17,29.86,514.14
CUST00016,14083.84,5739.86,3,13,2024-05-12,2025-04-17,340,11.17,4694.61,0.27,40.75,513.86
CUST00165,26993.59,6818.34,4,9,2024-05-08,2025-06-16,404,13.27,6748.4,0.3,25.26,513.82
CUST00591,33377.79,7892.71,5,8,2024-03-17,2025-06-30,470,15.44,6675.56,0.32,23.65,511.19
CUST00533,1101.44,505.96,1,1,2025-02-21,2025-02-21,0,0.0,1101.44,1.0,45.94,505.96
CUST01198,23593.57,7017.14,4,9,2024-03-06,2025-05-03,423,13.9,5898.39,0.29,29.74,504.83
CUST00330,2311.87,500.83,1,1,2025-01-26,2025-01-26,0,0.0,2311.87,1.0,21.66,500.83
CUST00559,20156.68,7183.49,5,9,2024-01-07,2025-03-19,437,14.36,4031.34,0.35,35.64,500.24
CUST01022,13848.8,4129.04,2,8,2024-08-07,2025-04-17,253,8.31,6924.4,0.24,29.82,496.88
CUST00495,37120.06,7674.75,4,9,2024-02-14,2025-06-04,476,15.64,9280.02,0.26,20.68,490.71
CUST00063,11637.95,5356.88,2,5,2024-01-05,2024-12-03,333,10.94,5818.98,0.18,46.03,489.66
CUST01450,1586.37,483.46,1,1,2025-01-20,2025-01-20,0,0.0,1586.37,1.0,30.48,483.46
CUST00731,21277.67,6121.91,5,11,2024-04-23,2025-05-14,386,12.68,4255.53,0.39,28.77,482.8
CUST01276,10951.06,3596.19,3,8,2024-03-12,2024-10-25,227,7.46,3650.35,0.4,32.84,482.06
CUST01347,1499.23,482.04,1,1,2024-07-06,2024-07-06,0,0.0,1499.23,1.0,32.15,482.04
CUST01012,31273.46,7991.73,3,7,2024-01-18,2025-06-06,505,16.59,10424.49,0.18,25.55,481.72
CUST00720,33062.36,7224.98,3,7,2024-03-12,2025-06-12,457,15.01,11020.79,0.2,21.85,481.34
CUST01134,8120.28,2096.67,2,4,2024-12-01,2025-04-13,133,4.37,4060.14,0.46,25.82,479.79
CUST01344,1839.1,478.42,1,3,2025-03-25,2025-03-25,0,0.0,1839.1,1.0,26.01,478.42
CUST00565,16175.47,3677.89,4,10,2024-01-02,2024-08-23,234,7.69,4043.87,0.52,22.74,478.27
CUST00770,21021.74,6277.12,3,9,2024-04-06,2025-05-14,403,13.24,7007.25,0.23,29.86,474.1
CUST00476,17180.13,4003.08,2,6,2024-03-10,2024-11-24,259,8.51,8590.06,0.24,23.3,470.4
CUST01186,13840.75,3299.13,2,6,2024-01-31,2024-09-04,217,7.13,6920.38,0.28,23.84,462.71
CUST00441,18757.76,6578.33,4,11,2024-02-14,2025-04-23,434,14.26,4689.44,0.28,35.07,461.31
CUST00088,11157.23,2757.59,2,3,2024-01-26,2024-07-28,184,6.04,5578.62,0.33,24.72,456.55
CUST01086,1488.77,455.52,1,4,2024-02-21,2024-02-21,0,0.0,1488.77,1.0,30.6,455.52
CUST00460,22004.26,6498.85,2,7,2024-04-09,2025-06-18,435,14.29,11002.13,0.14,29.53,454.78
CUST01227,22023.66,6103.72,4,9,2024-03-30,2025-05-15,411,13.5,5505.92,0.3,27.71,452.13
CUST00563,17022.95,2976.51,2,6,2024-10-12,2025-05-01,201,6.6,8511.48,0.3,17.49,450.99
CUST00680,14272.75,4297.18,3,9,2024-01-15,2024-11-03,293,9.63,4757.58,0.31,30.11,446.23
CUST00359,13345.76,3510.49,3,4,2024-04-01,2024-11-27,240,7.88,4448.59,0.38,26.3,445.49
CUST00729,7067.75,2169.42,2,7,2024-03-26,2024-08-22,149,4.89,3533.88,0.41,30.69,443.64
CUST00328,17754.97,6188.09,4,10,2024-04-07,2025-06-12,431,14.16,4438.74,0.28,34.85,437.01
CUST01590,2284.76,434.47,1,4,2024-12-24,2024-12-24,0,0.0,2284.76,1.0,19.02,434.47
CUST01260,33194.07,6178.4,3,8,2024-02-04,2025-04-25,446,14.65,11064.69,0.2,18.61,421.73
CUST01555,1302.37,419.9,1,1,2024-05-13,2024-05-13,0,0.0,1302.37,1.0,32.24,419.9
CUST00499,1888.98,417.46,1,1,2024-03-10,2024-03-10,0,0.0,1888.98,1.0,22.1,417.46
CUST01567,15953.41,3497.52,2,5,2024-03-19,2024-11-29,255,8.38,7976.7,0.24,21.92,417.37
CUST01002,26755.1,5374.31,3,9,2024-02-23,2025-03-24,395,12.98,8918.37,0.23,20.09,414.05
CUST00909,23253.25,6499.64,3,11,2024-01-27,2025-05-27,486,15.97,7751.08,0.19,27.95,406.99
CUST00155,16688.0,5197.46,2,5,2024-02-20,2025-03-17,391,12.84,8344.0,0.16,31.14,404.79
CUST01479,1514.63,398.56,1,3,2024-09-27,2024-09-27,0,0.0,1514.63,1.0,26.31,398.56
CUST00277,11165.66,2521.55,2,4,2024-01-02,2024-07-13,193,6.34,5582.83,0.32,22.58,397.72
CUST01409,23857.94,4444.83,2,5,2024-04-16,2025-03-26,344,11.3,11928.97,0.18,18.63,393.35
CUST01106,14117.22,5466.49,3,8,2024-01-24,2025-03-22,423,13.9,4705.74,0.22,38.72,393.27
CUST00645,15627.46,3385.96,3,5,2024-03-14,2024-12-01,262,8.61,5209.15,0.35,21.67,393.26
CUST00437,9543.21,3553.96,3,10,2024-07-20,2025-04-24,278,9.13,3181.07,0.33,37.24,389.26
CUST01010,10371.01,3224.43,2,7,2024-07-30,2025-04-10,254,8.34,5185.5,0.24,31.09,386.62
CUST01035,13200.83,3117.79,2,7,2024-01-03,2024-09-06,247,8.11,6600.42,0.25,23.62,384.44
CUST01128,1645.2,380.79,1,1,2024-07-19,2024-07-19,0,0.0,1645.2,1.0,23.15,380.79
CUST01552,11161.29,2814.91,2,6,2024-09-20,2025-05-04,226,7.42,5580.64,0.27,25.22,379.37
CUST01365,12752.09,5604.79,2,6,2024-03-14,2025-06-11,454,14.91,6376.04,0.13,43.95,375.91
CUST01480,18668.89,5137.91,2,7,2024-03-02,2025-04-22,416,13.67,9334.44,0.15,27.52,375.85
CUST00224,15174.35,3809.54,2,6,2024-02-14,2024-12-19,309,10.15,7587.18,0.2,25.11,375.32
CUST01586,15119.92,3462.28,2,4,2024-08-09,2025-05-17,281,9.23,7559.96,0.22,22.9,375.11
CUST00329,10004.23,2409.65,3,9,2024-10-20,2025-05-06,198,6.5,3334.74,0.46,24.09,370.72
CUST00510,8229.86,2616.81,3,9,2024-09-21,2025-04-26,217,7.13,2743.29,0.42,31.8,367.01
CUST00463,14422.44,5653.95,2,9,2024-01-29,2025-05-26,483,15.87,7211.22,0.13,39.2,356.27
CUST00225,1329.37,354.64,1,1,2024-09-06,2024-09-06,0,0.0,1329.37,1.0,26.68,354.64
CUST01117,13070.36,3539.85,2,5,2024-06-24,2025-04-27,307,10.09,6535.18,0.2,27.08,350.83
CUST00322,7200.19,3050.09,2,5,2024-02-03,2024-10-25,265,8.71,3600.1,0.23,42.36,350.18
CUST00931,1228.09,349.8,1,2,2024-04-24,2024-04-24,0,0.0,1228.09,1.0,28.48,349.8
CUST00960,17198.19,3287.16,2,7,2024-09-08,2025-06-21,286,9.4,8599.09,0.21,19.11,349.7
CUST00468,13276.13,4849.97,4,10,2024-01-09,2025-03-07,423,13.9,3319.03,0.29,36.53,348.92
CUST00567,11952.49,4204.04,3,7,2024-05-05,2025-05-11,371,12.19,3984.16,0.25,35.17,344.88
CUST00564,1020.21,343.0,1,1,2025-03-05,2025-03-05,0,0.0,1020.21,1.0,33.62,343.0
CUST00743,768.8,342.84,1,1,2024-04-02,2024-04-02,0,0.0,768.8,1.0,44.59,342.84
CUST00813,12573.55,4589.36,2,3,2024-01-20,2025-03-09,414,13.6,6286.78,0.15,36.5,337.45
CUST00413,10862.63,4035.32,2,3,2024-02-25,2025-02-23,364,11.96,5431.32,0.17,37.15,337.4
CUST01059,3867.06,1060.77,3,4,2024-06-28,2024-10-02,96,3.15,1289.02,0.95,27.43,336.75
CUST01211,21315.47,3971.56,3,4,2024-03-26,2025-03-23,362,11.89,7105.16,0.25,18.63,334.03
CUST01343,4909.45,1803.43,2,3,2024-04-07,2024-09-20,166,5.45,2454.72,0.37,36.73,330.9
CUST01325,1294.12,328.21,1,2,2024-02-22,2024-02-22,0,0.0,1294.12,1.0,25.36,328.21
CUST00869,13111.29,3539.48,2,7,2024-06-26,2025-05-21,329,10.81,6555.64,0.19,27.0,327.43
CUST00094,12283.44,3935.12,2,4,2024-05-17,2025-05-18,366,12.02,6141.72,0.17,32.04,327.38
CUST00886,27170.38,5308.28,3,7,2024-01-08,2025-05-22,500,16.43,9056.79,0.18,19.54,323.08
CUST00072,11389.94,2197.95,3,7,2024-01-25,2024-08-22,210,6.9,3796.65,0.43,19.3,318.54
CUST01112,10556.83,3927.93,2,5,2024-06-17,2025-06-28,376,12.35,5278.42,0.16,37.21,318.05
CUST00214,15195.08,4107.73,2,3,2024-04-19,2025-05-26,402,13.21,7597.54,0.15,27.03,310.96
CUST00301,18178.1,4701.53,4,7,2024-01-27,2025-05-06,465,15.28,4544.52,0.26,25.86,307.69
CUST01318,12097.25,4754.33,3,9,2024-01-10,2025-04-26,472,15.51,4032.42,0.19,39.3,306.53
CUST00596,5682.04,1832.35,2,5,2024-05-20,2024-11-20,184,6.04,2841.02,0.33,32.25,303.37
CUST01593,6927.17,1634.92,3,3,2024-04-10,2024-09-25,168,5.52,2309.06,0.54,23.6,296.18
CUST01250,13721.91,3800.34,3,8,2024-03-30,2025-04-25,391,12.84,4573.97,0.23,27.7,295.98
CUST00944,19571.7,3704.05,3,6,2024-03-17,2025-04-02,381,12.52,6523.9,0.24,18.93,295.85
CUST00397,1470.62,288.11,1,1,2024-09-27,2024-09-27,0,0.0,1470.62,1.0,19.59,288.11
CUST01540,4969.4,1729.37,2,5,2024-03-22,2024-09-22,184,6.04,2484.7,0.33,34.8,286.32
CUST00258,12545.76,3841.05,2,5,2024-04-02,2025-05-16,409,13.44,6272.88,0.15,30.62,285.79
CUST00237,11389.65,3790.79,2,4,2024-03-26,2025-05-04,404,13.27,5694.83,0.15,33.28,285.67
CUST00911,12237.24,3250.47,2,3,2024-05-29,2025-05-12,348,11.43,6118.62,0.17,26.56,284.38
CUST00672,1061.45,281.17,1,1,2024-11-28,2024-11-28,0,0.0,1061.45,1.0,26.49,281.17
CUST00634,5771.97,1456.79,2,6,2024-12-07,2025-05-14,158,5.19,2885.98,0.39,25.24,280.69
CUST00058,13649.29,4377.64,3,11,2024-03-01,2025-06-20,476,15.64,4549.76,0.19,32.07,279.9
CUST00280,3143.3,1319.01,2,9,2024-09-19,2025-02-10,144,4.73,1571.65,0.42,41.96,278.86
CUST00874,10400.68,1976.04,2,9,2024-11-25,2025-06-29,216,7.1,5200.34,0.28,19.0,278.32
CUST01350,10645.17,3949.58,3,6,2024-04-11,2025-06-19,434,14.26,3548.39,0.21,37.1,276.97
CUST00775,8309.3,2581.87,2,4,2024-03-28,2025-01-14,292,9.59,4154.65,0.21,31.07,269.23
CUST00818,1287.11,266.61,1,4,2024-05-04,2024-05-04,0,0.0,1287.11,1.0,20.71,266.61
CUST00424,1387.09,266.2,1,1,2024-04-21,2024-04-21,0,0.0,1387.09,1.0,19.19,266.2
CUST00647,1321.73,265.78,1,1,2025-03-14,2025-03-14,0,0.0,1321.73,1.0,20.11,265.78
CUST01116,7176.18,1644.5,3,8,2024-09-09,2025-03-19,191,6.27,2392.06,0.48,22.92,262.28
CUST01076,6615.99,2319.76,2,4,2024-03-26,2024-12-25,274,9.0,3308.0,0.22,35.06,257.75
CUST00022,611.13,257.13,1,1,2024-11-25,2024-11-25,0,0.0,611.13,1.0,42.07,257.13
CUST00989,9749.33,2975.76,2,4,2024-03-06,2025-02-27,358,11.76,4874.66,0.17,30.52,253.04
CUST00371,12812.53,2955.25,2,7,2024-01-04,2024-12-25,356,11.7,6406.26,0.17,23.07,252.59
CUST00159,1281.0,252.48,1,1,2024-03-25,2024-03-25,0,0.0,1281.0,1.0,19.71,252.48
CUST01266,9271.65,3448.87,3,9,2024-03-21,2025-05-16,421,13.83,3090.55,0.22,37.2,249.38
CUST00350,4502.46,1419.73,2,2,2024-03-22,2024-09-14,176,5.78,2251.23,0.35,31.53,245.63
CUST00750,5809.53,1609.94,2,5,2024-04-20,2024-11-06,200,6.57,2904.76,0.3,27.71,245.04
CUST00123,15839.79,3461.38,2,7,2024-04-13,2025-06-20,433,14.22,7919.9,0.14,21.85,243.42
CUST01391,8176.74,1378.79,3,7,2024-09-24,2025-03-16,173,5.68,2725.58,0.53,16.86,242.74
CUST00307,6505.21,1976.31,2,5,2024-10-03,2025-06-13,253,8.31,3252.6,0.24,30.38,237.82
CUST01427,22900.59,4110.26,2,6,2024-01-13,2025-06-24,528,17.35,11450.3,0.12,17.95,236.9
CUST00141,1042.49,229.48,1,1,2025-02-26,2025-02-26,0,0.0,1042.49,1.0,22.01,229.48
CUST00217,19844.46,3604.57,3,8,2024-01-18,2025-05-14,482,15.83,6614.82,0.19,18.16,227.7
CUST00945,4674.06,1847.25,2,6,2024-10-19,2025-06-29,253,8.31,2337.03,0.24,39.52,222.29
CUST00806,9952.26,2340.92,2,7,2024-06-05,2025-04-24,323,10.61,4976.13,0.19,23.52,220.63
CUST00687,7300.71,2940.45,2,6,2024-04-24,2025-06-16,418,13.73,3650.36,0.15,40.28,214.16
CUST01161,8370.5,1907.48,2,3,2024-07-27,2025-04-29,276,9.07,4185.25,0.22,22.79,210.31
CUST00011,10257.93,2650.84,3,6,2024-03-07,2025-03-26,384,12.61,3419.31,0.24,25.84,210.22
CUST00957,9788.05,2999.47,3,7,2024-04-13,2025-06-27,440,14.45,3262.68,0.21,30.64,207.58
CUST00651,4107.8,1774.43,2,6,2024-07-18,2025-04-08,264,8.67,2053.9,0.23,43.2,204.66
CUST01346,907.74,199.91,1,1,2024-02-22,2024-02-22,0,0.0,907.74,1.0,22.02,199.91
CUST00706,7217.74,3055.51,2,7,2024-01-04,2025-04-27,479,15.74,3608.87,0.13,42.33,194.12
CUST01532,7126.65,2487.4,3,5,2024-03-02,2025-03-30,393,12.91,2375.55,0.23,34.9,192.67
CUST00580,8102.25,3270.13,2,6,2024-01-13,2025-06-20,524,17.21,4051.12,0.12,40.36,190.01
CUST01300,9797.59,3010.89,3,5,2024-01-30,2025-06-01,488,16.03,3265.86,0.19,30.73,187.83
CUST00002,8886.97,2668.52,2,5,2024-02-07,2025-04-29,447,14.68,4443.48,0.14,30.03,181.78
CUST00493,665.91,177.18,1,1,2025-04-09,2025-04-09,0,0.0,665.91,1.0,26.61,177.18
CUST00983,685.5,169.72,1,1,2024-10-19,2024-10-19,0,0.0,685.5,1.0,24.76,169.72
CUST01178,11194.03,2011.15,2,7,2024-04-05,2025-04-01,361,11.86,5597.02,0.17,17.97,169.57
CUST01155,9178.15,2024.34,2,6,2024-02-06,2025-04-09,428,14.06,4589.08,0.14,22.06,143.98
CUST00573,6759.12,2013.19,2,7,2024-01-20,2025-03-27,432,14.19,3379.56,0.14,29.78,141.87
CUST00870,824.42,141.73,1,3,2025-01-07,2025-01-07,0,0.0,824.42,1.0,17.19,141.73
CUST00537,715.48,140.24,1,1,2025-05-31,2025-05-31,0,0.0,715.48,1.0,19.6,140.24
CUST01303,7873.02,1588.88,2,4,2024-03-26,2025-05-19,419,13.76,3936.51,0.15,20.18,115.47
CUST00507,574.34,109.43,1,1,2024-03-01,2024-03-01,0,0.0,574.34,1.0,19.05,109.43
CUST00902,482.62,108.13,1,1,2024-07-13,2024-07-13,0,0.0,482.62,1.0,22.4,108.13
CUST00081,637.0,102.75,1,1,2024-03-07,2024-03-07,0,0.0,637.0,1.0,16.13,102.75
CUST01089,3289.06,903.16,2,3,2024-06-11,2025-05-31,354,11.63,1644.53,0.17,27.46,77.66
CUST00204,3281.57,676.92,2,3,2024-05-24,2025-05-20,361,11.86,1640.78,0.17,20.63,57.08
